{"acc": [0.28742516040802], "simple_val_acc": [0.5096302853967163]}