{"positive_scores": [83.34389692544937, 190.1934963464737, 232.0723706483841, 279.7394013404846, 322.65834760665894, 350.89581203460693, 356.2227590084076, 377.384174823761, 379.5797927379608, 380.78498816490173, 366.5686595439911, 374.13944458961487, 364.3161840438843, 363.70457005500793, 358.250688791275, 359.63618063926697, 351.8145134449005, 350.346302986145, 355.2782518863678, 353.60396361351013, 349.45905685424805, 347.1957702636719, 348.0993127822876, 349.42618799209595, 355.0748074054718, 347.02666664123535, 347.46477150917053, 352.3567671775818, 351.96644139289856, 346.96178221702576, 354.2321469783783, 359.2988250255585, 359.01575803756714, 352.86000895500183, 352.5231521129608, 355.84889101982117, 355.19527101516724, 365.23162865638733, 359.74709606170654, 363.88577103614807, 365.5526428222656, 361.55491495132446, 365.1868085861206, 374.9454040527344, 376.4556562900543, 369.78117966651917, 370.99324464797974, 374.1208508014679, 375.7375314235687, 381.79629850387573, 380.13639974594116, 375.7336094379425, 379.5688784122467, 385.68023014068604, 383.6083559989929, 378.6103346347809, 390.7930905818939, 395.78574562072754, 385.09942054748535, 397.80527544021606, 397.81035685539246, 398.059406042099, 398.86747217178345, 397.45829939842224, 407.0984375476837, 405.9738531112671, 404.47178769111633, 408.0357940196991, 402.7103817462921, 414.79215812683105, 415.66077613830566, 416.54410886764526, 413.74706530570984, 416.41010308265686, 418.3589594364166, 413.4236047267914, 423.16068625450134, 425.9869794845581, 426.5315260887146, 424.0809407234192], "negative_scores": [62.68785967677832, 118.15494757890701, 124.60413962602615, 128.91925823688507, 126.92542886734009, 120.32733398675919, 97.18901789188385, 115.71906417608261, 89.38542279601097, 85.09796160459518, 64.23559331893921, 61.47806638479233, 53.5190436989069, 51.44685639441013, 35.2175441775471, 38.346049876417965, 21.13783387071453, 18.86683229159098, 22.66144465841353, 17.68657652894035, 7.430814283667132, 3.4497876302339137, 6.106370809109649, -1.0376606155186892, 3.3776752948760986, 1.344351502484642, 1.3190210049506277, -5.611929421313107, -2.1484180705156177, 0.8447072847629897, -3.514296891697086, -9.330481950193644, -6.96338698361069, -10.371013971976936, -6.095309816999361, -11.345861194073223, -8.986978648928925, -9.265514134662226, -9.808268162887543, -12.039234106603544, -11.324587654366042, -9.637264815391973, -10.637990011804504, -11.328695124139472, -9.002500602509826, -5.858985234983265, -9.56399690080434, -9.52840347820893, -12.412150801625103, -12.203644019493368, -10.885163651430048, -12.54359631985426, -10.708717974659521, -14.237227892910596, -14.71424066927284, -11.4129106127657, -12.046818279661238, -13.978405408095568, -14.388488634605892, -10.16851629759185, -11.559826582088135, -14.788096377567854, -14.67042444832623, -14.464136134833097, -10.917227615893353, -14.402234181994572, -13.42086403281428, -15.723889610730112, -15.490493569988757, -16.87961235269904, -13.339414758956991, -13.325271186186, -11.602140277216677, -15.580743778584292, -16.032566519919783, -15.654132678639144, -11.888495396822691, -16.47998634306714, -15.895107437390834, -15.277467358857393], "contrastive_train_acc": [12.4375, 18.046875, 22.578125, 25.984375, 28.828125, 31.046875, 31.984375, 31.015625, 33.515625, 33.171875, 33.28125, 34.40625, 34.15625, 35.578125, 36.21875, 35.9375, 37.84375, 36.90625, 38.140625, 38.546875, 38.546875, 39.96875, 39.984375, 41.390625, 42.40625, 41.09375, 41.734375, 44.609375, 44.53125, 42.359375, 46.046875, 46.28125, 46.640625, 46.078125, 45.296875, 48.015625, 47.3125, 49.765625, 48.34375, 49.296875, 49.875, 49.953125, 50.8125, 52.59375, 52.59375, 51.375, 54.578125, 53.171875, 55.203125, 56.03125, 57.15625, 57.25, 55.90625, 58.015625, 58.53125, 57.984375, 59.796875, 61.234375, 57.84375, 61.25, 60.265625, 61.640625, 61.015625, 60.8125, 63.0625, 62.125, 63.03125, 64.734375, 64.078125, 65.734375, 64.78125, 65.890625, 64.1875, 66.40625, 65.5, 66.6875, 68.515625, 66.75, 66.296875, 66.5625]}