{"train_acc": [0.6254444444444445, 0.6157777777777778, 0.5922222222222222, 0.5822222222222222], "val_acc": [0.496, 0.478, 0.476, 0.484], "val_same_acc": [0.528, 0.502, 0.514, 0.502], "test_acc": [0.526, 0.5205, 0.514, 0.508], "test_same_acc": [0.5125, 0.511, 0.526, 0.5105], "test_acc_ci": [0.015483672425332438, 0.0154874710903685, 0.015482759443975097, 0.015492508698561381], "positive_scores": [37.15354852285236, 84.6079929471016, 102.8765212893486, 111.68000835180283], "negative_scores": [-0.44947457560920157, -0.38216455966903595, -0.9472602802561596, -1.2790723281505052], "contrastive_train_acc": [5.63671875, 9.5234375, 11.828125, 13.40625], "best_epoch": 1, "best_val_acc": 0.496, "best_val_same_acc": 0.528, "best_test_acc": 0.526, "best_test_same_acc": 0.5125, "best_test_acc_ci": 0.015483672425332438, "best_val_ap": 0.5133697761622076, "best_test_ap": 0.5538063374849713, "best_val_same_ap": 0.565903370661877, "best_test_same_ap": 0.554040698224013, "has_same": true}