{"positive_scores": [5.850520632229745, 128.46579748392105, 211.36714220046997, 297.936726808548, 340.11510181427, 363.04138946533203, 363.7899055480957, 371.1484785079956, 374.2965190410614, 367.17623710632324, 364.79909110069275, 364.4277274608612, 357.5513095855713, 359.4527852535248, 366.505708694458, 361.52747535705566, 358.8888428211212, 353.39724707603455, 355.36648440361023, 354.3766260147095, 357.2808635234833, 361.55410265922546, 361.9865052700043, 359.45459485054016, 362.55515694618225, 362.96076369285583, 356.7394223213196, 363.1785669326782, 362.05123496055603, 353.761310338974, 358.507600069046, 365.4029211997986, 367.5736565589905, 363.3561637401581, 355.7148768901825, 362.7980182170868, 362.54915952682495, 369.13694310188293, 369.4248321056366, 371.09037470817566, 372.58974146842957, 367.9613127708435, 369.4837245941162, 381.8649950027466, 380.8227298259735, 374.37495040893555, 378.9573767185211, 379.4131896495819, 388.2640256881714, 387.5192325115204, 384.30630230903625, 386.8784718513489, 387.98488903045654, 394.8945047855377, 391.6683416366577, 387.91314482688904, 401.0272228717804, 401.2459394931793, 395.26107454299927, 405.7723879814148, 408.3736951351166, 408.43960976600647, 409.13862919807434, 406.7032473087311, 414.00468397140503, 413.7534067630768, 411.7200880050659, 417.6734039783478, 411.17618203163147, 425.0255765914917, 421.9643397331238, 423.7790570259094, 421.1790657043457, 427.2162537574768, 424.6064736843109, 421.3643569946289, 431.8406732082367, 432.3991103172302, 433.7766709327698, 431.96953988075256], "negative_scores": [-13.739239664981142, 60.234253227710724, 103.0211330652237, 148.64186596870422, 146.33378303050995, 131.93746185302734, 107.31075990200043, 106.55077850818634, 82.04276993870735, 72.4730329811573, 61.9591224193573, 48.629001423716545, 43.820038475096226, 46.3388416916132, 39.599627394229174, 35.92202392593026, 22.077995469560847, 19.54601852694759, 19.133116255747154, 12.678322764462791, 8.930682855192572, 8.765968207502738, 10.093266011004744, 5.981025054177735, 3.5666515371995047, 10.067880528542446, 3.241368930786848, -0.5649174710270017, -0.24334676237776875, -0.39722979301586747, -3.480290194042027, -9.405722355411854, -3.598396258894354, -6.368579629226588, -7.174445113167167, -10.049563433974981, -8.171768133761361, -10.498722741613165, -8.581395340966992, -12.418287368491292, -9.978906865231693, -9.638885531458072, -13.404105404159054, -12.570188057143241, -10.565821021795273, -7.5043423268944025, -11.107963706279406, -11.633182094898075, -13.144727999111637, -15.22346928238403, -12.892259954242036, -13.611094476189464, -12.238483125343919, -14.455121398204938, -18.115303464699537, -15.548333642072976, -12.703456070506945, -15.245425357832573, -16.52319376030937, -12.362259003100917, -13.481752626597881, -14.689510017633438, -15.051728427642956, -13.625307115726173, -11.847016487503424, -15.508664471562952, -15.503618093207479, -14.770767999565578, -17.216504016891122, -16.0964793455787, -13.168306701962138, -13.674050232977606, -14.203410998918116, -15.398903303314, -15.72114102251362, -14.944803004153073, -12.667335348203778, -16.347874752013013, -15.777644447050989, -16.622524593025446], "contrastive_train_acc": [12.09375, 18.53125, 22.5, 26.734375, 28.296875, 31.328125, 31.6875, 30.984375, 33.796875, 33.515625, 33.125, 34.890625, 34.921875, 34.84375, 36.484375, 38.015625, 38.546875, 37.421875, 39.296875, 39.6875, 41.0625, 40.3125, 40.71875, 42.890625, 43.0, 43.375, 42.375, 45.203125, 46.734375, 44.6875, 46.25, 47.828125, 47.59375, 46.328125, 46.671875, 48.4375, 48.6875, 50.296875, 49.140625, 52.65625, 50.3125, 50.6875, 54.28125, 56.453125, 54.5, 53.296875, 56.21875, 55.453125, 57.78125, 56.859375, 59.15625, 58.4375, 57.515625, 59.75, 58.703125, 59.015625, 62.765625, 61.5625, 59.421875, 63.671875, 63.953125, 63.609375, 62.21875, 63.953125, 65.15625, 65.53125, 64.484375, 67.703125, 65.953125, 67.5625, 66.484375, 67.234375, 65.9375, 68.625, 67.75, 68.4375, 69.390625, 70.359375, 69.234375, 68.453125]}