{"train_acc": [0.5063333333333333, 0.5861111111111111, 0.6548888888888889, 0.6854444444444444, 0.6956666666666667, 0.6646666666666666, 0.7282222222222222, 0.694, 0.7168888888888889, 0.7246666666666667, 0.726, 0.7286666666666667, 0.7462222222222222, 0.7357777777777778, 0.7562222222222222, 0.7438888888888889, 0.7476666666666667, 0.745, 0.743, 0.7442222222222222, 0.7405555555555555, 0.7524444444444445, 0.7581111111111111, 0.7521111111111111, 0.7476666666666667, 0.7527777777777778, 0.7527777777777778], "val_acc": [0.466, 0.472, 0.5, 0.496, 0.496, 0.502, 0.516, 0.504, 0.536, 0.516, 0.54, 0.532, 0.552, 0.528, 0.534, 0.522, 0.55, 0.532, 0.536, 0.544, 0.54, 0.54, 0.51, 0.538, 0.524, 0.552, 0.524], "val_same_acc": [0.49, 0.504, 0.548, 0.518, 0.532, 0.516, 0.518, 0.532, 0.53, 0.532, 0.524, 0.528, 0.542, 0.522, 0.536, 0.536, 0.54, 0.53, 0.532, 0.542, 0.546, 0.56, 0.566, 0.534, 0.526, 0.518, 0.522], "test_acc": [0.498, 0.514, 0.5325, 0.5455, 0.551, 0.53, 0.5635, 0.54, 0.5555, 0.5395, 0.538, 0.5395, 0.551, 0.543, 0.5415, 0.5455, 0.532, 0.5375, 0.5345, 0.5495, 0.5405, 0.5435, 0.5315, 0.5365, 0.5425, 0.5365, 0.5355], "test_same_acc": [0.503, 0.5095, 0.524, 0.5405, 0.5475, 0.5295, 0.5375, 0.5355, 0.5495, 0.54, 0.5325, 0.5415, 0.5325, 0.5345, 0.541, 0.5365, 0.5495, 0.526, 0.528, 0.5355, 0.538, 0.533, 0.5325, 0.5435, 0.5405, 0.5425, 0.541], "test_acc_ci": [0.015495152787242854, 0.015490881342744836, 0.01547040855229751, 0.015437753087803936, 0.015419808357272146, 0.01546770784489415, 0.015415924879811787, 0.015450934275149838, 0.015409506724746252, 0.01544611627481161, 0.015456605156857695, 0.015444245009064059, 0.01544104798175953, 0.015448556546648624, 0.01544233853323388, 0.01544297793820868, 0.01544361342999105, 0.015463888798584917, 0.015464866936866932, 0.015439082793352718, 0.01544734423048182, 0.015449753226993629, 0.015463393883620766, 0.015445496430998906, 0.015441695214580555, 0.015446732207816644, 0.015449753226993629], "positive_scores": [342.5909812061582, 485.32665967941284, 391.2392508983612, 385.0970780849457, 397.3976562023163, 427.603718996048, 470.3062882423401, 523.0662240982056, 576.8475379943848, 628.6975498199463, 672.5654921531677, 707.5333986282349, 737.6160435676575, 765.4063687324524, 791.0865387916565, 808.0262923240662, 822.7429990768433, 834.3945846557617, 842.759051322937, 852.3695087432861, 860.199333190918, 865.6712760925293, 872.1559467315674, 877.3648996353149, 880.7744235992432, 885.4806060791016, 887.7904214859009], "negative_scores": [281.9272920154035, 284.2583575248718, 75.08268123865128, 30.61503890156746, 9.34421698213555, 2.3766218569944613, -1.344896755159425, -2.0279262537151226, -2.593880598200485, -2.0811865305295214, -2.4572277363404282, -1.9592336061032256, -1.3714871503907489, -0.8603882757015526, -1.492037070900551, -1.075240668549668, -0.7213604543976544, 0.06816206375515321, -0.02490589942317456, 0.43895512746530585, 0.7656443695886992, 0.015374707465525717, 0.6776935635662085, 1.0594945189368445, 1.4946403172143619, 1.1536151737091132, 1.4169752507295925], "contrastive_train_acc": [3.362500005867332, 9.042499974370003, 15.915000014007092, 21.062500022351742, 29.10249988734722, 39.42999994754791, 50.389999985694885, 62.43249982595444, 73.05499988794327, 81.23499995470047, 87.33750003576279, 90.29000002145767, 93.10500013828278, 94.97999995946884, 95.93749994039536, 96.30999994277954, 96.71500021219254, 96.41000044345856, 96.47250056266785, 96.70500034093857, 96.80750060081482, 97.10000079870224, 96.94500064849854, 96.91000056266785, 97.08750092983246, 97.32250100374222, 97.03000092506409], "best_epoch": 13, "best_val_acc": 0.552, "best_val_same_acc": 0.542, "best_test_acc": 0.551, "best_test_same_acc": 0.5325, "best_test_acc_ci": 0.01544104798175953, "best_val_ap": 0.5366071884310031, "best_test_ap": 0.5438205744716089, "best_val_same_ap": 0.5533816829711983, "best_test_same_ap": 0.5652923840013628, "has_same": true}