{"train_acc": [0.6804444444444444, 0.6526666666666666], "val_acc": [0.506, 0.49], "val_same_acc": [0.546, 0.498], "test_acc": [0.538, 0.5195], "test_same_acc": [0.536, 0.5185], "test_acc_ci": [0.015452676544857852, 0.015483968987310715], "positive_scores": [29.789224653039128, 75.7115660905838], "negative_scores": [0.6853050026938945, -0.38205296141677536], "contrastive_train_acc": [8.796875, 14.0078125], "best_epoch": 1, "best_val_acc": 0.506, "best_val_same_acc": 0.546, "best_test_acc": 0.538, "best_test_same_acc": 0.536, "best_test_acc_ci": 0.015452676544857852, "best_val_ap": 0.5282074166540898, "best_test_ap": 0.5474325120936439, "best_val_same_ap": 0.5136780567727001, "best_test_same_ap": 0.537095254375155, "has_same": true}