{"train_acc": [0.5027777777777778, 0.6467777777777778, 0.7003333333333334, 0.7136666666666667, 0.7202222222222222, 0.7142222222222222, 0.7418888888888889, 0.7434444444444445, 0.7274444444444444, 0.7501111111111111, 0.7428888888888889, 0.7391111111111112, 0.7463333333333333, 0.7298888888888889, 0.7416666666666667, 0.7423333333333333, 0.7555555555555555, 0.7452222222222222, 0.7454444444444445, 0.757, 0.751, 0.747, 0.7483333333333333, 0.7494444444444445, 0.7532222222222222, 0.7525555555555555, 0.753, 0.7423333333333333, 0.7548888888888889, 0.7526666666666667, 0.7454444444444445, 0.7521111111111111, 0.7491111111111111, 0.7542222222222222], "val_acc": [0.51, 0.606, 0.632, 0.634, 0.624, 0.606, 0.618, 0.638, 0.634, 0.634, 0.632, 0.61, 0.614, 0.626, 0.626, 0.618, 0.63, 0.602, 0.624, 0.614, 0.62, 0.63, 0.648, 0.634, 0.618, 0.63, 0.62, 0.64, 0.616, 0.634, 0.632, 0.606, 0.618, 0.624], "val_same_acc": [0.496, 0.608, 0.632, 0.636, 0.688, 0.628, 0.652, 0.656, 0.634, 0.648, 0.658, 0.648, 0.64, 0.632, 0.638, 0.626, 0.666, 0.6, 0.62, 0.634, 0.638, 0.634, 0.642, 0.64, 0.62, 0.632, 0.662, 0.628, 0.608, 0.628, 0.624, 0.636, 0.63, 0.642], "test_acc": [0.49625, 0.61975, 0.63275, 0.63475, 0.644, 0.6115, 0.6245, 0.627, 0.604, 0.6175, 0.6235, 0.63125, 0.63125, 0.6095, 0.61675, 0.6255, 0.6265, 0.57775, 0.61525, 0.614, 0.61225, 0.61, 0.624, 0.6135, 0.609, 0.606, 0.6135, 0.60925, 0.6075, 0.59975, 0.604, 0.60375, 0.604, 0.60625], "test_same_acc": [0.498, 0.623, 0.649, 0.64775, 0.6675, 0.6185, 0.63925, 0.6515, 0.62075, 0.63475, 0.64025, 0.6475, 0.64325, 0.6195, 0.6435, 0.63875, 0.6405, 0.5895, 0.6305, 0.62675, 0.624, 0.6275, 0.63775, 0.637, 0.62325, 0.627, 0.63425, 0.61825, 0.62225, 0.61175, 0.62075, 0.6235, 0.61575, 0.62125], "test_acc_ci": [0.010956551959757914, 0.010629004945048948, 0.01051285229359164, 0.010510435751551883, 0.010411593460537154, 0.01066298996529585, 0.010568766924143751, 0.010523243411016394, 0.010676421070371615, 0.010602415337878203, 0.010568766924143751, 0.010522448736956383, 0.010535853192195684, 0.010665573493722687, 0.010579177945231616, 0.010567267437558066, 0.010558965647732734, 0.010802402226906522, 0.010620725627134663, 0.010634464465683027, 0.01064657324198143, 0.010643233986317316, 0.010574734362946193, 0.010607395179189844, 0.010657133549734422, 0.010655168020730596, 0.010615145947978057, 0.010669426516336292, 0.010663636961509659, 0.010708869846417036, 0.010676421070371615, 0.010670066090323666, 0.010688909111638802, 0.010669426516336292], "positive_scores": [375.2351970076561, 477.0974135398865, 379.13970923423767, 411.30495429039, 448.81072521209717, 482.08962965011597, 515.7334599494934, 543.1066222190857, 565.3579115867615, 585.604033946991, 598.714334487915, 611.2711005210876, 629.1137461662292, 636.6783976554871, 645.1250982284546, 654.3336701393127, 659.0662536621094, 667.5621452331543, 672.1083960533142, 677.2030982971191, 680.5876364707947, 687.4054594039917, 688.7184405326843, 695.2456951141357, 699.8759927749634, 699.6912527084351, 705.4752178192139, 707.6825752258301, 715.3653264045715, 715.649899482727, 720.8166627883911, 719.3428440093994, 721.5697722434998, 725.8897204399109], "negative_scores": [308.4812262356281, 237.6007868051529, 27.334939889609814, 3.7499667742667953, -0.575567623032839, -1.3119527780509088, -2.0067343535483815, -1.9830856981279794, -0.5850761018518824, -1.3127692671550903, -1.2242269565467723, -1.571113050042186, -1.4111832779526594, -1.765443147829501, -2.2042281116591766, -1.9104397342598531, -2.1086788127868203, -1.8378727519957465, -1.4170244565466419, -1.8858358517172746, -1.842076259708847, -1.5787907202611677, -2.347649645351339, -2.01707951084245, -2.07854871606105, -2.285960103443358, -1.6721500211424427, -2.2545772982994094, -2.137370384501992, -1.6063433388480917, -2.035928402969148, -1.6033474427713372, -1.8647099222289398, -1.9838086944946554], "contrastive_train_acc": [4.017500000074506, 11.299999967217445, 21.36250000447035, 32.75249995291233, 42.849999994039536, 50.79249984025955, 57.987499833106995, 64.31499993801117, 67.40750020742416, 70.93250006437302, 73.23000019788742, 74.82749980688095, 78.2649997472763, 78.49500012397766, 79.71250009536743, 81.76000022888184, 82.63499999046326, 83.18500018119812, 84.67999994754791, 84.51750016212463, 85.30749988555908, 86.14000028371811, 86.31500017642975, 86.7124999165535, 87.99250000715256, 87.74750012159348, 88.13000011444092, 88.85999995470047, 90.0275000333786, 89.21250027418137, 89.70750027894974, 89.3600001335144, 89.39000022411346, 90.15250009298325], "best_epoch": 23, "best_val_acc": 0.648, "best_val_same_acc": 0.642, "best_test_acc": 0.624, "best_test_same_acc": 0.63775, "best_test_acc_ci": 0.010574734362946193, "best_val_ap": 0.6594115028626131, "best_test_ap": 0.6640246788417048, "best_val_same_ap": 0.6767025629195542, "best_test_same_ap": 0.6777285970246631, "has_same": true}