{"train_acc": [0.5181111111111111, 0.6046666666666667, 0.6948888888888889, 0.7142222222222222, 0.7183333333333334, 0.7367777777777778, 0.7297777777777777, 0.7274444444444444, 0.7363333333333333, 0.736, 0.7227777777777777, 0.7272222222222222, 0.7235555555555555, 0.73, 0.7367777777777778, 0.737, 0.7181111111111111, 0.7454444444444445, 0.7065555555555556, 0.74, 0.7236666666666667, 0.7447777777777778, 0.7443333333333333, 0.7463333333333333, 0.7434444444444445, 0.7455555555555555, 0.7443333333333333, 0.7543333333333333, 0.7463333333333333, 0.7501111111111111, 0.7574444444444445], "val_acc": [0.468, 0.49, 0.514, 0.508, 0.518, 0.53, 0.518, 0.518, 0.516, 0.536, 0.516, 0.508, 0.522, 0.542, 0.556, 0.534, 0.51, 0.53, 0.528, 0.53, 0.538, 0.508, 0.54, 0.534, 0.528, 0.528, 0.55, 0.562, 0.554, 0.544, 0.542], "val_same_acc": [0.49, 0.508, 0.55, 0.536, 0.546, 0.546, 0.54, 0.556, 0.544, 0.542, 0.532, 0.542, 0.554, 0.526, 0.536, 0.564, 0.544, 0.552, 0.554, 0.566, 0.566, 0.566, 0.556, 0.55, 0.566, 0.528, 0.55, 0.544, 0.552, 0.558, 0.556], "test_acc": [0.503, 0.5155, 0.5385, 0.5485, 0.554, 0.5625, 0.5555, 0.5585, 0.564, 0.561, 0.556, 0.5525, 0.558, 0.565, 0.5615, 0.5685, 0.5505, 0.5595, 0.5405, 0.5595, 0.5405, 0.5535, 0.5565, 0.5415, 0.5375, 0.557, 0.5365, 0.5435, 0.5365, 0.54, 0.5545], "test_same_acc": [0.5055, 0.511, 0.5305, 0.531, 0.5365, 0.55, 0.5435, 0.55, 0.545, 0.551, 0.535, 0.537, 0.5455, 0.5325, 0.539, 0.556, 0.539, 0.5405, 0.536, 0.5475, 0.528, 0.541, 0.5475, 0.5555, 0.5395, 0.55, 0.541, 0.546, 0.555, 0.543, 0.5515], "test_acc_ci": [0.015494600762039658, 0.015489718841057125, 0.015458230296511954, 0.01544611627481161, 0.01543157545343313, 0.015396792989937872, 0.015419039525858928, 0.015403684065021586, 0.015402836488776996, 0.01539766818709898, 0.015430869447312423, 0.015432975700589954, 0.015411943056441649, 0.015421334228107503, 0.015416709440571294, 0.015374602107859573, 0.015432975700589954, 0.01541749006810123, 0.015449753226993629, 0.0154062031370484, 0.015458764205944792, 0.015425817546405768, 0.015411134883583363, 0.015422091268696345, 0.01544915684107065, 0.0154062031370484, 0.015448556546648623, 0.015432975700589954, 0.015430159518780098, 0.015441695214580555, 0.015407862810915732], "best_epoch": 15, "best_val_acc": 0.556, "best_val_same_acc": 0.536, "best_test_acc": 0.5615, "best_test_same_acc": 0.539, "best_test_acc_ci": 0.015416709440571294, "has_same": true}
