{"train_acc": [0.5015555555555555, 0.5061111111111111, 0.5086666666666667, 0.49833333333333335, 0.5027777777777778, 0.5032222222222222, 0.528, 0.5531111111111111, 0.6301111111111111, 0.685, 0.6734444444444444, 0.7251111111111112, 0.6666666666666666, 0.7285555555555555, 0.732, 0.7184444444444444, 0.7292222222222222, 0.7276666666666667, 0.709, 0.7333333333333333, 0.7393333333333333, 0.7391111111111112, 0.734, 0.7538888888888889, 0.7234444444444444, 0.7385555555555555, 0.7443333333333333, 0.7427777777777778, 0.7398888888888889, 0.7493333333333333, 0.7517777777777778, 0.7514444444444445, 0.7502222222222222, 0.7483333333333333, 0.7498888888888889, 0.7556666666666667, 0.747, 0.7566666666666667, 0.754, 0.7394444444444445, 0.749, 0.7484444444444445, 0.756, 0.748, 0.7533333333333333, 0.755, 0.7466666666666667, 0.7568888888888889, 0.7458888888888889, 0.752], "val_acc": [0.466, 0.466, 0.466, 0.466, 0.466, 0.466, 0.466, 0.47, 0.484, 0.508, 0.5, 0.534, 0.492, 0.538, 0.53, 0.538, 0.532, 0.524, 0.508, 0.528, 0.53, 0.544, 0.54, 0.518, 0.516, 0.534, 0.506, 0.526, 0.524, 0.502, 0.528, 0.538, 0.528, 0.528, 0.528, 0.51, 0.522, 0.536, 0.546, 0.508, 0.54, 0.518, 0.524, 0.524, 0.502, 0.506, 0.534, 0.532, 0.536, 0.506], "val_same_acc": [0.49, 0.49, 0.49, 0.49, 0.49, 0.49, 0.492, 0.496, 0.496, 0.54, 0.508, 0.532, 0.542, 0.55, 0.552, 0.566, 0.568, 0.552, 0.554, 0.55, 0.554, 0.56, 0.572, 0.556, 0.576, 0.542, 0.56, 0.562, 0.554, 0.536, 0.566, 0.562, 0.572, 0.542, 0.56, 0.554, 0.548, 0.584, 0.556, 0.564, 0.56, 0.56, 0.566, 0.55, 0.56, 0.59, 0.58, 0.542, 0.552, 0.57], "test_acc": [0.4975, 0.4975, 0.4975, 0.4975, 0.4975, 0.498, 0.4985, 0.5025, 0.5195, 0.5395, 0.538, 0.5595, 0.539, 0.5625, 0.554, 0.5625, 0.562, 0.558, 0.5375, 0.553, 0.5635, 0.564, 0.5625, 0.5755, 0.5505, 0.5665, 0.5595, 0.57, 0.563, 0.56, 0.5595, 0.5725, 0.57, 0.554, 0.55, 0.5605, 0.5605, 0.56, 0.5695, 0.5615, 0.564, 0.557, 0.5595, 0.567, 0.558, 0.565, 0.5635, 0.561, 0.565, 0.5515], "test_same_acc": [0.502, 0.502, 0.502, 0.502, 0.502, 0.502, 0.5035, 0.5085, 0.5215, 0.531, 0.5325, 0.5475, 0.536, 0.54, 0.5325, 0.544, 0.546, 0.5545, 0.538, 0.5415, 0.5545, 0.5585, 0.5555, 0.5575, 0.5445, 0.5495, 0.5455, 0.55, 0.533, 0.534, 0.55, 0.5475, 0.544, 0.559, 0.5425, 0.5445, 0.54, 0.5355, 0.552, 0.539, 0.533, 0.544, 0.538, 0.5335, 0.5465, 0.5405, 0.5335, 0.5445, 0.5425, 0.549], "test_acc_ci": [0.015495158597929874, 0.015495158597929874, 0.015495158597929874, 0.015495158597929874, 0.015495158597929874, 0.015495160534825058, 0.015495129544472998, 0.015494223049252907, 0.015482131374587937, 0.015456605156857695, 0.015456605156857695, 0.0154062031370484, 0.015451518938279176, 0.015413547592134655, 0.015437082359532842, 0.015407034944303852, 0.015404527698050337, 0.015396792989937872, 0.015450934275149838, 0.015425817546405768, 0.01538690506892143, 0.015378458940186432, 0.01538690506892143, 0.015357502111346106, 0.015425080145658888, 0.015390556013347927, 0.015409506724746252, 0.01538319082635329, 0.015423593563109734, 0.015426551020886038, 0.015401984968665567, 0.015383190826353288, 0.015394143704668994, 0.015395913844264001, 0.015428727892311797, 0.015409506724746252, 0.015416709440571294, 0.015424338818082283, 0.015380363577464612, 0.015416709440571294, 0.015422091268696345, 0.015415924879811787, 0.015421334228107503, 0.015416709440571294, 0.015410322773225746, 0.015408686737519198, 0.015422091268696345, 0.015408686737519198, 0.015405367388511056, 0.015416709440571294], "positive_scores": [570.4881043434143, 627.1634407043457, 535.4229884147644, 489.68532514572144, 476.8275365829468, 477.05533742904663, 486.50154209136963, 500.4693970680237, 508.6385221481323, 528.3732218742371, 539.575840473175, 563.888111114502, 579.1486549377441, 595.6755046844482, 622.9100646972656, 635.4886722564697, 658.4402017593384, 672.9165301322937, 687.5493144989014, 707.2517948150635, 723.6615314483643, 734.6172647476196, 741.1716079711914, 758.4917402267456, 765.2334942817688, 774.3902468681335, 786.4212355613708, 795.8619122505188, 803.1313376426697, 807.3542675971985, 814.6773056983948, 820.033082485199, 828.3274593353271, 831.7128276824951, 835.0509586334229, 839.3113641738892, 842.0831813812256, 845.2455835342407, 849.2074012756348, 851.2353925704956, 856.8061180114746, 856.242169380188, 859.4214849472046, 863.1881799697876, 863.0871047973633, 864.778073310852, 867.3445491790771, 869.381067276001, 869.4366493225098, 871.8406553268433], "negative_scores": [526.7998909950256, 505.8851399421692, 357.28496265411377, 264.17233419418335, 207.78866267204285, 168.52643275260925, 136.20308089256287, 102.6037677526474, 73.28614544868469, 47.688567101955414, 34.276238933205605, 20.58150178939104, 14.991162102669477, 10.209801429882646, 7.483592921867967, 5.2863755244761705, 4.578517277725041, 4.048190602101386, 3.226347875315696, 1.0863594533875585, 0.619283642154187, 1.5036746175028384, 1.0828676945529878, 0.2702653342857957, -1.2309676664881408, -0.7992037138901651, -0.9240886182524264, -2.039409836521372, -0.33213081443682313, -1.9541703516151756, -1.3519324967637658, -1.481891944538802, -0.9924738637637347, -0.997283129254356, -1.3886106775607914, -1.9208971031475812, -1.0681348908692598, 0.5478347456082702, -1.092418622924015, -1.4688873344566673, -0.5930045266868547, -1.1337928463472053, 0.4953507042955607, -0.8730916744098067, -1.1646023830398917, 1.0444302773103118, -0.9052325100637972, 0.05123323481529951, 0.9003196768462658, -0.10606196871958673], "contrastive_train_acc": [4.751953125, 8.8203125, 11.224609375, 12.6015625, 14.43359375, 15.8828125, 17.076171875, 18.865234375, 20.140625, 21.458984375, 22.736328125, 24.794921875, 27.10546875, 28.390625, 30.17578125, 31.7890625, 33.806640625, 35.236328125, 36.728515625, 38.00390625, 40.576171875, 40.455078125, 42.1953125, 43.30078125, 43.63671875, 44.662109375, 45.50390625, 46.236328125, 46.814453125, 46.873046875, 47.599609375, 47.576171875, 48.2421875, 47.8046875, 48.193359375, 48.22265625, 48.537109375, 48.705078125, 48.93359375, 49.078125, 48.841796875, 48.9375, 49.01953125, 49.220703125, 49.123046875, 48.888671875, 49.1953125, 49.3203125, 49.224609375, 49.15625], "best_epoch": 50, "best_val_acc": 0.506, "best_val_same_acc": 0.57, "best_test_acc": 0.5515, "best_test_same_acc": 0.549, "best_test_acc_ci": 0.015416709440571294, "best_val_ap": 0.5045505710161526, "best_test_ap": 0.5822258852305665, "best_val_same_ap": 0.5991247278099397, "best_test_same_ap": 0.5677124419700653, "has_same": true}