{"positive_scores": [149.26616759598255, 439.134877204895, 356.2974183559418, 380.5638325214386, 418.3318073749542, 451.57509994506836, 485.62193965911865, 510.87862491607666, 533.284833908081, 556.228588104248, 575.1096596717834, 590.9931659698486, 601.8041634559631, 611.3887586593628, 622.7107796669006, 635.4804458618164, 638.5145750045776, 647.6094493865967, 656.3096723556519, 663.6684241294861, 669.4473977088928, 670.0450353622437, 678.9208846092224, 685.1463389396667, 690.3706059455872, 692.9291067123413, 697.8150668144226, 704.3840026855469, 706.4498701095581, 708.107165813446, 713.2797131538391, 715.7803301811218, 715.9974431991577, 720.2590808868408, 726.511908531189, 727.2183418273926, 730.1591210365295, 734.8076519966125, 737.1083402633667, 741.7346005439758, 742.1840124130249, 745.7527551651001, 747.1932830810547, 749.5138025283813, 754.0576663017273, 755.6160259246826, 756.8126106262207, 755.2068014144897, 761.7571744918823, 760.3479437828064], "negative_scores": [114.83732915332075, 262.93399357795715, 47.08556325733662, 3.560015634553565, -1.9503083720628638, -2.2804778481367975, -1.3975377958267927, -0.27366712485672906, -1.0532960187410936, -0.4811052709701471, 0.30531003572104964, -0.1922143682022579, -0.25567706415313296, -0.31720433314330876, 0.2352542852750048, 0.03335788127878914, -0.05518234695773572, 0.23787611193256453, 0.12847606238210574, -0.3714753916137852, -0.26295779188512824, -0.048279002658091486, -0.10594173235585913, -0.07607121596811339, 0.41807508835336193, -0.3396289923111908, -0.33106698191841133, -0.20505114155821502, 0.1916152621342917, -0.23769713661249625, -0.6680780277238227, -0.2797762441332452, -0.18052659562090412, 0.457341798057314, -0.2155981381656602, 0.07848038749943953, -0.33751476532779634, -0.3596755160833709, -0.36262701818486676, -0.5556615946698003, -0.44396497146226466, -0.26216355345241027, -0.8224484277889132, -0.3500543952686712, -0.3715902624244336, 0.1729940821596756, -0.13442753464914858, -0.1889084686372371, 0.020912059961119667, 0.03384633320092689], "contrastive_train_acc": [1.6562499930150807, 5.152499999850988, 11.5387499704957, 19.68875002115965, 28.272500038146973, 36.398749977350235, 43.78625002503395, 49.3175003528595, 53.96500006318092, 58.172499895095825, 61.16374999284744, 64.92874985933304, 66.76000016927719, 68.83875012397766, 70.41875010728836, 72.8150001168251, 73.25624990463257, 74.9775002002716, 76.79125016927719, 77.67999994754791, 77.94625002145767, 78.62125009298325, 79.4449999332428, 81.09125006198883, 81.57874989509583, 82.24874991178513, 83.12624996900558, 83.2762503027916, 84.36375004053116, 84.07000011205673, 85.20875018835068, 85.18500036001205, 85.35749959945679, 85.88624995946884, 86.26750028133392, 86.59125000238419, 86.66624957323074, 86.76375019550323, 87.48874974250793, 87.89625000953674, 88.32250016927719, 88.00999999046326, 88.17500048875809, 89.14874982833862, 89.06000030040741, 89.31124943494797, 89.71625030040741, 89.34374988079071, 89.10625004768372, 88.84750014543533]}