{"train_acc": [0.49833333333333335, 0.5095555555555555], "val_acc": [0.51, 0.51], "val_same_acc": [0.498, 0.498], "val_tre": [0.0, 0.0], "val_tre_std": [0.0, 0.0], "test_acc": [0.497, 0.497], "test_same_acc": [0.5035, 0.5035], "test_acc_ci": [0.015495158597929872, 0.015495158597929872], "best_epoch": 1, "best_val_acc": 0.51, "best_val_same_acc": 0.498, "best_val_tre": 0.0, "best_val_tre_std": 0.0, "best_test_acc": 0.497, "best_test_same_acc": 0.5035, "best_test_acc_ci": 0.015495158597929872, "lowest_val_tre": 0.0, "lowest_val_tre_std": 0.0, "has_same": true}