{"positive_scores": [985.2642130851746, 927.3974151611328, 764.2415175437927, 565.5875978469849, 515.8024907112122, 522.4151668548584, 549.5814328193665, 583.0450572967529, 612.098888874054, 647.0020127296448, 679.380063533783, 707.0155177116394, 728.9995622634888, 748.0111455917358, 766.3731079101562, 786.8190584182739, 796.848114490509, 810.4279069900513, 820.1663813591003, 830.8038444519043, 839.0533409118652, 844.7299890518188, 851.723147392273, 859.179521560669, 866.1414833068848, 869.3547763824463, 873.8643398284912, 879.7567567825317, 881.9992151260376, 884.426531791687, 888.9635591506958, 892.1859407424927, 893.7279348373413, 896.6515531539917, 899.6054544448853, 901.2786846160889, 902.5092487335205, 905.4727697372437, 907.5459718704224, 909.8108501434326, 910.483118057251, 912.3632116317749, 913.7539939880371, 914.370662689209, 915.846378326416, 916.751537322998, 917.6072864532471, 917.6484823226929, 919.5373516082764, 919.1872072219849], "negative_scores": [985.4504346847534, 906.2982292175293, 696.067488193512, 401.58624053001404, 250.21783077716827, 140.375785946846, 74.3462787270546, 45.84912160038948, 26.001270681619644, 17.890439599752426, 13.571954350918531, 10.57299861870706, 8.924719482660294, 8.138459822162986, 7.684064015746117, 6.023045141599141, 6.02702949126251, 5.337383035279345, 5.428338598809205, 4.670481887180358, 4.231774362851866, 4.381086007182603, 3.2151285445143003, 3.5816735778353177, 3.427802657999564, 3.300304792697716, 2.9149833432165906, 3.034625557658728, 3.1391957151936367, 2.7341570507269353, 2.092317256523529, 2.215027255253517, 2.8597902025212534, 2.7112788752419874, 2.4142122391494922, 2.3570956760813715, 1.9618221475975588, 1.7293136126390891, 1.8355287807353307, 1.6500271716504358, 1.867771579825785, 2.112154509522952, 1.7486853530117514, 1.8817034264211543, 1.794729457120411, 1.932604278990766, 1.7442334815859795, 1.8990849131369032, 1.9279823331453372, 1.6935439099033829], "contrastive_train_acc": [4.0518749840557575, 7.448750011622906, 11.045000039041042, 15.818750061094761, 21.56999994814396, 28.906875044107437, 36.79499989748001, 43.77750000357628, 49.69062492251396, 55.63312515616417, 60.58062469959259, 65.1881252527237, 68.71750009059906, 71.85312503576279, 74.29812520742416, 77.6843752861023, 78.26750022172928, 80.5143751502037, 82.24250036478043, 83.4400002360344, 84.08187526464462, 84.97687518596649, 86.42750000953674, 87.29875016212463, 88.17000025510788, 88.97437477111816, 89.25687485933304, 89.24812483787537, 89.85124999284744, 89.90875005722046, 91.05000042915344, 90.92750006914139, 91.41812491416931, 91.50687497854233, 91.69187504053116, 91.54500007629395, 92.39062488079071, 92.2193751335144, 92.8549998998642, 92.9681248664856, 93.3681247830391, 93.11375027894974, 93.52500015497208, 93.75062477588654, 93.85937488079071, 93.34749984741211, 94.17249995470047, 93.70999997854233, 93.68750011920929, 93.85437482595444]}