{"train_acc": [0.5096666666666667, 0.5616666666666666], "val_acc": [0.508, 0.548], "val_same_acc": [0.496, 0.53], "test_acc": [0.4965, 0.5325], "test_same_acc": [0.49725, 0.53675], "test_acc_ci": [0.010956519088965938, 0.010930429667761235], "positive_scores": [213.0127153545618, 548.5654344558716], "negative_scores": [178.4484135955572, 411.4642984867096], "contrastive_train_acc": [7.625, 15.546875], "best_epoch": 2, "best_val_acc": 0.548, "best_val_same_acc": 0.53, "best_test_acc": 0.5325, "best_test_same_acc": 0.53675, "best_test_acc_ci": 0.010930429667761235, "best_val_ap": 0.6956208658315135, "best_test_ap": 0.714719938882248, "best_val_same_ap": 0.7734950247603868, "best_test_same_ap": 0.7369063490220917, "has_same": true}