{"positive_scores": [89.85010547563434, 399.43723320961, 293.1466131210327, 341.3803114891052, 397.88461804389954, 438.5644121170044, 473.1660180091858, 504.75797748565674, 528.4571375846863, 552.0263352394104, 573.928141117096, 588.2602696418762, 602.6058931350708, 611.9848041534424, 623.7734484672546, 636.6878824234009, 640.259081363678, 649.5273914337158, 657.8424172401428, 665.9844751358032, 671.6951985359192, 672.9755625724792, 681.829137802124, 687.5882701873779, 693.1655058860779, 696.8330125808716, 700.2553067207336, 706.9285397529602, 708.1608324050903, 710.4416542053223, 715.0180792808533, 718.2703595161438, 718.9720659255981, 723.0013480186462, 727.783215045929, 728.9084935188293, 730.5660028457642, 734.9068698883057, 738.4218873977661, 743.0044083595276, 744.4300203323364, 745.9519624710083, 748.687629699707, 749.216724395752, 755.2229428291321, 756.4440517425537, 758.1770739555359, 756.3890361785889, 762.2654247283936, 760.151937007904], "negative_scores": [73.49889272451401, 262.6184672117233, 31.669272364350036, -7.479212841892149, -4.099782663412043, -2.407318240017048, -1.7742186363793735, 0.3587107207858935, -0.3232757914956892, 0.35905041270598304, 1.045883774291724, 0.5688420993392356, 0.47005860949866474, 0.7765178048211965, 0.8979564428445883, 0.16956691240193322, 0.29142841743305326, 0.19515579381550197, 0.06951920654682908, 0.45968325951253064, -0.31933780247345567, 0.04613525266177021, -0.6017796791857108, -0.18119018347351812, 0.13451717840507627, -0.02620737331744749, -0.7772463720175438, -0.5582279618829489, -0.5351427595451241, -0.47312414523912594, -0.7698833631147863, -1.162168419919908, -0.6087614283896983, -0.37356896497658454, -1.1312603458281956, -0.6721167829236947, -1.1274614126887172, -0.956374704841437, -1.4781647482304834, -1.3109567324572708, -0.9756312003009953, -1.1221373028165544, -1.5562810662886477, -1.1019674167691846, -1.0323141875269357, -0.7570018898695707, -0.551110291009536, -0.7787528745502641, -1.0344390685786493, -1.144973833230324], "contrastive_train_acc": [0.549999990966171, 2.084999992046505, 5.415000017732382, 11.679999995976686, 19.967500016093254, 28.02499994635582, 35.65750014781952, 42.98499992489815, 47.64000004529953, 51.97750002145767, 56.10250008106232, 60.44749999046326, 62.97750025987625, 65.01749986410141, 67.30750000476837, 69.95000004768372, 70.39500033855438, 72.48749977350235, 74.42500001192093, 75.80500000715256, 76.20249968767166, 77.26249992847443, 77.81749999523163, 79.82499980926514, 80.59249991178513, 81.72250014543533, 81.77499997615814, 82.30000001192093, 83.34249979257584, 83.66749995946884, 84.85499995946884, 85.01750022172928, 85.55500024557114, 86.02000027894974, 85.9449999332428, 86.47499996423721, 86.89000004529953, 87.01500028371811, 88.00249993801117, 88.16499990224838, 88.61749982833862, 88.27500009536743, 88.57250010967255, 89.60250014066696, 89.8225000500679, 89.91750001907349, 90.35750007629395, 89.82249993085861, 90.07000029087067, 89.60749983787537]}