{"train_acc": [0.7424444444444445, 0.7447777777777778, 0.735, 0.735, 0.744, 0.7572222222222222, 0.747, 0.7572222222222222, 0.7386666666666667, 0.7564444444444445, 0.7536666666666667, 0.7443333333333333, 0.7572222222222222, 0.7442222222222222, 0.7576666666666667, 0.7475555555555555, 0.7594444444444445, 0.7504444444444445, 0.7497777777777778, 0.7488888888888889, 0.7498888888888889, 0.732, 0.7496666666666667, 0.7447777777777778, 0.7573333333333333, 0.7512222222222222, 0.7546666666666667, 0.7426666666666667, 0.757, 0.7567777777777778, 0.759, 0.7512222222222222, 0.7423333333333333, 0.7558888888888889, 0.7557777777777778, 0.7521111111111111, 0.7621111111111111, 0.7636666666666667, 0.7525555555555555, 0.761, 0.7577777777777778, 0.7506666666666667, 0.7544444444444445, 0.7497777777777778, 0.7585555555555555, 0.7556666666666667, 0.7537777777777778, 0.7575555555555555, 0.7456666666666667, 0.7595555555555555], "val_acc": [0.514, 0.512, 0.498, 0.492, 0.504, 0.498, 0.494, 0.502, 0.496, 0.502, 0.492, 0.472, 0.472, 0.486, 0.486, 0.472, 0.49, 0.474, 0.476, 0.494, 0.488, 0.488, 0.478, 0.476, 0.46, 0.48, 0.47, 0.47, 0.454, 0.472, 0.474, 0.452, 0.5, 0.48, 0.482, 0.48, 0.458, 0.474, 0.472, 0.478, 0.458, 0.454, 0.476, 0.48, 0.49, 0.474, 0.472, 0.47, 0.482, 0.484], "val_same_acc": [0.558, 0.534, 0.53, 0.534, 0.528, 0.522, 0.546, 0.544, 0.526, 0.526, 0.528, 0.518, 0.526, 0.518, 0.504, 0.532, 0.538, 0.518, 0.508, 0.512, 0.526, 0.488, 0.498, 0.502, 0.502, 0.51, 0.528, 0.51, 0.516, 0.514, 0.51, 0.502, 0.5, 0.48, 0.5, 0.512, 0.492, 0.516, 0.516, 0.48, 0.484, 0.496, 0.494, 0.478, 0.512, 0.504, 0.478, 0.506, 0.51, 0.498], "val_tre": [0.0, 0.0, 0.0, 0.0, 0.0, 0.0, 0.0, 0.0, 0.0, 0.0, 0.0, 0.0, 0.0, 0.0, 0.0, 0.0, 0.0, 0.0, 0.0, 0.0, 0.0, 0.0, 0.0, 0.0, 0.0, 0.0, 0.0, 0.0, 0.0, 0.0, 0.0, 0.0, 0.0, 0.0, 0.0, 0.0, 0.0, 0.0, 0.0, 0.0, 0.0, 0.0, 0.0, 0.0, 0.0, 0.0, 0.0, 0.0, 0.0, 0.0], "val_tre_std": [0.0, 0.0, 0.0, 0.0, 0.0, 0.0, 0.0, 0.0, 0.0, 0.0, 0.0, 0.0, 0.0, 0.0, 0.0, 0.0, 0.0, 0.0, 0.0, 0.0, 0.0, 0.0, 0.0, 0.0, 0.0, 0.0, 0.0, 0.0, 0.0, 0.0, 0.0, 0.0, 0.0, 0.0, 0.0, 0.0, 0.0, 0.0, 0.0, 0.0, 0.0, 0.0, 0.0, 0.0, 0.0, 0.0, 0.0, 0.0, 0.0, 0.0], "test_acc": [0.52, 0.529, 0.54, 0.5455, 0.538, 0.5475, 0.5425, 0.5395, 0.5265, 0.545, 0.541, 0.55, 0.5415, 0.5315, 0.545, 0.543, 0.5225, 0.5295, 0.534, 0.531, 0.5385, 0.531, 0.5265, 0.5235, 0.5355, 0.528, 0.524, 0.525, 0.5335, 0.541, 0.541, 0.542, 0.5295, 0.542, 0.5465, 0.526, 0.5285, 0.531, 0.524, 0.5335, 0.525, 0.5355, 0.5215, 0.5225, 0.5335, 0.5245, 0.5355, 0.5395, 0.5255, 0.529], "test_same_acc": [0.519, 0.526, 0.522, 0.527, 0.537, 0.519, 0.5285, 0.532, 0.533, 0.5225, 0.532, 0.529, 0.5255, 0.5215, 0.5235, 0.527, 0.535, 0.5335, 0.539, 0.531, 0.531, 0.5265, 0.523, 0.513, 0.525, 0.54, 0.53, 0.5285, 0.5345, 0.533, 0.535, 0.526, 0.522, 0.537, 0.52, 0.5155, 0.543, 0.5295, 0.5215, 0.533, 0.525, 0.534, 0.5295, 0.544, 0.5255, 0.523, 0.5295, 0.5375, 0.5205, 0.5325], "test_acc_ci": [0.015483371980934902, 0.015471706353857676, 0.01546535016092426, 0.015454383662087593, 0.015451518938279177, 0.015460860835509774, 0.015456055638486815, 0.015455502216848214, 0.01546770784489415, 0.015459820321562604, 0.015453818528117898, 0.015446732207816644, 0.01546034252854703, 0.015473382277317394, 0.01545876420594479, 0.015457150772377165, 0.015469523889732351, 0.015464379816209895, 0.015453818528117898, 0.01546535016092426, 0.015457692485458495, 0.015469523889732351, 0.015476165383421054, 0.015484835380946095, 0.015466776457135468, 0.015459294214161267, 0.01547255209718164, 0.01547296913249038, 0.015459294214161267, 0.015452676544857852, 0.015450345704870166, 0.015459294214161267, 0.01547459837200953, 0.015446732207816644, 0.015460860835509774, 0.015481811514645179, 0.015455502216848214, 0.01546677645713547, 0.015479112796765842, 0.015460860835509774, 0.01547577946340668, 0.015457692485458495, 0.015474995957996243, 0.015460860835509776, 0.015468167696918726, 0.015477670185625484, 0.015462392360175058, 0.01544915684107065, 0.015478757973429265, 0.015465829488747116], "best_epoch": 50, "best_val_acc": 0.484, "best_val_same_acc": 0.498, "best_val_tre": 0.0, "best_val_tre_std": 0.0, "best_test_acc": 0.529, "best_test_same_acc": 0.5325, "best_test_acc_ci": 0.015465829488747116, "lowest_val_tre": 0.0, "lowest_val_tre_std": 0.0, "has_same": true}