{"train_acc": [0.5018888888888889, 0.5036666666666667, 0.5824444444444444, 0.686, 0.6955555555555556, 0.7294444444444445, 0.7468888888888889, 0.738, 0.746, 0.7485555555555555, 0.7473333333333333, 0.7631111111111111, 0.7558888888888889, 0.7547777777777778, 0.7541111111111111, 0.7541111111111111, 0.7577777777777778, 0.7517777777777778, 0.7585555555555555, 0.758, 0.7555555555555555, 0.7562222222222222, 0.759, 0.7506666666666667, 0.7576666666666667], "val_acc": [0.508, 0.508, 0.518, 0.544, 0.558, 0.57, 0.582, 0.572, 0.564, 0.59, 0.582, 0.578, 0.584, 0.578, 0.562, 0.568, 0.576, 0.562, 0.556, 0.548, 0.568, 0.53, 0.526, 0.542, 0.538], "val_same_acc": [0.496, 0.496, 0.506, 0.556, 0.586, 0.532, 0.57, 0.566, 0.566, 0.566, 0.572, 0.568, 0.564, 0.59, 0.586, 0.54, 0.582, 0.57, 0.562, 0.57, 0.598, 0.576, 0.572, 0.576, 0.568], "test_acc": [0.496, 0.496, 0.5095, 0.5475, 0.58075, 0.5445, 0.57075, 0.5605, 0.55275, 0.55225, 0.5645, 0.5555, 0.568, 0.56575, 0.5675, 0.55675, 0.5565, 0.55675, 0.55625, 0.559, 0.5575, 0.5535, 0.55275, 0.55275, 0.5565], "test_same_acc": [0.49675, 0.49675, 0.50625, 0.55425, 0.56975, 0.5465, 0.56575, 0.56575, 0.55675, 0.55425, 0.554, 0.554, 0.56425, 0.55475, 0.5465, 0.55375, 0.538, 0.5575, 0.55525, 0.5485, 0.54525, 0.54225, 0.54525, 0.55025, 0.5505], "test_acc_ci": [0.010956445129323426, 0.010956445129323426, 0.010955374028159649, 0.010899867652722897, 0.010831935999049292, 0.010911272425798927, 0.010854178844458938, 0.010869062312217875, 0.010890848015076695, 0.010894418887095353, 0.010879532521551648, 0.010890848015076695, 0.010860493450892322, 0.010876894960764308, 0.010885303404131646, 0.010889635415729033, 0.010907700192409947, 0.01088498873894112, 0.010888411655861475, 0.010893239747086262, 0.010898741423755083, 0.010906391433323625, 0.01090399192039319, 0.010898458127184778, 0.010893830710544384], "positive_scores": [856.7619771957397, 601.973659992218, 556.9410920143127, 596.0932517051697, 673.0966506004333, 740.6674227714539, 798.6898012161255, 844.078537940979, 882.4024648666382, 906.3327217102051, 929.6542024612427, 944.0257415771484, 959.6136693954468, 967.6088771820068, 974.649697303772, 979.214789390564, 984.2284851074219, 987.3037538528442, 988.8342571258545, 991.3547716140747, 992.3669033050537, 993.74196434021, 994.8774499893188, 995.8612747192383, 995.996205329895], "negative_scores": [824.4602174758911, 434.15187311172485, 208.98751032352448, 76.64210996031761, 32.91392181813717, 20.516583897173405, 14.998770743608475, 10.087754163891077, 8.458786342293024, 6.840124097885564, 5.908527641091496, 4.334292448940687, 3.7684037067665486, 3.3085314066847786, 3.4003616023110226, 2.95025087549584, 2.8340768215130083, 2.3579393025283935, 2.7040884527377784, 2.7863245187327266, 2.486713865189813, 2.1896034925593995, 1.8961437122779898, 2.3087804276583483, 2.2210025093518198], "contrastive_train_acc": [5.61749997921288, 15.530833303928375, 29.375000044703484, 44.11999994516373, 58.59000015258789, 69.97750008106232, 78.10166674852371, 83.48999983072281, 87.69749993085861, 90.00916695594788, 91.84083318710327, 93.02083325386047, 94.73083353042603, 94.46916657686234, 95.2950000166893, 95.46416640281677, 96.16833341121674, 95.94166684150696, 96.28083348274231, 96.20749980211258, 96.11500012874603, 96.67583334445953, 96.6766664981842, 95.94833290576935, 96.83416676521301], "best_epoch": 21, "best_val_acc": 0.568, "best_val_same_acc": 0.598, "best_test_acc": 0.5575, "best_test_same_acc": 0.54525, "best_test_acc_ci": 0.010898741423755083, "best_val_ap": 0.5526451209106514, "best_test_ap": 0.5788740810072187, "best_val_same_ap": 0.5734190423808923, "best_test_same_ap": 0.5696176863889088, "has_same": true}