{"positive_scores": [46.34797612950206, 185.16262698173523, 262.68791031837463, 295.5575201511383, 342.4956614971161, 362.0697944164276, 368.4225642681122, 371.1723384857178, 371.6148257255554, 367.58435916900635, 365.8029272556305, 366.7674632072449, 368.58695697784424, 370.6896860599518, 379.20734691619873, 385.38439321517944, 385.8869135379791, 375.45734786987305, 375.83383440971375, 376.30727076530457, 377.4506833553314, 376.5910358428955, 373.16076612472534, 377.52174496650696, 371.7203416824341, 370.0428967475891, 379.7533175945282, 371.4435565471649, 367.99115800857544, 362.6049747467041, 362.45753931999207, 362.02768087387085, 368.2253041267395, 362.3184370994568, 367.0637505054474, 372.3598327636719, 371.8553993701935, 377.65914487838745, 383.38775515556335, 382.69372749328613, 381.1492202281952, 386.9619662761688, 385.02138566970825, 389.85575342178345, 388.3557617664337, 386.2137944698334, 388.3214023113251, 398.22766399383545, 394.6815359592438, 397.5279197692871, 397.66414284706116, 393.49857211112976, 398.8124063014984, 407.86705708503723, 403.9571650028229, 403.21077585220337, 410.01472568511963, 398.4902949333191, 407.05816102027893, 408.91403698921204, 413.24568247795105, 411.9775459766388, 411.534960269928, 413.10983538627625, 417.1211693286896, 419.9242334365845, 418.7515745162964, 425.53901052474976, 420.20567202568054, 427.15878772735596, 422.42688155174255, 428.1536204814911, 426.7972528934479, 426.5687794685364, 431.61564588546753, 431.30616521835327, 426.5134689807892, 428.6514220237732, 429.82240295410156, 432.0788176059723, 438.35638880729675, 439.3397374153137, 440.5244605541229, 436.1423637866974, 431.8162000179291, 443.813316822052, 441.38798809051514, 438.9259419441223, 448.4047975540161, 443.53691840171814, 444.1791572570801, 447.79711985588074, 450.56210923194885, 452.3186421394348, 451.9934720993042, 453.6841735839844, 452.90200996398926, 448.05738639831543, 448.5635349750519, 456.40736413002014], "negative_scores": [11.71631661063293, 105.17749625444412, 144.39480936527252, 137.47234719991684, 122.45507442951202, 117.4957389831543, 97.27267724275589, 92.45054429769516, 70.3679581284523, 70.71937906742096, 56.53336110711098, 57.50062254071236, 39.683458119630814, 40.38433690369129, 41.35820149630308, 42.14635682571679, 47.541171319782734, 31.754515374079347, 28.109855025541037, 24.451151973335072, 19.269431529857684, 19.97262632427737, 14.352005275897682, 17.601957529957872, 13.693880682811141, 15.82108544651419, 16.480122837470844, 5.729756102140527, 4.701840026304126, 5.409182323113782, 2.4531664428068325, 1.904250237508677, 4.353653967264108, 0.9048977436032146, 3.640957284718752, -2.8432083301013336, -5.381692316615954, -3.601083541288972, -1.758837442364893, -3.986851808615029, -5.435036647915695, -4.1297959087532945, -3.1721237341407686, -7.859774334356189, -4.118570902093779, -5.505470289150253, -7.5315152815310284, -5.232301994343288, -5.449389410670847, -7.1507929638028145, -8.497184726176783, -7.642186507466249, -10.289819054538384, -5.80387024441734, -9.717183739703614, -12.009274284471758, -13.619459941983223, -10.48344763345085, -11.96701101353392, -12.070132461783942, -10.408703456167132, -11.4047966072103, -13.134346398263006, -15.689730501035228, -12.42339798132889, -13.81381159601733, -10.329131473670714, -13.506248558289371, -12.557977465679869, -14.803740569390357, -12.336984107154422, -15.206276362761855, -13.02430387577624, -12.876752051059157, -15.749114538775757, -13.530542112624971, -15.306647378951311, -14.218866551294923, -14.913789997939602, -14.645935020409524, -15.253685612231493, -15.250867210328579, -13.65646439534612, -16.465414859354496, -16.121480710804462, -18.24527804949321, -17.043828356429003, -15.798736269120127, -16.406475969968596, -18.280563063221052, -16.45354936621152, -19.4230499509722, -17.415032899472862, -14.90372867595579, -15.166460658423603, -19.852406799211167, -17.24187993328087, -16.466195271816105, -18.351168075023452, -15.27628427091986], "contrastive_train_acc": [13.8125, 19.703125, 23.34375, 26.25, 30.359375, 31.296875, 32.34375, 32.90625, 34.609375, 33.609375, 34.359375, 35.484375, 36.625, 37.515625, 38.359375, 38.296875, 38.390625, 37.6875, 38.6875, 39.265625, 40.109375, 40.375, 40.6875, 40.21875, 40.53125, 42.640625, 44.390625, 44.8125, 45.765625, 45.078125, 47.859375, 47.21875, 46.96875, 47.328125, 49.125, 52.296875, 51.984375, 52.71875, 55.203125, 53.953125, 54.484375, 54.0, 54.125, 55.953125, 57.28125, 56.390625, 56.421875, 58.375, 56.75, 60.328125, 58.984375, 58.0625, 60.28125, 60.90625, 60.640625, 60.234375, 62.9375, 58.828125, 62.5, 64.359375, 63.859375, 63.046875, 64.3125, 64.859375, 67.390625, 65.765625, 64.984375, 65.578125, 63.3125, 68.0, 66.734375, 67.953125, 67.171875, 66.90625, 69.15625, 68.65625, 68.015625, 69.390625, 70.140625, 70.1875, 70.96875, 70.671875, 69.890625, 69.34375, 68.703125, 72.609375, 71.71875, 70.1875, 71.859375, 71.96875, 72.921875, 75.0625, 73.59375, 73.515625, 74.25, 72.953125, 73.5, 74.625, 73.21875, 75.0]}