{"train_acc": [0.5018888888888889, 0.5155555555555555, 0.5374444444444444, 0.6556666666666666, 0.6481111111111111, 0.7064444444444444, 0.6846666666666666, 0.7274444444444444, 0.6023333333333334, 0.762, 0.7581111111111111, 0.8124444444444444, 0.805, 0.8072222222222222, 0.8247777777777778, 0.8252222222222222, 0.8007777777777778, 0.8344444444444444], "val_acc": [0.506, 0.492, 0.51, 0.54, 0.548, 0.584, 0.582, 0.594, 0.53, 0.572, 0.544, 0.608, 0.61, 0.596, 0.586, 0.574, 0.564, 0.584], "val_same_acc": [0.498, 0.52, 0.504, 0.524, 0.534, 0.57, 0.524, 0.566, 0.52, 0.614, 0.548, 0.57, 0.604, 0.602, 0.574, 0.632, 0.612, 0.614], "val_tre": [0.0, 0.0, 0.0, 0.0, 0.0, 0.0, 0.0, 0.0, 0.0, 0.0, 0.0, 0.0, 0.0, 0.0, 0.0, 0.0, 0.0, 0.0], "val_tre_std": [0.0, 0.0, 0.0, 0.0, 0.0, 0.0, 0.0, 0.0, 0.0, 0.0, 0.0, 0.0, 0.0, 0.0, 0.0, 0.0, 0.0, 0.0], "test_acc": [0.49625, 0.5055, 0.51225, 0.543, 0.538, 0.56, 0.55275, 0.55925, 0.53325, 0.5875, 0.562, 0.5875, 0.589, 0.59125, 0.59625, 0.62275, 0.5925, 0.59675], "test_same_acc": [0.49725, 0.5105, 0.50975, 0.55275, 0.54025, 0.565, 0.56525, 0.57275, 0.53775, 0.58825, 0.58175, 0.60075, 0.6025, 0.6005, 0.593, 0.6095, 0.614, 0.61925], "test_acc_ci": [0.010956360212081153, 0.010956070187343635, 0.010956483478830012, 0.010956705355483232, 0.010956535866778331, 0.0109567245297979, 0.010953239731781413, 0.010954541523952518, 0.010955697287113908, 0.010955458953045965, 0.01095671631223858, 0.010956665979553267, 0.01095653586677833, 0.010956691659523645, 0.010956622152264811, 0.010956008551817583, 0.01095623865601238, 0.010949630824826926], "best_epoch": 12, "best_val_acc": 0.608, "best_val_same_acc": 0.57, "best_val_tre": 0.0, "best_val_tre_std": 0.0, "best_test_acc": 0.5875, "best_test_same_acc": 0.60075, "best_test_acc_ci": 0.010956665979553267, "lowest_val_tre": 0.0, "lowest_val_tre_std": 0.0, "has_same": true}