{"train_acc": [0.5322222222222223, 0.512, 0.6442222222222223, 0.7093333333333334, 0.7942222222222223, 0.8521111111111112, 0.8211111111111111, 0.8096666666666666, 0.8577777777777778, 0.8584444444444445, 0.8846666666666667, 0.9101111111111111, 0.8813333333333333, 0.9027777777777778, 0.8838888888888888, 0.9205555555555556, 0.9204444444444444, 0.8807777777777778, 0.9106666666666666, 0.9301111111111111, 0.9347777777777778, 0.9163333333333333, 0.9297777777777778, 0.9345555555555556, 0.9374444444444444, 0.9398888888888889, 0.9321111111111111, 0.9123333333333333, 0.8994444444444445, 0.9451111111111111, 0.9441111111111111, 0.9432222222222222, 0.9413333333333334, 0.9583333333333334, 0.9503333333333334, 0.9618888888888889, 0.9436666666666667, 0.959, 0.9553333333333334, 0.9618888888888889, 0.9645555555555556, 0.9577777777777777, 0.9496666666666667, 0.9411111111111111, 0.9431111111111111, 0.9545555555555556, 0.9553333333333334, 0.9638888888888889, 0.9507777777777778, 0.9507777777777778, 0.956, 0.9657777777777777, 0.9673333333333334, 0.9508888888888889, 0.965, 0.9674444444444444, 0.9655555555555555, 0.9526666666666667, 0.9686666666666667, 0.9708888888888889, 0.958, 0.9718888888888889, 0.9606666666666667, 0.9646666666666667, 0.9624444444444444, 0.9683333333333334, 0.9665555555555555, 0.9655555555555555, 0.972, 0.9677777777777777, 0.9751111111111112, 0.9562222222222222, 0.9596666666666667, 0.9685555555555555, 0.9553333333333334, 0.9605555555555556, 0.9628888888888889, 0.9602222222222222, 0.9648888888888889, 0.9601111111111111], "val_acc": [0.49, 0.464, 0.54, 0.558, 0.544, 0.598, 0.542, 0.534, 0.554, 0.56, 0.566, 0.588, 0.578, 0.594, 0.574, 0.566, 0.616, 0.584, 0.594, 0.586, 0.566, 0.582, 0.602, 0.576, 0.596, 0.6, 0.588, 0.576, 0.572, 0.59, 0.596, 0.592, 0.574, 0.584, 0.598, 0.582, 0.578, 0.6, 0.6, 0.58, 0.59, 0.602, 0.596, 0.632, 0.594, 0.602, 0.61, 0.604, 0.614, 0.626, 0.616, 0.59, 0.592, 0.612, 0.57, 0.594, 0.584, 0.616, 0.612, 0.588, 0.594, 0.598, 0.58, 0.578, 0.594, 0.606, 0.608, 0.63, 0.572, 0.582, 0.6, 0.554, 0.594, 0.59, 0.576, 0.59, 0.608, 0.592, 0.564, 0.562], "val_same_acc": [0.492, 0.49, 0.52, 0.524, 0.55, 0.572, 0.582, 0.546, 0.546, 0.59, 0.61, 0.582, 0.584, 0.566, 0.61, 0.58, 0.594, 0.602, 0.584, 0.596, 0.602, 0.596, 0.608, 0.652, 0.596, 0.62, 0.64, 0.616, 0.622, 0.596, 0.574, 0.59, 0.584, 0.614, 0.606, 0.614, 0.614, 0.6, 0.608, 0.586, 0.604, 0.578, 0.592, 0.598, 0.63, 0.6, 0.578, 0.61, 0.592, 0.598, 0.572, 0.614, 0.576, 0.6, 0.588, 0.582, 0.57, 0.592, 0.598, 0.572, 0.626, 0.582, 0.58, 0.582, 0.586, 0.592, 0.584, 0.574, 0.556, 0.582, 0.59, 0.556, 0.58, 0.588, 0.542, 0.602, 0.614, 0.558, 0.584, 0.58], "val_tre": [0.0, 0.0, 0.0, 0.0, 0.0, 0.0, 0.0, 0.0, 0.0, 0.0, 0.0, 0.0, 0.0, 0.0, 0.0, 0.0, 0.0, 0.0, 0.0, 0.0, 0.0, 0.0, 0.0, 0.0, 0.0, 0.0, 0.0, 0.0, 0.0, 0.0, 0.0, 0.0, 0.0, 0.0, 0.0, 0.0, 0.0, 0.0, 0.0, 0.0, 0.0, 0.0, 0.0, 0.0, 0.0, 0.0, 0.0, 0.0, 0.0, 0.0, 0.0, 0.0, 0.0, 0.0, 0.0, 0.0, 0.0, 0.0, 0.0, 0.0, 0.0, 0.0, 0.0, 0.0, 0.0, 0.0, 0.0, 0.0, 0.0, 0.0, 0.0, 0.0, 0.0, 0.0, 0.0, 0.0, 0.0, 0.0, 0.0, 0.0], "val_tre_std": [0.0, 0.0, 0.0, 0.0, 0.0, 0.0, 0.0, 0.0, 0.0, 0.0, 0.0, 0.0, 0.0, 0.0, 0.0, 0.0, 0.0, 0.0, 0.0, 0.0, 0.0, 0.0, 0.0, 0.0, 0.0, 0.0, 0.0, 0.0, 0.0, 0.0, 0.0, 0.0, 0.0, 0.0, 0.0, 0.0, 0.0, 0.0, 0.0, 0.0, 0.0, 0.0, 0.0, 0.0, 0.0, 0.0, 0.0, 0.0, 0.0, 0.0, 0.0, 0.0, 0.0, 0.0, 0.0, 0.0, 0.0, 0.0, 0.0, 0.0, 0.0, 0.0, 0.0, 0.0, 0.0, 0.0, 0.0, 0.0, 0.0, 0.0, 0.0, 0.0, 0.0, 0.0, 0.0, 0.0, 0.0, 0.0, 0.0, 0.0], "test_acc": [0.506, 0.498, 0.5245, 0.5375, 0.571, 0.5615, 0.5555, 0.5495, 0.5635, 0.582, 0.5645, 0.574, 0.5865, 0.5905, 0.58, 0.5745, 0.5865, 0.5855, 0.594, 0.586, 0.572, 0.5785, 0.5925, 0.583, 0.588, 0.579, 0.5835, 0.5925, 0.606, 0.585, 0.575, 0.5955, 0.579, 0.567, 0.577, 0.5725, 0.58, 0.5745, 0.576, 0.5575, 0.5705, 0.556, 0.579, 0.596, 0.5855, 0.5675, 0.5825, 0.5735, 0.5685, 0.5775, 0.5725, 0.567, 0.57, 0.578, 0.5625, 0.562, 0.562, 0.5795, 0.5635, 0.55, 0.5765, 0.559, 0.574, 0.575, 0.5695, 0.5495, 0.5695, 0.5685, 0.544, 0.5575, 0.557, 0.533, 0.566, 0.563, 0.5375, 0.5655, 0.5725, 0.5595, 0.583, 0.545], "test_same_acc": [0.5035, 0.5065, 0.533, 0.5265, 0.538, 0.5545, 0.5485, 0.548, 0.57, 0.5635, 0.566, 0.578, 0.567, 0.5785, 0.601, 0.563, 0.573, 0.5925, 0.5795, 0.5875, 0.5775, 0.5945, 0.577, 0.57, 0.576, 0.5745, 0.589, 0.574, 0.5915, 0.5755, 0.5695, 0.5925, 0.583, 0.5625, 0.573, 0.5795, 0.596, 0.5755, 0.5875, 0.5765, 0.5835, 0.555, 0.578, 0.6, 0.59, 0.5875, 0.595, 0.5955, 0.592, 0.584, 0.577, 0.5775, 0.58, 0.584, 0.5875, 0.571, 0.581, 0.584, 0.5845, 0.562, 0.597, 0.575, 0.5865, 0.5905, 0.5995, 0.578, 0.574, 0.5685, 0.5765, 0.5695, 0.5745, 0.543, 0.572, 0.576, 0.561, 0.5805, 0.597, 0.5765, 0.5725, 0.556], "test_acc_ci": [0.015494926168749564, 0.015494833196101208, 0.01549488161942517, 0.015489511519089295, 0.01548511641544874, 0.015462392360175058, 0.01548566684066269, 0.015490317540321763, 0.015448556546648624, 0.015451518938279176, 0.015446732207816644, 0.015444245009064059, 0.015409506724746252, 0.015428006193283692, 0.015425817546405768, 0.01547459837200953, 0.015452676544857852, 0.015395913844264001, 0.015420573257826701, 0.015410322773225746, 0.015460860835509774, 0.015437753087803936, 0.01544297793820868, 0.015425817546405768, 0.01544104798175953, 0.015411134883583363, 0.015442338533233882, 0.015368697875064109, 0.015387823737455534, 0.015428006193283692, 0.015408686737519198, 0.015428727892311797, 0.015432975700589954, 0.015450934275149838, 0.015444872675907691, 0.01546535016092426, 0.015400270094222377, 0.015463393883620766, 0.015428006193283692, 0.015435046666596121, 0.015427280569659708, 0.015446732207816644, 0.015415136385222154, 0.015334790535739313, 0.015353311613459814, 0.0154301595187801, 0.015412747292419997, 0.015436407713584144, 0.015395030749400927, 0.015425080145658888, 0.015416709440571294, 0.015439741771642427, 0.01539766818709898, 0.01536869787506411, 0.015411943056441649, 0.015422091268696345, 0.01543157545343313, 0.015399406738572756, 0.015421334228107503, 0.015428727892311797, 0.015374602107859575, 0.015412747292419997, 0.015415924879811787, 0.015419808357272146, 0.01538319082635329, 0.015448556546648623, 0.015461375242843049, 0.015407862810915732, 0.015433669942693478, 0.015438419898908049, 0.015433669942693478, 0.015455502216848214, 0.01538690506892143, 0.01541194305644165, 0.015462895070943216, 0.015400270094222375, 0.015395030749400927, 0.015389649208965095, 0.01539766818709898, 0.015471277645204354], "best_epoch": 44, "best_val_acc": 0.632, "best_val_same_acc": 0.598, "best_val_tre": 0.0, "best_val_tre_std": 0.0, "best_test_acc": 0.596, "best_test_same_acc": 0.6, "best_test_acc_ci": 0.015334790535739313, "lowest_val_tre": 0.0, "lowest_val_tre_std": 0.0, "has_same": true}