{"train_acc": [0.5373333333333333, 0.6833333333333333, 0.7666666666666667, 0.7638888888888888, 0.7984444444444444, 0.836, 0.8402222222222222, 0.8225555555555556, 0.8508888888888889, 0.8212222222222222, 0.8574444444444445, 0.8454444444444444, 0.8815555555555555, 0.8922222222222222, 0.9013333333333333, 0.9245555555555556, 0.8926666666666667, 0.9027777777777778, 0.9233333333333333, 0.8791111111111111, 0.9171111111111111, 0.9342222222222222, 0.9324444444444444, 0.9327777777777778, 0.9246666666666666, 0.9198888888888889, 0.9431111111111111, 0.9378888888888889, 0.9502222222222222, 0.9151111111111111, 0.9446666666666667, 0.9007777777777778, 0.928, 0.9612222222222222, 0.954, 0.9298888888888889, 0.916, 0.9427777777777778, 0.948, 0.9443333333333334, 0.9306666666666666, 0.9166666666666666, 0.9387777777777778, 0.9578888888888889, 0.954, 0.945, 0.951, 0.9405555555555556, 0.9662222222222222, 0.9573333333333334], "val_acc": [0.53, 0.556, 0.6, 0.562, 0.628, 0.686, 0.662, 0.69, 0.654, 0.686, 0.662, 0.688, 0.696, 0.694, 0.656, 0.666, 0.668, 0.7, 0.676, 0.712, 0.66, 0.64, 0.644, 0.632, 0.69, 0.668, 0.634, 0.674, 0.64, 0.68, 0.662, 0.696, 0.658, 0.614, 0.618, 0.654, 0.692, 0.642, 0.64, 0.632, 0.666, 0.672, 0.656, 0.61, 0.602, 0.644, 0.636, 0.644, 0.604, 0.616], "val_same_acc": [0.502, 0.552, 0.62, 0.63, 0.652, 0.732, 0.71, 0.734, 0.686, 0.742, 0.732, 0.734, 0.754, 0.726, 0.722, 0.696, 0.734, 0.732, 0.722, 0.766, 0.726, 0.702, 0.72, 0.68, 0.72, 0.76, 0.706, 0.696, 0.68, 0.75, 0.734, 0.756, 0.714, 0.678, 0.688, 0.74, 0.726, 0.688, 0.674, 0.692, 0.69, 0.704, 0.69, 0.652, 0.662, 0.692, 0.672, 0.682, 0.66, 0.66], "val_tre": [0.0, 0.0, 0.0, 0.0, 0.0, 0.0, 0.0, 0.0, 0.0, 0.0, 0.0, 0.0, 0.0, 0.0, 0.0, 0.0, 0.0, 0.0, 0.0, 0.0, 0.0, 0.0, 0.0, 0.0, 0.0, 0.0, 0.0, 0.0, 0.0, 0.0, 0.0, 0.0, 0.0, 0.0, 0.0, 0.0, 0.0, 0.0, 0.0, 0.0, 0.0, 0.0, 0.0, 0.0, 0.0, 0.0, 0.0, 0.0, 0.0, 0.0], "val_tre_std": [0.0, 0.0, 0.0, 0.0, 0.0, 0.0, 0.0, 0.0, 0.0, 0.0, 0.0, 0.0, 0.0, 0.0, 0.0, 0.0, 0.0, 0.0, 0.0, 0.0, 0.0, 0.0, 0.0, 0.0, 0.0, 0.0, 0.0, 0.0, 0.0, 0.0, 0.0, 0.0, 0.0, 0.0, 0.0, 0.0, 0.0, 0.0, 0.0, 0.0, 0.0, 0.0, 0.0, 0.0, 0.0, 0.0, 0.0, 0.0, 0.0, 0.0], "test_acc": [0.51275, 0.5925, 0.63375, 0.62175, 0.64025, 0.683, 0.67575, 0.68975, 0.68975, 0.6975, 0.70425, 0.72225, 0.71925, 0.72, 0.6965, 0.68025, 0.7245, 0.715, 0.69675, 0.73825, 0.7175, 0.6935, 0.68825, 0.65625, 0.67775, 0.696, 0.67475, 0.69575, 0.67775, 0.717, 0.69475, 0.71025, 0.6895, 0.6495, 0.67, 0.6865, 0.6935, 0.669, 0.676, 0.6705, 0.6895, 0.7045, 0.67575, 0.6385, 0.646, 0.668, 0.65775, 0.685, 0.61875, 0.6525], "test_same_acc": [0.52225, 0.59075, 0.6205, 0.609, 0.63425, 0.68325, 0.69175, 0.69825, 0.69175, 0.709, 0.69775, 0.7245, 0.71675, 0.734, 0.714, 0.6855, 0.722, 0.71825, 0.6855, 0.75525, 0.71425, 0.6905, 0.68525, 0.669, 0.69225, 0.70175, 0.678, 0.689, 0.675, 0.7185, 0.68, 0.72975, 0.69925, 0.6425, 0.67675, 0.697, 0.70375, 0.679, 0.67275, 0.68225, 0.7025, 0.69825, 0.6845, 0.62925, 0.65525, 0.679, 0.6425, 0.6805, 0.6315, 0.64475], "test_acc_ci": [0.010956185239397878, 0.010956039712043533, 0.010948073506187058, 0.010939385462487142, 0.010899867652722897, 0.010813796000942498, 0.010815133309251207, 0.010768633524616761, 0.010801937196054231, 0.010633104082151882, 0.01076657092520641, 0.01058359414007713, 0.010644571928922271, 0.010613743500616309, 0.010723459615342197, 0.010775257301887274, 0.010513656256864212, 0.01059016715578654, 0.01072632272496031, 0.010465739304989398, 0.010593792280004123, 0.010693821662384079, 0.010711824412623415, 0.01081155290635323, 0.010690756846453856, 0.010629690009003085, 0.010720578244082731, 0.010682077264628824, 0.01072230925905772, 0.010548265804742501, 0.010701704045968567, 0.010440791850806862, 0.010647903718426222, 0.0107876535330905, 0.010729167587556595, 0.010607395179189846, 0.010530360715420671, 0.0106986870735093, 0.010708869846417036, 0.010660394549452659, 0.010545181097899647, 0.010525622796152014, 0.010669426516336294, 0.010807470425011581, 0.010769660496041644, 0.010663636961509659, 0.010702905689577945, 0.01058871179842005, 0.010840134292872021, 0.010767603667947665], "best_epoch": 20, "best_val_acc": 0.712, "best_val_same_acc": 0.766, "best_val_tre": 0.0, "best_val_tre_std": 0.0, "best_test_acc": 0.73825, "best_test_same_acc": 0.75525, "best_test_acc_ci": 0.010465739304989398, "lowest_val_tre": 0.0, "lowest_val_tre_std": 0.0, "has_same": true}