{"train_acc": [0.5102222222222222, 0.6007777777777777, 0.6074444444444445, 0.713, 0.7647777777777778, 0.7774444444444445, 0.8086666666666666, 0.794, 0.8121111111111111, 0.8402222222222222, 0.8487777777777777, 0.8616666666666667, 0.8714444444444445, 0.8722222222222222, 0.8734444444444445, 0.8825555555555555, 0.8687777777777778, 0.8936666666666667, 0.89, 0.8735555555555555, 0.9095555555555556, 0.9094444444444445, 0.8854444444444445, 0.9047777777777778, 0.8944444444444445, 0.9193333333333333, 0.9322222222222222, 0.93, 0.922, 0.925, 0.9405555555555556, 0.9365555555555556, 0.9295555555555556, 0.9425555555555556, 0.9326666666666666, 0.9484444444444444, 0.9456666666666667, 0.9456666666666667, 0.9517777777777777, 0.9493333333333334, 0.9485555555555556, 0.9512222222222222, 0.9574444444444444, 0.9554444444444444, 0.9536666666666667, 0.955, 0.9578888888888889, 0.9563333333333334, 0.9615555555555556, 0.9592222222222222, 0.9623333333333334, 0.957, 0.9584444444444444, 0.9591111111111111, 0.9596666666666667, 0.9706666666666667, 0.9651111111111111], "val_acc": [0.538, 0.49, 0.496, 0.528, 0.558, 0.494, 0.55, 0.556, 0.546, 0.536, 0.514, 0.534, 0.518, 0.538, 0.564, 0.512, 0.572, 0.522, 0.55, 0.558, 0.546, 0.514, 0.538, 0.544, 0.546, 0.544, 0.522, 0.532, 0.552, 0.518, 0.544, 0.526, 0.518, 0.556, 0.548, 0.52, 0.532, 0.548, 0.544, 0.544, 0.516, 0.532, 0.572, 0.53, 0.546, 0.562, 0.54, 0.556, 0.556, 0.54, 0.53, 0.544, 0.558, 0.528, 0.538, 0.538, 0.534], "val_same_acc": [0.528, 0.522, 0.53, 0.522, 0.508, 0.5, 0.56, 0.558, 0.53, 0.554, 0.556, 0.562, 0.53, 0.592, 0.56, 0.558, 0.554, 0.54, 0.534, 0.57, 0.58, 0.55, 0.574, 0.594, 0.572, 0.556, 0.584, 0.56, 0.554, 0.538, 0.552, 0.56, 0.58, 0.58, 0.558, 0.562, 0.558, 0.602, 0.564, 0.554, 0.546, 0.552, 0.58, 0.564, 0.562, 0.55, 0.554, 0.552, 0.532, 0.552, 0.552, 0.568, 0.532, 0.554, 0.556, 0.554, 0.548], "val_tre": [0.0, 0.0, 0.0, 0.0, 0.0, 0.0, 0.0, 0.0, 0.0, 0.0, 0.0, 0.0, 0.0, 0.0, 0.0, 0.0, 0.0, 0.0, 0.0, 0.0, 0.0, 0.0, 0.0, 0.0, 0.0, 0.0, 0.0, 0.0, 0.0, 0.0, 0.0, 0.0, 0.0, 0.0, 0.0, 0.0, 0.0, 0.0, 0.0, 0.0, 0.0, 0.0, 0.0, 0.0, 0.0, 0.0, 0.0, 0.0, 0.0, 0.0, 0.0, 0.0, 0.0, 0.0, 0.0, 0.0, 0.0], "val_tre_std": [0.0, 0.0, 0.0, 0.0, 0.0, 0.0, 0.0, 0.0, 0.0, 0.0, 0.0, 0.0, 0.0, 0.0, 0.0, 0.0, 0.0, 0.0, 0.0, 0.0, 0.0, 0.0, 0.0, 0.0, 0.0, 0.0, 0.0, 0.0, 0.0, 0.0, 0.0, 0.0, 0.0, 0.0, 0.0, 0.0, 0.0, 0.0, 0.0, 0.0, 0.0, 0.0, 0.0, 0.0, 0.0, 0.0, 0.0, 0.0, 0.0, 0.0, 0.0, 0.0, 0.0, 0.0, 0.0, 0.0, 0.0], "test_acc": [0.504, 0.522, 0.5145, 0.514, 0.5365, 0.5345, 0.5455, 0.534, 0.5325, 0.5465, 0.541, 0.5535, 0.539, 0.548, 0.56, 0.5525, 0.5755, 0.5575, 0.561, 0.5615, 0.5425, 0.556, 0.5595, 0.5505, 0.549, 0.555, 0.5315, 0.5465, 0.5525, 0.553, 0.545, 0.549, 0.5375, 0.5505, 0.5425, 0.5465, 0.542, 0.537, 0.537, 0.5445, 0.532, 0.5275, 0.5295, 0.5455, 0.535, 0.538, 0.5345, 0.521, 0.5135, 0.5315, 0.5285, 0.519, 0.513, 0.5205, 0.5135, 0.522, 0.5085], "test_same_acc": [0.5105, 0.49, 0.5075, 0.5205, 0.524, 0.506, 0.532, 0.5445, 0.527, 0.5425, 0.5365, 0.5385, 0.539, 0.5505, 0.5375, 0.549, 0.543, 0.548, 0.572, 0.5545, 0.548, 0.5635, 0.56, 0.557, 0.553, 0.561, 0.5345, 0.5445, 0.5515, 0.549, 0.531, 0.558, 0.5345, 0.5335, 0.55, 0.5435, 0.5285, 0.534, 0.527, 0.5215, 0.546, 0.5265, 0.53, 0.5325, 0.523, 0.529, 0.53, 0.5255, 0.5245, 0.531, 0.5275, 0.5345, 0.542, 0.529, 0.5265, 0.519, 0.5225], "test_acc_ci": [0.015495143102759653, 0.015492363405884849, 0.015494966844107795, 0.015493417231198544, 0.015494966844107795, 0.015495143102759651, 0.01549488161942517, 0.015490317540321763, 0.015492921322332981, 0.015492921322332981, 0.015493531520444265, 0.015495090806445764, 0.015493531520444265, 0.015481160143057757, 0.01548908524090432, 0.015488186142992987, 0.015484835380946096, 0.015493641934677593, 0.015471706353857676, 0.015470408552297508, 0.015482131374587937, 0.01548620174219618, 0.015493417231198545, 0.015475389655029691, 0.01548455046489888, 0.01546535016092426, 0.015485393568618137, 0.015473382277317394, 0.015451518938279176, 0.015479463734251261, 0.015476165383421054, 0.015490121851522019, 0.015492061192752886, 0.015481487770883005, 0.015469075718994979, 0.015479112796765842, 0.015485393568618137, 0.01548593623178786, 0.015488186142992987, 0.015483371980934902, 0.015460860835509774, 0.015491410252136505, 0.015479463734251261, 0.015473382277317394, 0.015487713320564792, 0.01547729981618241, 0.01547296913249038, 0.015484835380946095, 0.015491410252136503, 0.01548620174219618, 0.015492214237319338, 0.015488866284366973, 0.015483968987310715, 0.015484261667092816, 0.015483672425332438, 0.015491410252136505, 0.015490697285790594], "best_epoch": 43, "best_val_acc": 0.572, "best_val_same_acc": 0.58, "best_val_tre": 0.0, "best_val_tre_std": 0.0, "best_test_acc": 0.5295, "best_test_same_acc": 0.53, "best_test_acc_ci": 0.015479463734251261, "lowest_val_tre": 0.0, "lowest_val_tre_std": 0.0, "has_same": true}