{"train_acc": [21.68484083218045, 12.119908686319986, 10.363020224677191, 9.769109975179036, 9.502438266330294, 9.27368253241645, 9.128625278049045, 9.034883592393664, 8.966676357693142, 8.911732008192274, 8.896254953172472, 8.895014322916667, 8.91628476969401, 9.12933996158176, 9.158303096347385, 9.43062114376492, 9.515588653564453, 9.647505481296115, 9.744047539605035, 9.909214682685004, 10.049812845865885, 10.327984550476074, 10.301694215562609, 10.510749806722005, 10.676771386040581, 10.705517228868272, 10.757148771497938, 10.857844923231337, 10.947377690633138, 11.065140601264106, 12.066352788289388, 11.66862427605523, 11.192510804918077, 11.142197649637858, 11.199416726006401, 11.272770733303494, 11.41471329328749, 11.589184644063314, 11.395260630289714, 11.508883036295574, 11.496605492485894, 11.687751732720269, 11.662834481133356, 11.528943350897896, 11.855535395304361, 11.784013928731282, 11.804597448560926, 11.830678014119465, 11.936767261928983, 11.973042098999024], "val_acc": [21.613558212280275, 12.067072273254395, 10.310066612243652, 9.784987922668456, 9.503076728820801, 9.278778244018556, 9.129818260192872, 9.081331298828125, 8.98080860900879, 8.951064498901367, 8.979325965881348, 8.950959671020508, 8.952219505310058, 9.164170738220214, 9.190411598205566, 9.459783378601074, 9.546410179138183, 9.679354804992675, 9.761330436706542, 9.998861419677734, 10.06269839477539, 10.41904467010498, 10.362265495300292, 10.531580139160157, 10.70842253112793, 10.730806495666505, 10.716275382995606, 10.86719652557373, 10.95575796508789, 11.06845086669922, 12.095077423095702, 11.682186019897461, 11.212561889648438, 11.146051879882812, 11.196447273254394, 11.250435775756836, 11.410257202148438, 11.647806922912597, 11.434151931762695, 11.567703872680664, 11.527240165710449, 11.69743320465088, 11.6548388671875, 11.562313522338867, 11.847695281982421, 11.746945495605468, 11.819619689941407, 11.838238967895508, 11.955035324096679, 11.998418869018554], "val_same_acc": [21.671407333374024, 12.186152465820312, 10.438513542175293, 9.83237013244629, 9.56866429901123, 9.355790199279785, 9.209013442993164, 9.11539340209961, 9.039504066467286, 8.993482177734375, 8.966771110534667, 8.950691596984864, 8.962780014038087, 9.150343864440918, 9.23096736907959, 9.517113464355468, 9.526420623779297, 9.669539093017578, 9.770137435913085, 9.960305206298829, 10.057110336303712, 10.40869660949707, 10.402905616760254, 10.59260758972168, 10.823128707885742, 10.783265167236328, 10.873985801696778, 10.978258666992188, 11.062603546142578, 11.151325584411621, 12.362723526000977, 11.945843063354491, 11.295987831115722, 11.304668731689453, 11.32353497314453, 11.406737800598144, 11.591911056518555, 11.721878074645996, 11.513606170654297, 11.624333961486816, 11.621881408691406, 11.845030921936035, 11.804551414489746, 11.713802459716797, 12.015550910949708, 11.968997993469237, 11.921931983947754, 11.921865493774414, 12.075715644836425, 12.098623107910155], "test_acc": [21.655890380859375, 12.18517138671875, 10.423778854370116, 9.83158331298828, 9.585032806396484, 9.305018524169922, 9.196755226135254, 9.096715866088868, 9.031439544677735, 9.01651628112793, 8.995945541381836, 8.977143699645996, 9.016806846618652, 9.214022903442382, 9.252626083374023, 9.540461212158203, 9.623503387451171, 9.75020262145996, 9.873846572875976, 10.049717811584472, 10.180728500366211, 10.432469192504882, 10.392054161071778, 10.682962615966797, 10.849249328613281, 10.795512649536132, 10.86318975830078, 11.014445671081543, 11.076234725952148, 11.157857986450196, 12.04179679107666, 11.671627891540528, 11.302528266906739, 11.265767227172852, 11.359830780029297, 11.393931457519532, 11.562607635498047, 11.76064030456543, 11.517349426269531, 11.634030975341798, 11.643723587036133, 11.837030700683593, 11.834134429931641, 11.584001068115235, 11.970123756408691, 11.923737091064453, 11.950026336669922, 12.010910919189453, 12.120238388061523, 12.13986826324463], "test_same_acc": [21.70189323425293, 12.115610656738282, 10.364103652954102, 9.772741836547851, 9.511030044555664, 9.279000259399414, 9.13772396850586, 9.049633850097656, 8.981025634765626, 8.925104644775391, 8.897000282287598, 8.896641532897949, 8.89991293334961, 9.108528167724609, 9.139644035339355, 9.434281784057617, 9.512561447143554, 9.648619499206543, 9.768955505371094, 9.886106170654298, 10.078481353759766, 10.386077247619628, 10.37442803955078, 10.570703948974609, 10.749541152954102, 10.767691513061523, 10.833673782348633, 10.930458251953125, 11.042297271728515, 11.140279762268067, 12.08273829650879, 11.671866035461425, 11.26666926574707, 11.214794555664062, 11.274745010375977, 11.368883193969726, 11.486002319335938, 11.696365852355957, 11.46247119140625, 11.598013053894043, 11.57972444152832, 11.77914471435547, 11.740087348937989, 11.623700576782227, 11.940333755493164, 11.875674575805665, 11.893431884765626, 11.91872068786621, 12.019004287719726, 12.041057037353516], "best_epoch": 1, "best_val_acc": 21.613558212280275, "best_val_same_acc": 21.671407333374024, "best_test_acc": 21.655890380859375, "best_test_same_acc": 21.70189323425293, "has_same": true}