{"train_acc": [21.804748825073244, 12.33355711110433, 10.435232450697157, 9.777188832600912, 9.493946099175346, 9.290651383294, 9.154325692070856, 9.038664543151855, 8.975616789076064, 8.916155793931749, 8.885803870307075, 9.110906496683757, 8.705102970547147, 9.302698464287651, 8.879586840311687, 8.558259221394858, 8.500154000176323, 8.469655394660101, 8.792651523166233, 8.370032234191894, 8.433928863525392, 8.358658873664009, 8.31726431189643, 8.320415128919814, 8.286426485697428, 8.234841030544706, 8.238844063652886, 8.202737139383952, 8.175523056877983, 8.136311766730415, 8.11627711529202, 8.134748865763346, 8.073967315673828, 8.158376281738281, 8.059787864685058, 8.033566313849555, 7.993447335984972, 7.990213675181071, 7.928365859985352, 7.942452329423692, 7.900942870669895, 8.02652798461914, 7.912881384531657, 7.8762617552015515, 7.8835512356228294, 7.9044536226060655, 7.843945943196615, 7.841158551534017, 7.828534307691786, 7.86268546210395], "val_acc": [22.253906158447265, 12.540432456970215, 10.558647148132325, 9.919984642028808, 9.573591484069825, 9.35793854522705, 9.258449745178222, 9.176466194152832, 9.04263589477539, 8.980566619873047, 8.954864768981933, 9.135039939880372, 8.738215362548829, 9.420958427429198, 8.851764366149903, 8.577413566589355, 8.521428741455079, 8.481337951660157, 8.929809623718262, 8.390010032653809, 8.501504005432128, 8.369287490844727, 8.341107109069824, 8.37561075592041, 8.290007934570312, 8.181290222167968, 8.227112033843994, 8.168371383666992, 8.136423713684081, 8.1753384475708, 8.094509979248047, 7.990639896392822, 8.01555062866211, 8.162578048706054, 8.05494806289673, 7.953278972625732, 7.893456081390381, 7.9239569053649905, 7.82249585723877, 7.852947692871094, 7.711597621917725, 7.828789821624756, 7.738483070373535, 7.791623546600341, 7.769783081054688, 7.741621307373046, 7.675140300750733, 7.776554817199707, 7.662632537841797, 7.654909496307373], "val_same_acc": [21.750562606811524, 12.340271682739258, 10.457812736511231, 9.804456680297852, 9.53363328552246, 9.315333518981934, 9.22513623046875, 9.097710876464843, 8.99626725769043, 8.941602432250976, 8.924192008972168, 9.104445198059082, 8.720861656188966, 9.391537933349609, 8.87326619720459, 8.517300682067871, 8.433640388488769, 8.441103706359863, 8.848025756835938, 8.271856018066407, 8.416256484985352, 8.248691661834716, 8.27010094833374, 8.206363162994386, 8.204774291992187, 8.105496761322021, 8.089526012420654, 8.091738224029541, 8.056563732147216, 7.9703014335632325, 7.94997794342041, 7.9124399795532225, 7.898830570220947, 8.032651065826416, 7.85773072052002, 7.84576596069336, 7.795212619781494, 7.81437939453125, 7.673620754241943, 7.698852447509766, 7.597140571594238, 7.704649959564209, 7.675516723632812, 7.599918392181396, 7.6068181228637695, 7.626196994781494, 7.494685459136963, 7.532372779846192, 7.534861217498779, 7.524031799316406], "test_acc": [21.677710235595704, 12.305254608154296, 10.425495780944825, 9.771060623168946, 9.529377433776855, 9.298619140625, 9.204169967651367, 9.081203422546388, 9.015539352416992, 8.925968063354492, 8.900194274902343, 9.080939437866212, 8.74440089416504, 9.308955978393554, 8.904166610717773, 8.51961644744873, 8.441268096923828, 8.479723762512206, 8.826693695068359, 8.303802307128906, 8.406131080627441, 8.28227342224121, 8.296394844055175, 8.23424080657959, 8.202415878295898, 8.145601676940919, 8.127363723754883, 8.071365116119384, 8.03963801574707, 8.024222244262695, 8.000915809631348, 7.95019522857666, 7.939707164764404, 8.056630683898925, 7.914836845397949, 7.9205232391357425, 7.83318730545044, 7.881777824401856, 7.779582748413086, 7.815779174804687, 7.694944778442383, 7.842401206970215, 7.725582641601562, 7.755173019409179, 7.680549301147461, 7.734869720458985, 7.654698104858398, 7.737222324371338, 7.718793548583984, 7.660704086303711], "test_same_acc": [21.910816619873046, 12.381849746704102, 10.494431716918946, 9.804882751464843, 9.51748184967041, 9.330910751342774, 9.165366806030274, 9.062008697509766, 8.996517837524413, 8.93486489868164, 8.916509262084961, 9.106707199096679, 8.699238899230958, 9.3244086227417, 8.836851028442382, 8.488016899108887, 8.431471466064453, 8.411435089111329, 8.801237854003906, 8.286842193603515, 8.382765869140625, 8.218839462280274, 8.252393684387208, 8.199921699523927, 8.18227638244629, 8.086571090698243, 8.087630996704101, 8.050458328247071, 8.021991973876952, 7.9662855491638185, 7.932921863555908, 7.9118732109069825, 7.907640419006348, 8.02868716430664, 7.8808001556396485, 7.862611232757568, 7.794597087860107, 7.785844993591309, 7.682647720336914, 7.693967391967774, 7.621606925964356, 7.720201301574707, 7.6617436027526855, 7.621724189758301, 7.627715217590332, 7.633179710388184, 7.513595565795899, 7.5958817672729495, 7.556687305450439, 7.551020950317382], "best_epoch": 1, "best_val_acc": 22.253906158447265, "best_val_same_acc": 21.750562606811524, "best_test_acc": 21.677710235595704, "best_test_same_acc": 21.910816619873046, "has_same": true}