{"acc": [0.0494791679084301, 0.0885416716337204, 0.1145833358168602, 0.2578125, 0.2552083432674408, 0.4270833432674408, 0.4010416865348816, 0.5625, 0.6927083730697632, 0.6354166865348816, 0.6666666865348816, 0.7213541865348816, 0.7838541865348816, 0.7630208730697632, 0.8072916865348816, 0.859375, 0.7994791865348816, 0.8255208730697632, 0.9244791865348816, 0.9140625, 0.9348958730697632, 0.9739583730697632, 0.9609375, 0.921875, 0.9010416865348816], "pos_score": [0.7360399961471558, 0.8243980407714844, 0.7089200019836426, 1.095986008644104, 1.1427133083343506, 1.232722520828247, 1.2872053384780884, 1.5463829040527344, 1.7832190990447998, 1.7676703929901123, 1.9067752361297607, 1.883103370666504, 1.905759334564209, 2.0286314487457275, 2.0330724716186523, 2.112562656402588, 2.092341899871826, 2.0434470176696777, 2.259531021118164, 2.409802198410034, 2.285630226135254, 2.3536767959594727, 2.3787755966186523, 2.254509449005127, 2.234959840774536], "neg_score": [0.2492276281118393, 0.13964174687862396, 0.08609902113676071, 0.12394695729017258, 0.09939005225896835, 0.035749651491642, 0.027352260425686836, 0.02509673498570919, 0.02758743241429329, 0.051234617829322815, 0.02282007783651352, 0.023217856884002686, 0.021401144564151764, 0.03984758257865906, 0.07758450508117676, 0.006892994046211243, 0.021104419603943825, 0.014224621467292309, 0.03999464958906174, 0.02933233045041561, 0.03883099928498268, 0.03600240871310234, 0.009686803445219994, 0.008249480277299881, 0.028463078662753105], "simple_val_acc": [0.505859387730593, 0.576962087067459, 0.5889492021955351, 0.5811367042967872, 0.6121183368004148, 0.5987148286827186, 0.6065273280677613, 0.5910365117988408, 0.6008021376937279, 0.6123867052187788, 0.5988490089950976, 0.6026658033183421, 0.5892622968611194, 0.606214233859396, 0.6006232273293026, 0.5947638505915152, 0.5813156142910829, 0.5891728428297299, 0.5947191234360776, 0.5830898251991457, 0.6025316248050685, 0.5947191219053494, 0.5984911885786133, 0.5967169741283256, 0.5948533057297388], "simple_val_auc": [0.5215439209215142, 0.5462879892340473, 0.5811892212307149, 0.578465691536231, 0.5951753472500361, 0.5863679328409619, 0.5812933561896217, 0.5865001041349589, 0.5945024752078694, 0.5800958041621942, 0.5865762027587754, 0.5866042390938657, 0.5836724394815682, 0.580155882023102, 0.584873996699723, 0.5861596629231485, 0.5866322754289559, 0.5799876640125603, 0.5774683990451626, 0.5786018680209551, 0.5865521716144123, 0.5834841955173906, 0.5823427161601435, 0.5771159422611705, 0.5826791521812269], "simple_val_acc_ci": [0.04305583552033881, 0.04254211714382938, 0.04237416537172976, 0.042488805801988716, 0.04196518073476559, 0.04221569425131315, 0.04207666693629731, 0.042343824206543916, 0.04218196530588324, 0.04196518073476559, 0.04221569425131315, 0.04214755110490396, 0.04237416537172976, 0.04207666436979712, 0.04218196530588324, 0.04228111690752634, 0.0424888083684889, 0.04237416537172976, 0.04228111690752634, 0.04246115176249646, 0.04214755110490396, 0.04228111690752634, 0.04221569425131315, 0.04224874307419406, 0.04228111690752634], "train_acc": [0.8813333333333333, 0.9375555555555556, 0.9695555555555555, 0.9824444444444445, 0.989, 0.9933333333333333, 0.9951111111111111, 0.9963333333333333, 0.9961111111111111, 0.9973333333333333, 0.9968888888888889, 0.9983333333333333, 0.9974444444444445, 0.998, 0.9978888888888889, 0.9975555555555555, 0.9974444444444445, 0.9977777777777778, 0.9982222222222222, 0.9984444444444445], "val_acc": [0.54, 0.546, 0.564, 0.564, 0.566, 0.562, 0.554, 0.546, 0.548, 0.536, 0.532, 0.542, 0.538, 0.538, 0.532, 0.536, 0.534, 0.536, 0.532, 0.526], "val_same_acc": [0.546, 0.56, 0.54, 0.568, 0.564, 0.544, 0.532, 0.53, 0.522, 0.524, 0.524, 0.53, 0.532, 0.53, 0.518, 0.522, 0.528, 0.53, 0.53, 0.524], "test_acc": [0.5515, 0.5525, 0.559, 0.559, 0.553, 0.5455, 0.5335, 0.528, 0.5205, 0.513, 0.507, 0.5135, 0.5125, 0.5075, 0.5095, 0.5135, 0.516, 0.512, 0.5175, 0.519], "test_same_acc": [0.5475, 0.5495, 0.5505, 0.5595, 0.5575, 0.536, 0.5315, 0.524, 0.521, 0.5185, 0.518, 0.514, 0.5145, 0.513, 0.5155, 0.5135, 0.511, 0.51, 0.513, 0.513], "test_acc_ci": [0.01541903952585893, 0.01541434395619872, 0.015401984968665567, 0.015385982444257497, 0.015400270094222377, 0.015443613429991052, 0.015462392360175058, 0.015474196896769798, 0.015481811514645179, 0.0154874710903685, 0.015490317540321763, 0.015489300319091242, 0.015489511519089295, 0.015491904272070624, 0.015490317540321763, 0.015489511519089295, 0.015489511519089295, 0.015491410252136505, 0.015487951671379917, 0.015487224980609015], "best_epoch": 4, "best_val_acc": 0.564, "best_val_same_acc": 0.568, "best_test_acc": 0.559, "best_test_same_acc": 0.5595, "best_test_acc_ci": 0.015385982444257497, "has_same": true}