{"acc_im_lang": [0.03125], "acc_lang_im": [0.0078125], "pos_score": [-0.052322447299957275], "neg_score": [-0.06086750701069832], "simple_val_acc": [0.5060806594596755], "simple_val_acc_ci": [0.043911659297027734]}