{"train_acc": [0.755, 0.7483333333333333, 0.7481111111111111, 0.7484444444444445], "val_acc": [0.614, 0.598, 0.578, 0.57], "val_same_acc": [0.594, 0.62, 0.61, 0.594], "val_tre": [0.0, 0.0, 0.0, 0.0], "val_tre_std": [0.0, 0.0, 0.0, 0.0], "test_acc": [0.59475, 0.583, 0.59175, 0.58225], "test_same_acc": [0.5995, 0.59425, 0.5905, 0.5825], "test_acc_ci": [0.010748029858856692, 0.01078324263020521, 0.010773232186622314, 0.0108070132493615], "best_epoch": 1, "best_val_acc": 0.614, "best_val_same_acc": 0.594, "best_val_tre": 0.0, "best_val_tre_std": 0.0, "best_test_acc": 0.59475, "best_test_same_acc": 0.5995, "best_test_acc_ci": 0.010748029858856692, "lowest_val_tre": 0.0, "lowest_val_tre_std": 0.0, "has_same": true}