{"train_acc": [0.7573333333333333, 0.7576666666666667, 0.757, 0.7588888888888888, 0.7626666666666667, 0.7665555555555555, 0.7725555555555556, 0.7573333333333333, 0.7535555555555555, 0.7656666666666667, 0.7586666666666667, 0.7578888888888888, 0.7576666666666667, 0.7604444444444445, 0.7665555555555555, 0.7595555555555555, 0.7645555555555555], "val_acc": [0.608, 0.608, 0.606, 0.602, 0.61, 0.604, 0.608, 0.606, 0.612, 0.606, 0.588, 0.588, 0.58, 0.562, 0.57, 0.562, 0.538], "val_same_acc": [0.614, 0.622, 0.632, 0.624, 0.618, 0.614, 0.606, 0.602, 0.604, 0.618, 0.594, 0.606, 0.614, 0.612, 0.626, 0.598, 0.6], "val_tre": [0.0, 0.0, 0.0, 0.0, 0.0, 0.0, 0.0, 0.0, 0.0, 0.0, 0.0, 0.0, 0.0, 0.0, 0.0, 0.0, 0.0], "val_tre_std": [0.0, 0.0, 0.0, 0.0, 0.0, 0.0, 0.0, 0.0, 0.0, 0.0, 0.0, 0.0, 0.0, 0.0, 0.0, 0.0, 0.0], "test_acc": [0.6085, 0.60725, 0.604, 0.60175, 0.60375, 0.609, 0.6035, 0.59425, 0.60075, 0.59425, 0.597, 0.58925, 0.58675, 0.59075, 0.58425, 0.57825, 0.586], "test_same_acc": [0.60375, 0.60575, 0.6055, 0.6095, 0.60425, 0.608, 0.59875, 0.59675, 0.59275, 0.594, 0.59325, 0.587, 0.59, 0.59425, 0.58125, 0.5825, 0.58275], "test_acc_ci": [0.010707088306205145, 0.010705300161602193, 0.010713588357198534, 0.010709462226081894, 0.01071709647245932, 0.01069565171226139, 0.010730300426683076, 0.010755020034848841, 0.010749653849659532, 0.010760839214339882, 0.010756615766442296, 0.010785210211065658, 0.010784227857008354, 0.010767603667947663, 0.010805637440128184, 0.010814242482572463, 0.010799601320043022], "best_epoch": 10, "best_val_acc": 0.606, "best_val_same_acc": 0.618, "best_val_tre": 0.0, "best_val_tre_std": 0.0, "best_test_acc": 0.59425, "best_test_same_acc": 0.594, "best_test_acc_ci": 0.010760839214339882, "lowest_val_tre": 0.0, "lowest_val_tre_std": 0.0, "has_same": true}