{"train_acc": [0.6173333333333333, 0.7212222222222222, 0.7344444444444445, 0.7362222222222222, 0.7396666666666667, 0.7491111111111111, 0.7548888888888889, 0.7461111111111111, 0.7417777777777778, 0.7466666666666667, 0.7491111111111111, 0.7424444444444445, 0.7505555555555555, 0.7503333333333333, 0.7514444444444445, 0.7517777777777778, 0.7523333333333333, 0.7474444444444445, 0.7528888888888889, 0.7476666666666667, 0.7526666666666667, 0.7486666666666667, 0.7568888888888889, 0.7542222222222222, 0.7536666666666667, 0.7593333333333333, 0.7545555555555555, 0.7451111111111111], "val_acc": [0.532, 0.556, 0.57, 0.568, 0.57, 0.578, 0.59, 0.61, 0.58, 0.6, 0.572, 0.592, 0.604, 0.598, 0.574, 0.63, 0.594, 0.612, 0.618, 0.592, 0.598, 0.586, 0.608, 0.594, 0.594, 0.61, 0.598, 0.604], "val_same_acc": [0.542, 0.54, 0.572, 0.57, 0.606, 0.594, 0.61, 0.588, 0.58, 0.598, 0.59, 0.592, 0.608, 0.598, 0.588, 0.588, 0.604, 0.596, 0.59, 0.604, 0.616, 0.626, 0.63, 0.618, 0.594, 0.62, 0.624, 0.598], "val_tre": [0.0, 0.0, 0.0, 0.0, 0.0, 0.0, 0.0, 0.0, 0.0, 0.0, 0.0, 0.0, 0.0, 0.0, 0.0, 0.0, 0.0, 0.0, 0.0, 0.0, 0.0, 0.0, 0.0, 0.0, 0.0, 0.0, 0.0, 0.0], "val_tre_std": [0.0, 0.0, 0.0, 0.0, 0.0, 0.0, 0.0, 0.0, 0.0, 0.0, 0.0, 0.0, 0.0, 0.0, 0.0, 0.0, 0.0, 0.0, 0.0, 0.0, 0.0, 0.0, 0.0, 0.0, 0.0, 0.0, 0.0, 0.0], "test_acc": [0.542, 0.5495, 0.563, 0.5635, 0.5715, 0.581, 0.5895, 0.5925, 0.59575, 0.5975, 0.59725, 0.59875, 0.5935, 0.59725, 0.596, 0.5965, 0.6045, 0.60025, 0.60075, 0.6025, 0.61, 0.60875, 0.60175, 0.60525, 0.6065, 0.60575, 0.6045, 0.60775], "test_same_acc": [0.5475, 0.55925, 0.56175, 0.568, 0.57675, 0.58225, 0.587, 0.58125, 0.5925, 0.5915, 0.59575, 0.602, 0.5885, 0.59925, 0.5915, 0.60275, 0.60675, 0.60275, 0.608, 0.61225, 0.618, 0.60975, 0.6115, 0.615, 0.60725, 0.606, 0.61425, 0.60925], "test_acc_ci": [0.010912761771774365, 0.010891750142739914, 0.010871141355528175, 0.010861586688302036, 0.010835660275076688, 0.010809745601626106, 0.01078471939308112, 0.0107900789175462, 0.010760839214339882, 0.010759260845894575, 0.010750732884320028, 0.010733681450083889, 0.010773739545765899, 0.010743118699311667, 0.010762411076868417, 0.010737036251772414, 0.010709462226081894, 0.010728600074101, 0.010715345709396173, 0.01070110212183189, 0.010668145143369582, 0.010691984983505166, 0.010704702645187065, 0.010687673600783053, 0.01070350540929816, 0.01070827673329724, 0.010691371283510595, 0.01069565171226139], "best_epoch": 28, "best_val_acc": 0.604, "best_val_same_acc": 0.598, "best_val_tre": 0.0, "best_val_tre_std": 0.0, "best_test_acc": 0.60775, "best_test_same_acc": 0.60925, "best_test_acc_ci": 0.01069565171226139, "lowest_val_tre": 0.0, "lowest_val_tre_std": 0.0, "has_same": true}