{"train_acc": [0.5018888888888889, 0.5018888888888889, 0.5005555555555555, 0.4978888888888889, 0.497, 0.5052222222222222, 0.513, 0.49833333333333335, 0.5082222222222222, 0.4922222222222222, 0.5013333333333333, 0.5011111111111111, 0.5004444444444445, 0.49977777777777777, 0.5014444444444445, 0.5, 0.4991111111111111, 0.5093333333333333, 0.5061111111111111, 0.5005555555555555, 0.5035555555555555], "val_acc": [0.508, 0.508, 0.508, 0.508, 0.508, 0.508, 0.508, 0.492, 0.492, 0.492, 0.492, 0.492, 0.508, 0.508, 0.508, 0.492, 0.492, 0.492, 0.492, 0.492, 0.492], "val_same_acc": [0.496, 0.496, 0.496, 0.496, 0.496, 0.496, 0.496, 0.504, 0.504, 0.504, 0.504, 0.504, 0.496, 0.496, 0.496, 0.504, 0.504, 0.504, 0.504, 0.504, 0.504], "val_tre": [0.0, 0.0, 0.0, 0.0, 0.0, 0.0, 0.0, 0.0, 0.0, 0.0, 0.0, 0.0, 0.0, 0.0, 0.0, 0.0, 0.0, 0.0, 0.0, 0.0, 0.0], "val_tre_std": [0.0, 0.0, 0.0, 0.0, 0.0, 0.0, 0.0, 0.0, 0.0, 0.0, 0.0, 0.0, 0.0, 0.0, 0.0, 0.0, 0.0, 0.0, 0.0, 0.0, 0.0], "test_acc": [0.496, 0.496, 0.496, 0.496, 0.496, 0.496, 0.496, 0.504, 0.504, 0.504, 0.504, 0.504, 0.496, 0.496, 0.496, 0.504, 0.504, 0.504, 0.504, 0.504, 0.504], "test_same_acc": [0.49675, 0.49675, 0.49675, 0.49675, 0.49675, 0.49675, 0.49675, 0.50325, 0.50325, 0.50325, 0.50325, 0.50325, 0.49675, 0.49675, 0.49675, 0.50325, 0.50325, 0.50325, 0.50325, 0.50325, 0.50325], "test_acc_ci": [0.010956445129323426, 0.010956445129323426, 0.010956445129323426, 0.010956445129323426, 0.010956445129323426, 0.010956445129323426, 0.010956445129323426, 0.010956445129323426, 0.010956445129323426, 0.010956445129323426, 0.010956445129323426, 0.010956445129323426, 0.010956445129323426, 0.010956445129323426, 0.010956445129323426, 0.010956445129323426, 0.010956445129323426, 0.010956445129323426, 0.010956445129323426, 0.010956445129323426, 0.010956445129323426], "best_epoch": 1, "best_val_acc": 0.508, "best_val_same_acc": 0.496, "best_val_tre": 0.0, "best_val_tre_std": 0.0, "best_test_acc": 0.496, "best_test_same_acc": 0.49675, "best_test_acc_ci": 0.010956445129323426, "lowest_val_tre": 0.0, "lowest_val_tre_std": 0.0, "has_same": true}