{"train_acc": [0.5018888888888889, 0.5018888888888889], "val_acc": [0.508, 0.508], "val_same_acc": [0.496, 0.496], "val_tre": [0.0, 0.0], "val_tre_std": [0.0, 0.0], "test_acc": [0.496, 0.496], "test_same_acc": [0.49675, 0.49675], "test_acc_ci": [0.010956445129323426, 0.010956445129323426], "best_epoch": 1, "best_val_acc": 0.508, "best_val_same_acc": 0.496, "best_val_tre": 0.0, "best_val_tre_std": 0.0, "best_test_acc": 0.496, "best_test_same_acc": 0.49675, "best_test_acc_ci": 0.010956445129323426, "lowest_val_tre": 0.0, "lowest_val_tre_std": 0.0, "has_same": true}