{"train_acc": [0.7577777777777778, 0.7586666666666667, 0.7555555555555555, 0.7666666666666667, 0.7618888888888888, 0.7675555555555555, 0.7806666666666666, 0.7644444444444445, 0.7622222222222222, 0.7773333333333333, 0.7706666666666667, 0.7813333333333333, 0.7727777777777778, 0.7764444444444445, 0.7755555555555556, 0.774, 0.7815555555555556, 0.7808888888888889, 0.7823333333333333, 0.7876666666666666, 0.7903333333333333, 0.7903333333333333, 0.8006666666666666, 0.8026666666666666, 0.8041111111111111, 0.8122222222222222, 0.8082222222222222, 0.8115555555555556, 0.8252222222222222, 0.8245555555555556, 0.8214444444444444, 0.8335555555555556, 0.8304444444444444, 0.8318888888888889, 0.8383333333333334, 0.8464444444444444, 0.858, 0.8516666666666667, 0.8572222222222222, 0.8612222222222222, 0.867, 0.8694444444444445, 0.8667777777777778, 0.8757777777777778, 0.8752222222222222, 0.87, 0.8802222222222222, 0.8812222222222222, 0.8838888888888888, 0.8881111111111111], "val_acc": [0.598, 0.594, 0.576, 0.582, 0.602, 0.598, 0.578, 0.57, 0.564, 0.572, 0.574, 0.552, 0.554, 0.562, 0.566, 0.572, 0.572, 0.572, 0.58, 0.576, 0.564, 0.552, 0.558, 0.558, 0.554, 0.546, 0.526, 0.528, 0.546, 0.542, 0.548, 0.524, 0.532, 0.526, 0.522, 0.552, 0.53, 0.532, 0.536, 0.522, 0.524, 0.53, 0.54, 0.534, 0.542, 0.524, 0.544, 0.528, 0.512, 0.504], "val_same_acc": [0.61, 0.604, 0.594, 0.582, 0.568, 0.58, 0.594, 0.59, 0.598, 0.584, 0.594, 0.602, 0.616, 0.584, 0.584, 0.572, 0.602, 0.59, 0.57, 0.586, 0.586, 0.586, 0.588, 0.584, 0.58, 0.592, 0.592, 0.576, 0.586, 0.58, 0.584, 0.592, 0.556, 0.546, 0.538, 0.55, 0.552, 0.566, 0.57, 0.572, 0.552, 0.546, 0.554, 0.568, 0.558, 0.55, 0.56, 0.552, 0.55, 0.536], "val_tre": [0.0, 0.0, 0.0, 0.0, 0.0, 0.0, 0.0, 0.0, 0.0, 0.0, 0.0, 0.0, 0.0, 0.0, 0.0, 0.0, 0.0, 0.0, 0.0, 0.0, 0.0, 0.0, 0.0, 0.0, 0.0, 0.0, 0.0, 0.0, 0.0, 0.0, 0.0, 0.0, 0.0, 0.0, 0.0, 0.0, 0.0, 0.0, 0.0, 0.0, 0.0, 0.0, 0.0, 0.0, 0.0, 0.0, 0.0, 0.0, 0.0, 0.0], "val_tre_std": [0.0, 0.0, 0.0, 0.0, 0.0, 0.0, 0.0, 0.0, 0.0, 0.0, 0.0, 0.0, 0.0, 0.0, 0.0, 0.0, 0.0, 0.0, 0.0, 0.0, 0.0, 0.0, 0.0, 0.0, 0.0, 0.0, 0.0, 0.0, 0.0, 0.0, 0.0, 0.0, 0.0, 0.0, 0.0, 0.0, 0.0, 0.0, 0.0, 0.0, 0.0, 0.0, 0.0, 0.0, 0.0, 0.0, 0.0, 0.0, 0.0, 0.0], "test_acc": [0.5755, 0.5755, 0.5785, 0.57275, 0.57825, 0.58125, 0.576, 0.57825, 0.57425, 0.569, 0.56925, 0.5745, 0.57425, 0.5715, 0.579, 0.572, 0.56325, 0.5625, 0.561, 0.55875, 0.55925, 0.5615, 0.55825, 0.55525, 0.56075, 0.565, 0.556, 0.55725, 0.552, 0.55125, 0.5455, 0.545, 0.5465, 0.547, 0.54, 0.545, 0.54675, 0.54375, 0.545, 0.547, 0.5385, 0.54, 0.5385, 0.532, 0.5315, 0.532, 0.53175, 0.534, 0.532, 0.528], "test_same_acc": [0.585, 0.58775, 0.589, 0.5905, 0.59525, 0.591, 0.5905, 0.591, 0.5825, 0.585, 0.58, 0.576, 0.57725, 0.58175, 0.57575, 0.58425, 0.58275, 0.58075, 0.577, 0.5795, 0.58275, 0.5705, 0.573, 0.56875, 0.571, 0.5675, 0.5705, 0.57175, 0.569, 0.56175, 0.563, 0.55975, 0.554, 0.557, 0.55425, 0.552, 0.5425, 0.54475, 0.54575, 0.53925, 0.5405, 0.53775, 0.541, 0.5395, 0.537, 0.53525, 0.5355, 0.52975, 0.527, 0.52775], "test_acc_ci": [0.010814688251979341, 0.010809745601626106, 0.010801937196054233, 0.010809745601626106, 0.010790561842995015, 0.01079296571832205, 0.010803793032426158, 0.01079866196442295, 0.010821289385829906, 0.010826028551597304, 0.010834012124872068, 0.010831935999049292, 0.010830262341582499, 0.010827306138734373, 0.010824744575364123, 0.010822157446501827, 0.010839327202368236, 0.010843731206179678, 0.010851901575300062, 0.010851519563953934, 0.010845704762715977, 0.010860858566430187, 0.010861949694777408, 0.010872171411452268, 0.010861222978876504, 0.01086012763219199, 0.010868713350139472, 0.010865185131878792, 0.01087622857198211, 0.010886555081842922, 0.010892049457631926, 0.010896455564626279, 0.010901259789010626, 0.010897317981962348, 0.010907959861810776, 0.01090506531617303, 0.010913007569954078, 0.010913740806318427, 0.010911522383328324, 0.010915903102669747, 0.0109224890913198, 0.010923565821052895, 0.010922053560915183, 0.01092869042417709, 0.010930996998787437, 0.010931928758086332, 0.010931928758086332, 0.010934445998626311, 0.010937646271021931, 0.010939692733202106], "best_epoch": 1, "best_val_acc": 0.598, "best_val_same_acc": 0.61, "best_val_tre": 0.0, "best_val_tre_std": 0.0, "best_test_acc": 0.5755, "best_test_same_acc": 0.585, "best_test_acc_ci": 0.010814688251979341, "lowest_val_tre": 0.0, "lowest_val_tre_std": 0.0, "has_same": true}