{"train_acc": [0.731, 0.7505555555555555, 0.7444444444444445, 0.747, 0.75, 0.7692222222222223, 0.7703333333333333, 0.7747777777777778, 0.7641111111111111, 0.7685555555555555, 0.7786666666666666, 0.7832222222222223, 0.7753333333333333, 0.7831111111111111, 0.7862222222222223, 0.7834444444444445, 0.7916666666666666, 0.7818888888888889, 0.7915555555555556, 0.7881111111111111, 0.7822222222222223, 0.7891111111111111, 0.7866666666666666, 0.7905555555555556, 0.7878888888888889, 0.7882222222222223, 0.7896666666666666, 0.7893333333333333, 0.7986666666666666, 0.7968888888888889, 0.7904444444444444, 0.7923333333333333, 0.7952222222222223, 0.7903333333333333, 0.796, 0.7926666666666666, 0.8024444444444444, 0.7947777777777778, 0.7957777777777778, 0.7994444444444444, 0.7967777777777778, 0.7867777777777778, 0.7908888888888889, 0.7832222222222223, 0.7788888888888889, 0.7875555555555556, 0.8007777777777778, 0.7743333333333333, 0.7875555555555556, 0.7915555555555556, 0.7894444444444444, 0.7921111111111111, 0.7934444444444444, 0.802, 0.7996666666666666, 0.8012222222222222, 0.7957777777777778, 0.7938888888888889, 0.7967777777777778, 0.8015555555555556, 0.7943333333333333, 0.7818888888888889, 0.798, 0.7856666666666666, 0.7917777777777778, 0.7956666666666666, 0.7941111111111111, 0.7937777777777778, 0.7956666666666666, 0.798, 0.7875555555555556, 0.7903333333333333, 0.7873333333333333, 0.7896666666666666, 0.7924444444444444, 0.7946666666666666, 0.7955555555555556, 0.7954444444444444, 0.8027777777777778, 0.792], "val_acc": [0.524, 0.524, 0.552, 0.538, 0.554, 0.552, 0.576, 0.562, 0.564, 0.576, 0.58, 0.548, 0.552, 0.556, 0.584, 0.558, 0.584, 0.56, 0.592, 0.58, 0.556, 0.574, 0.54, 0.558, 0.566, 0.558, 0.552, 0.53, 0.576, 0.564, 0.542, 0.586, 0.546, 0.548, 0.546, 0.554, 0.568, 0.564, 0.546, 0.576, 0.554, 0.538, 0.572, 0.578, 0.56, 0.536, 0.562, 0.554, 0.576, 0.524, 0.568, 0.582, 0.564, 0.548, 0.566, 0.562, 0.57, 0.558, 0.56, 0.578, 0.568, 0.548, 0.56, 0.562, 0.566, 0.562, 0.546, 0.552, 0.554, 0.554, 0.568, 0.56, 0.556, 0.558, 0.558, 0.58, 0.564, 0.548, 0.538, 0.544], "val_same_acc": [0.544, 0.57, 0.556, 0.566, 0.566, 0.59, 0.576, 0.574, 0.554, 0.566, 0.568, 0.57, 0.584, 0.556, 0.564, 0.56, 0.544, 0.55, 0.526, 0.558, 0.586, 0.544, 0.552, 0.586, 0.574, 0.554, 0.532, 0.558, 0.54, 0.578, 0.558, 0.544, 0.544, 0.534, 0.572, 0.574, 0.544, 0.554, 0.54, 0.57, 0.574, 0.548, 0.552, 0.556, 0.53, 0.556, 0.562, 0.566, 0.56, 0.54, 0.57, 0.556, 0.554, 0.572, 0.57, 0.578, 0.586, 0.598, 0.568, 0.568, 0.586, 0.548, 0.548, 0.518, 0.578, 0.534, 0.56, 0.544, 0.534, 0.542, 0.566, 0.536, 0.526, 0.562, 0.56, 0.528, 0.56, 0.56, 0.562, 0.562], "val_tre": [0.0, 0.0, 0.0, 0.0, 0.0, 0.0, 0.0, 0.0, 0.0, 0.0, 0.0, 0.0, 0.0, 0.0, 0.0, 0.0, 0.0, 0.0, 0.0, 0.0, 0.0, 0.0, 0.0, 0.0, 0.0, 0.0, 0.0, 0.0, 0.0, 0.0, 0.0, 0.0, 0.0, 0.0, 0.0, 0.0, 0.0, 0.0, 0.0, 0.0, 0.0, 0.0, 0.0, 0.0, 0.0, 0.0, 0.0, 0.0, 0.0, 0.0, 0.0, 0.0, 0.0, 0.0, 0.0, 0.0, 0.0, 0.0, 0.0, 0.0, 0.0, 0.0, 0.0, 0.0, 0.0, 0.0, 0.0, 0.0, 0.0, 0.0, 0.0, 0.0, 0.0, 0.0, 0.0, 0.0, 0.0, 0.0, 0.0, 0.0], "val_tre_std": [0.0, 0.0, 0.0, 0.0, 0.0, 0.0, 0.0, 0.0, 0.0, 0.0, 0.0, 0.0, 0.0, 0.0, 0.0, 0.0, 0.0, 0.0, 0.0, 0.0, 0.0, 0.0, 0.0, 0.0, 0.0, 0.0, 0.0, 0.0, 0.0, 0.0, 0.0, 0.0, 0.0, 0.0, 0.0, 0.0, 0.0, 0.0, 0.0, 0.0, 0.0, 0.0, 0.0, 0.0, 0.0, 0.0, 0.0, 0.0, 0.0, 0.0, 0.0, 0.0, 0.0, 0.0, 0.0, 0.0, 0.0, 0.0, 0.0, 0.0, 0.0, 0.0, 0.0, 0.0, 0.0, 0.0, 0.0, 0.0, 0.0, 0.0, 0.0, 0.0, 0.0, 0.0, 0.0, 0.0, 0.0, 0.0, 0.0, 0.0], "test_acc": [0.5715, 0.575, 0.5865, 0.5805, 0.5895, 0.593, 0.587, 0.598, 0.5735, 0.579, 0.5845, 0.5915, 0.5735, 0.5655, 0.5735, 0.577, 0.5725, 0.5905, 0.57, 0.586, 0.5725, 0.578, 0.569, 0.5725, 0.571, 0.5635, 0.5615, 0.585, 0.5685, 0.5855, 0.57, 0.5785, 0.57, 0.568, 0.57, 0.568, 0.567, 0.5715, 0.5765, 0.5795, 0.5825, 0.561, 0.5675, 0.5645, 0.56, 0.5755, 0.564, 0.561, 0.568, 0.569, 0.566, 0.58, 0.574, 0.574, 0.565, 0.5765, 0.569, 0.561, 0.553, 0.5665, 0.564, 0.571, 0.566, 0.5695, 0.569, 0.573, 0.5615, 0.551, 0.563, 0.565, 0.5585, 0.56, 0.5765, 0.554, 0.555, 0.5565, 0.5495, 0.565, 0.5495, 0.5565], "test_same_acc": [0.5655, 0.566, 0.572, 0.5795, 0.574, 0.562, 0.5625, 0.585, 0.5725, 0.5835, 0.5855, 0.5675, 0.579, 0.5725, 0.571, 0.577, 0.589, 0.5835, 0.595, 0.582, 0.585, 0.5835, 0.5755, 0.5825, 0.5835, 0.571, 0.587, 0.5755, 0.5885, 0.575, 0.576, 0.5585, 0.572, 0.5775, 0.5635, 0.5735, 0.5615, 0.571, 0.576, 0.566, 0.5755, 0.5745, 0.57, 0.573, 0.565, 0.5855, 0.5715, 0.5765, 0.554, 0.5855, 0.575, 0.5685, 0.564, 0.5755, 0.553, 0.5665, 0.5725, 0.5815, 0.576, 0.573, 0.5745, 0.558, 0.575, 0.5635, 0.5585, 0.5575, 0.5655, 0.552, 0.572, 0.577, 0.563, 0.576, 0.562, 0.5445, 0.546, 0.568, 0.5575, 0.5705, 0.56, 0.57], "test_acc_ci": [0.015349057401026293, 0.015340357619690619, 0.01529928585833339, 0.015295536603859312, 0.015286647335992285, 0.015307893307049144, 0.015321021668772613, 0.015233492413100813, 0.015329123536588779, 0.015289207284061525, 0.015269613944039319, 0.015298040132644443, 0.015313920934071718, 0.015346906385327303, 0.015332535732063371, 0.015310316404307262, 0.01529175110231003, 0.015258791970532922, 0.015282777152729798, 0.015274927744509954, 0.015301765237220181, 0.01529175110231003, 0.015332535732063371, 0.015307893307049144, 0.015309106864053176, 0.015354365209118872, 0.015323356511384832, 0.015294278798786165, 0.015302998892374003, 0.015294278798786165, 0.015329123536588779, 0.015349057401026291, 0.015338142768927405, 0.015330264934925293, 0.015356460457247301, 0.01533925219086641, 0.015366698043984595, 0.01533702935300706, 0.015313920934071718, 0.015330264934925293, 0.015300527559532056, 0.01535225403564571, 0.015347983886328524, 0.015347983886328524, 0.015373627987563638, 0.015293016965268821, 0.01535225403564571, 0.015347983886328524, 0.01537941323978259, 0.015309106864053176, 0.015340357619690619, 0.015323356511384832, 0.015346906385327303, 0.015321021668772613, 0.01538690506892143, 0.015335911942235454, 0.01533925219086641, 0.01533702935300706, 0.015365692171197496, 0.015343649956089327, 0.015345824897182945, 0.015365692171197496, 0.015340357619690619, 0.015357502111346106, 0.01536869787506411, 0.015362650714476329, 0.015369691834906775, 0.015412747292419997, 0.015353311613459816, 0.015338142768927403, 0.015380363577464612, 0.015351192474853542, 0.015345824897182945, 0.015419808357272148, 0.015415924879811787, 0.015374602107859573, 0.0154062031370484, 0.01535225403564571, 0.015401984968665565, 0.01537068182531276], "best_epoch": 58, "best_val_acc": 0.558, "best_val_same_acc": 0.598, "best_val_tre": 0.0, "best_val_tre_std": 0.0, "best_test_acc": 0.561, "best_test_same_acc": 0.5815, "best_test_acc_ci": 0.01533702935300706, "lowest_val_tre": 0.0, "lowest_val_tre_std": 0.0, "has_same": true}