{"train_acc": [0.7252222222222222, 0.7333333333333333, 0.7457777777777778, 0.7437777777777778, 0.7427777777777778, 0.7471111111111111, 0.7553333333333333, 0.7492222222222222, 0.7485555555555555, 0.7484444444444445, 0.7531111111111111, 0.749, 0.7578888888888888, 0.7523333333333333, 0.759, 0.752, 0.7594444444444445, 0.7511111111111111, 0.7528888888888889, 0.752, 0.7453333333333333, 0.7498888888888889, 0.7538888888888889, 0.7531111111111111, 0.7551111111111111, 0.7542222222222222, 0.7505555555555555, 0.7462222222222222, 0.7628888888888888, 0.7617777777777778, 0.7566666666666667, 0.7622222222222222, 0.7522222222222222, 0.7602222222222222, 0.7581111111111111, 0.7632222222222222, 0.7665555555555555, 0.7636666666666667, 0.7571111111111111, 0.758, 0.7653333333333333, 0.7591111111111111, 0.7577777777777778, 0.7634444444444445, 0.7587777777777778, 0.7511111111111111, 0.7635555555555555, 0.7541111111111111, 0.7527777777777778, 0.7574444444444445, 0.7566666666666667, 0.7577777777777778, 0.7624444444444445, 0.7585555555555555, 0.7626666666666667, 0.767, 0.7595555555555555, 0.7647777777777778, 0.7662222222222222, 0.7638888888888888, 0.7593333333333333, 0.7636666666666667, 0.7584444444444445, 0.756, 0.763, 0.7623333333333333, 0.7548888888888889, 0.7566666666666667, 0.7584444444444445, 0.7666666666666667, 0.7635555555555555, 0.7634444444444445, 0.7526666666666667, 0.7591111111111111, 0.7583333333333333, 0.7605555555555555, 0.7621111111111111, 0.7624444444444445, 0.7692222222222223, 0.7571111111111111], "val_acc": [0.522, 0.504, 0.53, 0.504, 0.53, 0.52, 0.536, 0.546, 0.544, 0.53, 0.544, 0.526, 0.536, 0.53, 0.546, 0.522, 0.538, 0.528, 0.546, 0.54, 0.544, 0.536, 0.532, 0.55, 0.546, 0.53, 0.56, 0.556, 0.546, 0.542, 0.556, 0.536, 0.542, 0.544, 0.538, 0.54, 0.548, 0.556, 0.564, 0.562, 0.552, 0.57, 0.556, 0.53, 0.526, 0.53, 0.536, 0.546, 0.552, 0.56, 0.56, 0.542, 0.526, 0.542, 0.53, 0.526, 0.526, 0.526, 0.538, 0.534, 0.526, 0.546, 0.554, 0.532, 0.522, 0.542, 0.546, 0.536, 0.518, 0.534, 0.542, 0.556, 0.558, 0.54, 0.546, 0.534, 0.542, 0.572, 0.57, 0.542], "val_same_acc": [0.528, 0.536, 0.536, 0.574, 0.548, 0.574, 0.566, 0.562, 0.57, 0.568, 0.564, 0.56, 0.566, 0.556, 0.552, 0.558, 0.566, 0.56, 0.576, 0.558, 0.56, 0.552, 0.56, 0.548, 0.55, 0.56, 0.56, 0.57, 0.56, 0.578, 0.57, 0.572, 0.57, 0.57, 0.564, 0.574, 0.556, 0.568, 0.586, 0.584, 0.596, 0.578, 0.576, 0.608, 0.6, 0.596, 0.574, 0.576, 0.57, 0.57, 0.568, 0.592, 0.59, 0.576, 0.592, 0.604, 0.594, 0.598, 0.602, 0.6, 0.588, 0.59, 0.564, 0.578, 0.574, 0.59, 0.582, 0.58, 0.58, 0.588, 0.578, 0.576, 0.574, 0.568, 0.562, 0.572, 0.56, 0.568, 0.578, 0.562], "val_tre": [0.0, 0.0, 0.0, 0.0, 0.0, 0.0, 0.0, 0.0, 0.0, 0.0, 0.0, 0.0, 0.0, 0.0, 0.0, 0.0, 0.0, 0.0, 0.0, 0.0, 0.0, 0.0, 0.0, 0.0, 0.0, 0.0, 0.0, 0.0, 0.0, 0.0, 0.0, 0.0, 0.0, 0.0, 0.0, 0.0, 0.0, 0.0, 0.0, 0.0, 0.0, 0.0, 0.0, 0.0, 0.0, 0.0, 0.0, 0.0, 0.0, 0.0, 0.0, 0.0, 0.0, 0.0, 0.0, 0.0, 0.0, 0.0, 0.0, 0.0, 0.0, 0.0, 0.0, 0.0, 0.0, 0.0, 0.0, 0.0, 0.0, 0.0, 0.0, 0.0, 0.0, 0.0, 0.0, 0.0, 0.0, 0.0, 0.0, 0.0], "val_tre_std": [0.0, 0.0, 0.0, 0.0, 0.0, 0.0, 0.0, 0.0, 0.0, 0.0, 0.0, 0.0, 0.0, 0.0, 0.0, 0.0, 0.0, 0.0, 0.0, 0.0, 0.0, 0.0, 0.0, 0.0, 0.0, 0.0, 0.0, 0.0, 0.0, 0.0, 0.0, 0.0, 0.0, 0.0, 0.0, 0.0, 0.0, 0.0, 0.0, 0.0, 0.0, 0.0, 0.0, 0.0, 0.0, 0.0, 0.0, 0.0, 0.0, 0.0, 0.0, 0.0, 0.0, 0.0, 0.0, 0.0, 0.0, 0.0, 0.0, 0.0, 0.0, 0.0, 0.0, 0.0, 0.0, 0.0, 0.0, 0.0, 0.0, 0.0, 0.0, 0.0, 0.0, 0.0, 0.0, 0.0, 0.0, 0.0, 0.0, 0.0], "test_acc": [0.5515, 0.56, 0.553, 0.567, 0.5615, 0.573, 0.5675, 0.566, 0.562, 0.561, 0.567, 0.5635, 0.5725, 0.5685, 0.5665, 0.573, 0.5715, 0.579, 0.571, 0.5665, 0.5645, 0.565, 0.5765, 0.5765, 0.5725, 0.571, 0.575, 0.5705, 0.571, 0.562, 0.574, 0.575, 0.5745, 0.567, 0.5665, 0.574, 0.5785, 0.5765, 0.5735, 0.569, 0.564, 0.5695, 0.5705, 0.5745, 0.5835, 0.5795, 0.5885, 0.5745, 0.5705, 0.569, 0.583, 0.5755, 0.5855, 0.5805, 0.585, 0.591, 0.5785, 0.5795, 0.573, 0.5705, 0.57, 0.5755, 0.5765, 0.577, 0.5855, 0.573, 0.573, 0.581, 0.5725, 0.5795, 0.575, 0.5665, 0.572, 0.5735, 0.5695, 0.569, 0.579, 0.58, 0.571, 0.5725], "test_same_acc": [0.52, 0.5345, 0.5435, 0.543, 0.5545, 0.5465, 0.5665, 0.5585, 0.5555, 0.55, 0.5615, 0.567, 0.5665, 0.5695, 0.5705, 0.5665, 0.571, 0.564, 0.562, 0.5635, 0.5595, 0.57, 0.565, 0.5655, 0.5705, 0.565, 0.573, 0.5555, 0.563, 0.563, 0.5575, 0.557, 0.5605, 0.5575, 0.5555, 0.563, 0.5645, 0.568, 0.5615, 0.572, 0.567, 0.567, 0.566, 0.5665, 0.5705, 0.5625, 0.5615, 0.558, 0.5625, 0.563, 0.567, 0.5685, 0.5745, 0.5695, 0.578, 0.566, 0.571, 0.5685, 0.558, 0.5695, 0.573, 0.5745, 0.5745, 0.5755, 0.577, 0.5725, 0.573, 0.5725, 0.5685, 0.5775, 0.568, 0.568, 0.5745, 0.5835, 0.581, 0.572, 0.573, 0.572, 0.577, 0.5805], "test_acc_ci": [0.015455502216848214, 0.015425817546405768, 0.0154228443801719, 0.01540112950403314, 0.015390556013347928, 0.01538412532369, 0.01535541482344258, 0.015374602107859573, 0.015387823737455534, 0.015399406738572756, 0.015366698043984594, 0.015362650714476329, 0.015344739421052413, 0.015346906385327303, 0.015349057401026291, 0.015343649956089327, 0.01533702935300706, 0.015335911942235454, 0.015357502111346106, 0.015363668507228343, 0.015375572262520835, 0.015353311613459816, 0.01533925219086641, 0.015338142768927405, 0.015335911942235454, 0.015351192474853542, 0.015324517923902206, 0.015371667847048997, 0.01535541482344258, 0.015373627987563638, 0.01536060320348781, 0.015359573483661583, 0.015353311613459816, 0.015374602107859573, 0.01537941323978259, 0.015349057401026291, 0.015335911942235455, 0.015332535732063371, 0.015353311613459816, 0.015340357619690619, 0.015361628946827221, 0.015350126930256959, 0.015350126930256959, 0.015340357619690619, 0.015310316404307262, 0.015338142768927405, 0.015319848236846213, 0.015358539786548723, 0.015357502111346106, 0.015359573483661583, 0.015319848236846213, 0.015333665132641968, 0.015295536603859312, 0.015319848236846213, 0.015287929326759724, 0.015302998892374003, 0.015321021668772613, 0.015324517923902206, 0.015361628946827221, 0.015342556501443947, 0.015335911942235454, 0.015319848236846213, 0.015317489347148246, 0.015313920934071718, 0.015289207284061525, 0.015330264934925293, 0.015329123536588779, 0.015311521928763321, 0.015340357619690619, 0.015302998892374004, 0.015335911942235454, 0.015354365209118872, 0.015327978137216924, 0.015302998892374004, 0.01531867079661287, 0.015340357619690619, 0.015315114416810603, 0.015315114416810603, 0.015324517923902206, 0.015312723438369804], "best_epoch": 39, "best_val_acc": 0.564, "best_val_same_acc": 0.586, "best_val_tre": 0.0, "best_val_tre_std": 0.0, "best_test_acc": 0.5735, "best_test_same_acc": 0.5615, "best_test_acc_ci": 0.015353311613459816, "lowest_val_tre": 0.0, "lowest_val_tre_std": 0.0, "has_same": true}