{"train_acc": [0.7495555555555555, 0.7512222222222222, 0.76, 0.7548888888888889, 0.753, 0.7617777777777778, 0.7712222222222223, 0.7586666666666667, 0.7628888888888888, 0.7716666666666666, 0.7712222222222223, 0.775, 0.7673333333333333, 0.7795555555555556, 0.7833333333333333, 0.7786666666666666, 0.7812222222222223, 0.7783333333333333, 0.7798888888888889, 0.7883333333333333, 0.7834444444444445, 0.7842222222222223, 0.7895555555555556, 0.7806666666666666, 0.7937777777777778, 0.7997777777777778, 0.7966666666666666, 0.799, 0.7973333333333333, 0.796, 0.8001111111111111, 0.7991111111111111, 0.8025555555555556, 0.8012222222222222, 0.8028888888888889, 0.8062222222222222, 0.8048888888888889, 0.8095555555555556, 0.8095555555555556, 0.8115555555555556, 0.8062222222222222, 0.8141111111111111, 0.8137777777777778, 0.8124444444444444, 0.813, 0.806, 0.8108888888888889, 0.8173333333333334, 0.8198888888888889, 0.8193333333333334], "val_acc": [0.58, 0.58, 0.584, 0.586, 0.582, 0.582, 0.578, 0.582, 0.586, 0.584, 0.582, 0.58, 0.58, 0.578, 0.578, 0.576, 0.576, 0.578, 0.576, 0.578, 0.578, 0.578, 0.582, 0.584, 0.586, 0.592, 0.588, 0.586, 0.582, 0.582, 0.58, 0.574, 0.574, 0.574, 0.566, 0.564, 0.562, 0.562, 0.562, 0.56, 0.562, 0.56, 0.556, 0.566, 0.566, 0.566, 0.568, 0.566, 0.566, 0.566], "val_same_acc": [0.576, 0.576, 0.578, 0.58, 0.582, 0.58, 0.58, 0.58, 0.58, 0.59, 0.59, 0.59, 0.592, 0.588, 0.582, 0.586, 0.59, 0.588, 0.59, 0.594, 0.596, 0.596, 0.6, 0.606, 0.6, 0.606, 0.604, 0.606, 0.604, 0.598, 0.6, 0.596, 0.596, 0.596, 0.592, 0.59, 0.59, 0.588, 0.588, 0.588, 0.592, 0.592, 0.588, 0.582, 0.582, 0.58, 0.578, 0.58, 0.578, 0.58], "val_tre": [0.0, 0.0, 0.0, 0.0, 0.0, 0.0, 0.0, 0.0, 0.0, 0.0, 0.0, 0.0, 0.0, 0.0, 0.0, 0.0, 0.0, 0.0, 0.0, 0.0, 0.0, 0.0, 0.0, 0.0, 0.0, 0.0, 0.0, 0.0, 0.0, 0.0, 0.0, 0.0, 0.0, 0.0, 0.0, 0.0, 0.0, 0.0, 0.0, 0.0, 0.0, 0.0, 0.0, 0.0, 0.0, 0.0, 0.0, 0.0, 0.0, 0.0], "val_tre_std": [0.0, 0.0, 0.0, 0.0, 0.0, 0.0, 0.0, 0.0, 0.0, 0.0, 0.0, 0.0, 0.0, 0.0, 0.0, 0.0, 0.0, 0.0, 0.0, 0.0, 0.0, 0.0, 0.0, 0.0, 0.0, 0.0, 0.0, 0.0, 0.0, 0.0, 0.0, 0.0, 0.0, 0.0, 0.0, 0.0, 0.0, 0.0, 0.0, 0.0, 0.0, 0.0, 0.0, 0.0, 0.0, 0.0, 0.0, 0.0, 0.0, 0.0], "test_acc": [0.5545, 0.55475, 0.5555, 0.5555, 0.55625, 0.5555, 0.55675, 0.557, 0.55925, 0.561, 0.55925, 0.5585, 0.56075, 0.56025, 0.5605, 0.56125, 0.5615, 0.56075, 0.56125, 0.5635, 0.565, 0.56675, 0.56725, 0.56725, 0.5665, 0.56575, 0.56675, 0.56675, 0.5675, 0.56725, 0.5685, 0.568, 0.56875, 0.56875, 0.56775, 0.569, 0.567, 0.5675, 0.568, 0.568, 0.56925, 0.56875, 0.5695, 0.56775, 0.56725, 0.56675, 0.5665, 0.5665, 0.56575, 0.56675], "test_same_acc": [0.548, 0.54775, 0.547, 0.5485, 0.54925, 0.5515, 0.55275, 0.553, 0.554, 0.55375, 0.55275, 0.55375, 0.5505, 0.54975, 0.5505, 0.5505, 0.55025, 0.55025, 0.54975, 0.551, 0.55075, 0.5515, 0.55075, 0.55325, 0.55225, 0.5525, 0.551, 0.55225, 0.5525, 0.55225, 0.55275, 0.5505, 0.552, 0.552, 0.55225, 0.55075, 0.55, 0.54925, 0.55025, 0.5505, 0.55225, 0.55275, 0.5525, 0.55325, 0.55375, 0.55425, 0.55325, 0.5535, 0.55375, 0.55325], "test_acc_ci": [0.010899024024539995, 0.010899024024539995, 0.010899024024539995, 0.010897317981962348, 0.010895586881279043, 0.010893830710544384, 0.010890848015076695, 0.01089024311023404, 0.010886243209752159, 0.010884357313221344, 0.010887795589558063, 0.010887486509607025, 0.0108887186423323, 0.010890243110234041, 0.01088902493109461, 0.010888103971623113, 0.010888103971623113, 0.01088902493109461, 0.01088902493109461, 0.010884673375324587, 0.010883086078722109, 0.010879859068337005, 0.010880184915708004, 0.010876894960764308, 0.010879205275288953, 0.010879859068337005, 0.010880510063727481, 0.010878877329485795, 0.0108775585496011, 0.01087821933900489, 0.01087589432745073, 0.010879532521551648, 0.0108765621163985, 0.0108765621163985, 0.0108775585496011, 0.010877889294200183, 0.010881481312303026, 0.01088180366354195, 0.010879859068337005, 0.010879532521551646, 0.010875559382739814, 0.010875559382739814, 0.01087488739252044, 0.010876228571982107, 0.010876228571982107, 0.010876228571982107, 0.010877889294200183, 0.0108775585496011, 0.01087821933900489, 0.010877558549601098], "best_epoch": 50, "best_val_acc": 0.566, "best_val_same_acc": 0.58, "best_val_tre": 0.0, "best_val_tre_std": 0.0, "best_test_acc": 0.56675, "best_test_same_acc": 0.55325, "best_test_acc_ci": 0.010877558549601098, "lowest_val_tre": 0.0, "lowest_val_tre_std": 0.0, "has_same": true}