{"train_acc": [0.7691111111111111, 0.7896666666666666, 0.8103333333333333, 0.8165555555555556, 0.8288888888888889, 0.841, 0.8532222222222222, 0.8502222222222222, 0.8603333333333333, 0.8693333333333333, 0.8776666666666667, 0.8795555555555555, 0.8845555555555555, 0.893, 0.8972222222222223, 0.8968888888888888], "val_acc": [0.59, 0.568, 0.582, 0.568, 0.568, 0.57, 0.568, 0.576, 0.56, 0.556, 0.544, 0.548, 0.54, 0.534, 0.538, 0.526], "val_same_acc": [0.582, 0.592, 0.6, 0.598, 0.582, 0.58, 0.572, 0.578, 0.572, 0.564, 0.554, 0.56, 0.572, 0.568, 0.57, 0.574], "val_tre": [0.0, 0.0, 0.0, 0.0, 0.0, 0.0, 0.0, 0.0, 0.0, 0.0, 0.0, 0.0, 0.0, 0.0, 0.0, 0.0], "val_tre_std": [0.0, 0.0, 0.0, 0.0, 0.0, 0.0, 0.0, 0.0, 0.0, 0.0, 0.0, 0.0, 0.0, 0.0, 0.0, 0.0], "test_acc": [0.5585, 0.5615, 0.568, 0.56925, 0.5705, 0.56475, 0.5635, 0.55825, 0.559, 0.5585, 0.55675, 0.54925, 0.546, 0.54325, 0.543, 0.54175], "test_same_acc": [0.553, 0.551, 0.55275, 0.5525, 0.5495, 0.54875, 0.55525, 0.5505, 0.548, 0.547, 0.54425, 0.542, 0.53975, 0.53625, 0.5345, 0.533], "test_acc_ci": [0.010888411655861475, 0.010887176731710567, 0.0108765621163985, 0.010875223737784661, 0.010877558549601098, 0.010885930639476812, 0.010879205275288953, 0.010891750142739914, 0.010893830710544384, 0.010895586881279043, 0.010900705020777326, 0.0109110217748786, 0.010916375994205906, 0.010922053560915183, 0.010923779093679075, 0.010926079494579698], "best_epoch": 8, "best_val_acc": 0.576, "best_val_same_acc": 0.578, "best_val_tre": 0.0, "best_val_tre_std": 0.0, "best_test_acc": 0.55825, "best_test_same_acc": 0.5505, "best_test_acc_ci": 0.010891750142739914, "lowest_val_tre": 0.0, "lowest_val_tre_std": 0.0, "has_same": true}