{"train_acc": [0.6218888888888889, 0.7326666666666667, 0.7442222222222222, 0.7581111111111111, 0.7688888888888888, 0.7705555555555555, 0.7767777777777778, 0.7774444444444445, 0.7696666666666667, 0.7888888888888889, 0.7823333333333333, 0.7843333333333333, 0.7865555555555556, 0.7948888888888889, 0.7958888888888889, 0.7945555555555556, 0.8072222222222222, 0.8072222222222222, 0.8034444444444444, 0.8067777777777778, 0.81, 0.8137777777777778, 0.8138888888888889, 0.818, 0.8247777777777778, 0.8251111111111111, 0.8225555555555556, 0.822, 0.8402222222222222, 0.8312222222222222, 0.8338888888888889, 0.8388888888888889, 0.8386666666666667, 0.8384444444444444, 0.8417777777777777, 0.8478888888888889, 0.8504444444444444, 0.8487777777777777, 0.8502222222222222, 0.8584444444444445, 0.8624444444444445, 0.8592222222222222, 0.853, 0.8564444444444445, 0.8605555555555555, 0.8615555555555555, 0.8682222222222222, 0.8735555555555555, 0.8675555555555555, 0.871], "val_acc": [0.516, 0.52, 0.532, 0.55, 0.5739999999999998, 0.592, 0.584, 0.588, 0.594, 0.6, 0.608, 0.6, 0.614, 0.604, 0.612, 0.596, 0.61, 0.596, 0.606, 0.594, 0.604, 0.61, 0.608, 0.594, 0.608, 0.6, 0.602, 0.604, 0.606, 0.608, 0.608, 0.606, 0.606, 0.602, 0.594, 0.592, 0.6, 0.6, 0.594, 0.606, 0.606, 0.6, 0.594, 0.586, 0.592, 0.592, 0.602, 0.59, 0.594, 0.592], "val_same_acc": [0.498, 0.478, 0.496, 0.52, 0.55, 0.572, 0.58, 0.588, 0.606, 0.602, 0.616, 0.608, 0.608, 0.622, 0.594, 0.6, 0.612, 0.596, 0.598, 0.594, 0.592, 0.6, 0.604, 0.6, 0.616, 0.604, 0.608, 0.608, 0.632, 0.614, 0.612, 0.618, 0.604, 0.598, 0.598, 0.602, 0.602, 0.598, 0.594, 0.606, 0.596, 0.604, 0.584, 0.594, 0.598, 0.604, 0.604, 0.604, 0.608, 0.612], "val_tre": [0.0, 0.0, 0.0, 0.0, 0.0, 0.0, 0.0, 0.0, 0.0, 0.0, 0.0, 0.0, 0.0, 0.0, 0.0, 0.0, 0.0, 0.0, 0.0, 0.0, 0.0, 0.0, 0.0, 0.0, 0.0, 0.0, 0.0, 0.0, 0.0, 0.0, 0.0, 0.0, 0.0, 0.0, 0.0, 0.0, 0.0, 0.0, 0.0, 0.0, 0.0, 0.0, 0.0, 0.0, 0.0, 0.0, 0.0, 0.0, 0.0, 0.0], "val_tre_std": [0.0, 0.0, 0.0, 0.0, 0.0, 0.0, 0.0, 0.0, 0.0, 0.0, 0.0, 0.0, 0.0, 0.0, 0.0, 0.0, 0.0, 0.0, 0.0, 0.0, 0.0, 0.0, 0.0, 0.0, 0.0, 0.0, 0.0, 0.0, 0.0, 0.0, 0.0, 0.0, 0.0, 0.0, 0.0, 0.0, 0.0, 0.0, 0.0, 0.0, 0.0, 0.0, 0.0, 0.0, 0.0, 0.0, 0.0, 0.0, 0.0, 0.0], "test_acc": [0.49625, 0.49475, 0.5, 0.52975, 0.56375, 0.57425, 0.589, 0.59075, 0.594, 0.608, 0.611, 0.61, 0.608, 0.6135, 0.60775, 0.61775, 0.61625, 0.61525, 0.61525, 0.61525, 0.618, 0.62125, 0.616, 0.6185, 0.61925, 0.616, 0.61625, 0.6205, 0.61675, 0.61275, 0.614, 0.6135, 0.61175, 0.607, 0.61425, 0.61425, 0.612, 0.61425, 0.60875, 0.61075, 0.60825, 0.6055, 0.605, 0.60175, 0.59675, 0.59625, 0.59875, 0.59925, 0.5965, 0.59975], "test_same_acc": [0.4985, 0.50325, 0.51025, 0.535, 0.56575, 0.58375, 0.59475, 0.59675, 0.604, 0.60525, 0.60975, 0.6085, 0.613, 0.611, 0.61475, 0.62225, 0.61825, 0.6225, 0.61775, 0.62025, 0.622, 0.6235, 0.624, 0.6205, 0.62925, 0.62675, 0.62675, 0.6295, 0.6295, 0.62625, 0.62225, 0.61875, 0.62275, 0.6245, 0.61775, 0.62175, 0.6205, 0.6165, 0.61825, 0.613, 0.60775, 0.607, 0.60675, 0.60275, 0.5995, 0.6045, 0.608, 0.6045, 0.6015, 0.60275], "test_acc_ci": [0.010956582091230594, 0.010956711176260875, 0.010956157503745324, 0.01093374057090596, 0.010864471063402029, 0.010819106793076773, 0.010770172900045522, 0.010762411076868417, 0.010739811907105264, 0.010704702645187065, 0.01068643513861732, 0.010691984983505168, 0.010685814800472633, 0.010677052495305058, 0.010682077264628824, 0.010636499424152667, 0.010651216854777674, 0.01064256389442295, 0.010655168020730596, 0.010648567837390153, 0.010636499424152667, 0.010623497417135044, 0.010636499424152667, 0.010639202223381225, 0.010613041146980442, 0.010629004945048946, 0.010628319130982092, 0.010608811196359372, 0.010619335221513397, 0.010639202223381225, 0.01064657324198143, 0.010657133549734422, 0.010651216854777674, 0.01065909238103789, 0.010657787237508544, 0.010647238853336577, 0.010656479117771497, 0.010661044518332854, 0.010670704922824919, 0.01067894233044055, 0.010698081472862319, 0.010706492991988554, 0.01070827673329724, 0.01072517967157194, 0.010743667288076034, 0.010733681450083889, 0.010719999777139689, 0.010726893156775403, 0.010739811907105264, 0.010729734371712096], "best_epoch": 29, "best_val_acc": 0.606, "best_val_same_acc": 0.632, "best_val_tre": 0.0, "best_val_tre_std": 0.0, "best_test_acc": 0.61675, "best_test_same_acc": 0.6295, "best_test_acc_ci": 0.010619335221513397, "lowest_val_tre": 0.0, "lowest_val_tre_std": 0.0, "has_same": true}