{"train_acc": [0.7664444444444445, 0.7704444444444445, 0.7745555555555556, 0.78, 0.7843333333333333, 0.7855555555555556, 0.7986666666666666, 0.7954444444444444, 0.7956666666666666, 0.8111111111111111, 0.8058888888888889, 0.8033333333333333, 0.8087777777777778, 0.8088888888888889, 0.8118888888888889, 0.8096666666666666, 0.8183333333333334, 0.819, 0.8176666666666667, 0.8217777777777778, 0.8303333333333334, 0.8312222222222222, 0.8287777777777777, 0.8324444444444444, 0.8298888888888889, 0.838, 0.8355555555555556, 0.8362222222222222, 0.8526666666666667, 0.8461111111111111, 0.8463333333333334, 0.8554444444444445, 0.8482222222222222, 0.8566666666666667, 0.8581111111111112, 0.8607777777777778, 0.859, 0.8613333333333333, 0.8662222222222222, 0.8692222222222222, 0.8708888888888889, 0.869, 0.8642222222222222, 0.8687777777777778, 0.8746666666666667, 0.8706666666666667, 0.8736666666666667, 0.8803333333333333, 0.8785555555555555, 0.8778888888888889], "val_acc": [0.624, 0.632, 0.632, 0.638, 0.638, 0.636, 0.634, 0.638, 0.64, 0.636, 0.634, 0.638, 0.64, 0.648, 0.644, 0.642, 0.642, 0.64, 0.642, 0.646, 0.646, 0.648, 0.65, 0.65, 0.648, 0.642, 0.644, 0.642, 0.646, 0.64, 0.644, 0.65, 0.644, 0.64, 0.636, 0.632, 0.626, 0.626, 0.62, 0.616, 0.618, 0.618, 0.622, 0.62, 0.618, 0.616, 0.614, 0.608, 0.614, 0.614], "val_same_acc": [0.628, 0.63, 0.624, 0.624, 0.63, 0.632, 0.63, 0.636, 0.628, 0.636, 0.63, 0.64, 0.638, 0.642, 0.642, 0.642, 0.652, 0.658, 0.662, 0.66, 0.658, 0.662, 0.656, 0.66, 0.67, 0.666, 0.664, 0.668, 0.67, 0.67, 0.666, 0.666, 0.668, 0.658, 0.652, 0.65, 0.648, 0.65, 0.654, 0.652, 0.652, 0.644, 0.642, 0.636, 0.628, 0.63, 0.624, 0.624, 0.628, 0.634], "val_tre": [0.0, 0.0, 0.0, 0.0, 0.0, 0.0, 0.0, 0.0, 0.0, 0.0, 0.0, 0.0, 0.0, 0.0, 0.0, 0.0, 0.0, 0.0, 0.0, 0.0, 0.0, 0.0, 0.0, 0.0, 0.0, 0.0, 0.0, 0.0, 0.0, 0.0, 0.0, 0.0, 0.0, 0.0, 0.0, 0.0, 0.0, 0.0, 0.0, 0.0, 0.0, 0.0, 0.0, 0.0, 0.0, 0.0, 0.0, 0.0, 0.0, 0.0], "val_tre_std": [0.0, 0.0, 0.0, 0.0, 0.0, 0.0, 0.0, 0.0, 0.0, 0.0, 0.0, 0.0, 0.0, 0.0, 0.0, 0.0, 0.0, 0.0, 0.0, 0.0, 0.0, 0.0, 0.0, 0.0, 0.0, 0.0, 0.0, 0.0, 0.0, 0.0, 0.0, 0.0, 0.0, 0.0, 0.0, 0.0, 0.0, 0.0, 0.0, 0.0, 0.0, 0.0, 0.0, 0.0, 0.0, 0.0, 0.0, 0.0, 0.0, 0.0], "test_acc": [0.6035, 0.60725, 0.6085, 0.60825, 0.61125, 0.61425, 0.61375, 0.615, 0.6145, 0.61725, 0.61875, 0.62075, 0.62175, 0.619, 0.6195, 0.62325, 0.624, 0.62425, 0.62425, 0.625, 0.62475, 0.62575, 0.62575, 0.62575, 0.6255, 0.62475, 0.62725, 0.6295, 0.629, 0.62975, 0.6305, 0.63175, 0.632, 0.6315, 0.632, 0.6315, 0.6325, 0.6325, 0.631, 0.6305, 0.62925, 0.63075, 0.62925, 0.62525, 0.61975, 0.6195, 0.61675, 0.614, 0.613, 0.61], "test_same_acc": [0.605, 0.60625, 0.6065, 0.6065, 0.6095, 0.6105, 0.61375, 0.61675, 0.6235, 0.62825, 0.628, 0.62775, 0.62775, 0.63025, 0.63075, 0.6345, 0.63375, 0.63375, 0.6345, 0.63425, 0.63475, 0.63475, 0.63475, 0.63375, 0.636, 0.63725, 0.63875, 0.6375, 0.6385, 0.63925, 0.6395, 0.6415, 0.6435, 0.641, 0.641, 0.63775, 0.6345, 0.63275, 0.632, 0.63, 0.62825, 0.62625, 0.625, 0.621, 0.617, 0.61275, 0.6105, 0.60775, 0.607, 0.60625], "test_acc_ci": [0.010715930029050209, 0.010704104394460097, 0.010700499462641917, 0.01070110212183189, 0.010686435138617322, 0.010676421070371615, 0.010669426516336292, 0.010658440181230787, 0.010641893055279213, 0.010621419702069023, 0.010617941807237173, 0.010613041146980442, 0.010610224195911224, 0.010610929564457347, 0.010608103565052285, 0.010586523071664038, 0.010586523071664038, 0.01058579197792966, 0.01058359414007713, 0.010582125116056556, 0.010581389463936197, 0.010578439251019027, 0.010578439251019027, 0.010581389463936197, 0.010575476863361764, 0.010573991100809569, 0.010561995180835863, 0.010558965647732734, 0.010557446291007121, 0.010552869844265114, 0.010549803552673384, 0.010539753280882575, 0.01053271925893309, 0.01054208410076015, 0.01054053098994543, 0.01055210442148271, 0.010558965647732734, 0.010564259303040368, 0.010571010431836685, 0.010578439251019027, 0.010587253406219197, 0.01058871179842005, 0.010596678741326217, 0.010619335221513397, 0.010645239779914542, 0.01065713354973442, 0.010670066090323666, 0.010683949356248135, 0.010688291725060651, 0.01069747513653923], "best_epoch": 50, "best_val_acc": 0.614, "best_val_same_acc": 0.634, "best_val_tre": 0.0, "best_val_tre_std": 0.0, "best_test_acc": 0.61, "best_test_same_acc": 0.60625, "best_test_acc_ci": 0.01069747513653923, "lowest_val_tre": 0.0, "lowest_val_tre_std": 0.0, "has_same": true}