{"train_acc": [0.738, 0.7335555555555555, 0.7592222222222222, 0.7481111111111111, 0.7566666666666667, 0.7563333333333333, 0.7728888888888888, 0.7688888888888888, 0.7563333333333333, 0.7751111111111111, 0.7721111111111111, 0.7773333333333333, 0.7802222222222223, 0.7831111111111111, 0.7877777777777778, 0.7895555555555556, 0.7894444444444444, 0.7893333333333333, 0.7866666666666666, 0.7933333333333333, 0.7933333333333333, 0.7926666666666666, 0.7945555555555556, 0.7943333333333333, 0.7896666666666666, 0.7976666666666666, 0.7905555555555556, 0.784, 0.8008888888888889, 0.7961111111111111, 0.7894444444444444, 0.8007777777777778, 0.7992222222222222, 0.7904444444444444, 0.7975555555555556, 0.8014444444444444, 0.794, 0.7864444444444444, 0.7857777777777778, 0.7978888888888889, 0.7997777777777778, 0.7914444444444444, 0.7952222222222223, 0.7916666666666666, 0.7918888888888889, 0.7924444444444444, 0.7955555555555556, 0.7924444444444444, 0.801, 0.7938888888888889], "val_acc": [0.65, 0.66, 0.626, 0.64, 0.622, 0.65, 0.664, 0.652, 0.63, 0.628, 0.638, 0.602, 0.652, 0.652, 0.648, 0.638, 0.612, 0.602, 0.606, 0.622, 0.632, 0.624, 0.61, 0.644, 0.596, 0.602, 0.596, 0.628, 0.608, 0.594, 0.588, 0.582, 0.594, 0.57, 0.6, 0.6, 0.602, 0.584, 0.574, 0.544, 0.558, 0.554, 0.542, 0.568, 0.554, 0.596, 0.592, 0.576, 0.586, 0.554], "val_same_acc": [0.676, 0.676, 0.694, 0.698, 0.666, 0.69, 0.702, 0.688, 0.7, 0.692, 0.678, 0.656, 0.644, 0.672, 0.646, 0.686, 0.64, 0.626, 0.65, 0.662, 0.666, 0.652, 0.674, 0.634, 0.682, 0.618, 0.648, 0.622, 0.616, 0.648, 0.658, 0.632, 0.632, 0.6, 0.646, 0.644, 0.624, 0.612, 0.618, 0.636, 0.624, 0.614, 0.62, 0.644, 0.622, 0.608, 0.614, 0.592, 0.584, 0.608], "val_tre": [0.0, 0.0, 0.0, 0.0, 0.0, 0.0, 0.0, 0.0, 0.0, 0.0, 0.0, 0.0, 0.0, 0.0, 0.0, 0.0, 0.0, 0.0, 0.0, 0.0, 0.0, 0.0, 0.0, 0.0, 0.0, 0.0, 0.0, 0.0, 0.0, 0.0, 0.0, 0.0, 0.0, 0.0, 0.0, 0.0, 0.0, 0.0, 0.0, 0.0, 0.0, 0.0, 0.0, 0.0, 0.0, 0.0, 0.0, 0.0, 0.0, 0.0], "val_tre_std": [0.0, 0.0, 0.0, 0.0, 0.0, 0.0, 0.0, 0.0, 0.0, 0.0, 0.0, 0.0, 0.0, 0.0, 0.0, 0.0, 0.0, 0.0, 0.0, 0.0, 0.0, 0.0, 0.0, 0.0, 0.0, 0.0, 0.0, 0.0, 0.0, 0.0, 0.0, 0.0, 0.0, 0.0, 0.0, 0.0, 0.0, 0.0, 0.0, 0.0, 0.0, 0.0, 0.0, 0.0, 0.0, 0.0, 0.0, 0.0, 0.0, 0.0], "test_acc": [0.67575, 0.67025, 0.661, 0.656, 0.659, 0.64975, 0.648, 0.6395, 0.64525, 0.63875, 0.64075, 0.62325, 0.629, 0.62475, 0.62825, 0.62875, 0.62, 0.61525, 0.6125, 0.609, 0.6245, 0.6255, 0.6045, 0.62175, 0.6145, 0.62, 0.60475, 0.616, 0.61, 0.61375, 0.61175, 0.6095, 0.60075, 0.60425, 0.60875, 0.6015, 0.60125, 0.59725, 0.592, 0.6, 0.5915, 0.591, 0.5785, 0.58325, 0.58575, 0.58425, 0.58875, 0.57325, 0.58825, 0.5685], "test_same_acc": [0.68425, 0.6685, 0.6755, 0.67375, 0.66975, 0.65775, 0.66575, 0.66, 0.65475, 0.648, 0.6435, 0.64875, 0.65175, 0.64825, 0.645, 0.6275, 0.61875, 0.636, 0.627, 0.61775, 0.6235, 0.62625, 0.62, 0.61675, 0.6285, 0.63025, 0.612, 0.60775, 0.62275, 0.62575, 0.61925, 0.61925, 0.613, 0.61225, 0.6055, 0.60775, 0.61475, 0.61475, 0.62125, 0.6075, 0.60275, 0.60125, 0.611, 0.60475, 0.61625, 0.59, 0.5985, 0.59175, 0.6085, 0.6055], "test_acc_ci": [0.010222109371357752, 0.010308931803144057, 0.010317774391190184, 0.01034390427966515, 0.0103477248065396, 0.010425858342961503, 0.010403479732612304, 0.010453778502890714, 0.010452057213773755, 0.010496609987127987, 0.01050476999257361, 0.010543634136292855, 0.010516063496949559, 0.01054053098994543, 0.010539753280882575, 0.010590893696797972, 0.010639876052937598, 0.010605265492757596, 0.010637852320252427, 0.010671343013973218, 0.010614445100899058, 0.010603841926248948, 0.010677052495305058, 0.010640549134678153, 0.010628319130982092, 0.010608103565052285, 0.010696260256364137, 0.01067894233044055, 0.010655823941482656, 0.010637852320252427, 0.010660394549452659, 0.010666217519433727, 0.01070350540929816, 0.010696868064414928, 0.010702305235175971, 0.01071417487359036, 0.010698081472862319, 0.01070768288660063, 0.010704702645187065, 0.010718259988799488, 0.010748029858856692, 0.010752345999681882, 0.010758204984452562, 0.010761363891254677, 0.01073086575258492, 0.010789110915496003, 0.010762933585778322, 0.010806555360058076, 0.01074256938408475, 0.01078959527507867], "best_epoch": 7, "best_val_acc": 0.664, "best_val_same_acc": 0.702, "best_val_tre": 0.0, "best_val_tre_std": 0.0, "best_test_acc": 0.648, "best_test_same_acc": 0.66575, "best_test_acc_ci": 0.010403479732612304, "lowest_val_tre": 0.0, "lowest_val_tre_std": 0.0, "has_same": true}