{"train_acc": [0.7558888888888889, 0.7591111111111111, 0.7628888888888888, 0.7635555555555555, 0.76, 0.7695555555555555, 0.7776666666666666, 0.7681111111111111, 0.7686666666666667, 0.7826666666666666, 0.7712222222222223, 0.7781111111111111, 0.778, 0.7853333333333333, 0.7767777777777778, 0.7874444444444444, 0.7837777777777778, 0.7816666666666666, 0.7928888888888889, 0.794, 0.8045555555555556, 0.7977777777777778, 0.8016666666666666, 0.8087777777777778, 0.8185555555555556, 0.8202222222222222, 0.8147777777777778, 0.8193333333333334, 0.8361111111111111, 0.8313333333333334, 0.8406666666666667, 0.8401111111111111, 0.848, 0.851, 0.8528888888888889, 0.8636666666666667, 0.8645555555555555, 0.8682222222222222, 0.8678888888888889, 0.869, 0.8787777777777778, 0.8808888888888889, 0.8807777777777778, 0.8791111111111111, 0.885, 0.8822222222222222, 0.8856666666666667, 0.8863333333333333, 0.8907777777777778, 0.8887777777777778], "val_acc": [0.652, 0.656, 0.638, 0.628, 0.642, 0.63, 0.642, 0.636, 0.624, 0.614, 0.602, 0.618, 0.618, 0.618, 0.598, 0.598, 0.622, 0.614, 0.6, 0.608, 0.604, 0.6, 0.604, 0.614, 0.604, 0.596, 0.586, 0.584, 0.592, 0.574, 0.574, 0.56, 0.556, 0.552, 0.552, 0.544, 0.552, 0.564, 0.55, 0.546, 0.536, 0.544, 0.536, 0.544, 0.516, 0.52, 0.52, 0.526, 0.536, 0.536], "val_same_acc": [0.624, 0.632, 0.614, 0.61, 0.61, 0.614, 0.59, 0.604, 0.598, 0.606, 0.596, 0.604, 0.6, 0.6, 0.598, 0.61, 0.574, 0.598, 0.576, 0.6, 0.61, 0.608, 0.596, 0.596, 0.624, 0.626, 0.592, 0.602, 0.61, 0.59, 0.58, 0.58, 0.572, 0.578, 0.578, 0.58, 0.564, 0.572, 0.578, 0.586, 0.592, 0.564, 0.558, 0.548, 0.544, 0.55, 0.544, 0.57, 0.564, 0.57], "val_tre": [0.0, 0.0, 0.0, 0.0, 0.0, 0.0, 0.0, 0.0, 0.0, 0.0, 0.0, 0.0, 0.0, 0.0, 0.0, 0.0, 0.0, 0.0, 0.0, 0.0, 0.0, 0.0, 0.0, 0.0, 0.0, 0.0, 0.0, 0.0, 0.0, 0.0, 0.0, 0.0, 0.0, 0.0, 0.0, 0.0, 0.0, 0.0, 0.0, 0.0, 0.0, 0.0, 0.0, 0.0, 0.0, 0.0, 0.0, 0.0, 0.0, 0.0], "val_tre_std": [0.0, 0.0, 0.0, 0.0, 0.0, 0.0, 0.0, 0.0, 0.0, 0.0, 0.0, 0.0, 0.0, 0.0, 0.0, 0.0, 0.0, 0.0, 0.0, 0.0, 0.0, 0.0, 0.0, 0.0, 0.0, 0.0, 0.0, 0.0, 0.0, 0.0, 0.0, 0.0, 0.0, 0.0, 0.0, 0.0, 0.0, 0.0, 0.0, 0.0, 0.0, 0.0, 0.0, 0.0, 0.0, 0.0, 0.0, 0.0, 0.0, 0.0], "test_acc": [0.58675, 0.59125, 0.596, 0.592, 0.59125, 0.5925, 0.5945, 0.58675, 0.58475, 0.59175, 0.59125, 0.58425, 0.584, 0.58725, 0.58475, 0.58375, 0.58275, 0.5805, 0.576, 0.5795, 0.57825, 0.5775, 0.57725, 0.57725, 0.57775, 0.5765, 0.574, 0.5725, 0.5715, 0.5615, 0.56725, 0.57075, 0.567, 0.5565, 0.5545, 0.5505, 0.55025, 0.553, 0.557, 0.55675, 0.55225, 0.55475, 0.548, 0.54725, 0.54325, 0.5415, 0.5425, 0.53775, 0.5445, 0.537], "test_same_acc": [0.59425, 0.603, 0.60525, 0.60825, 0.60625, 0.6025, 0.608, 0.59775, 0.6, 0.5915, 0.58875, 0.592, 0.59175, 0.5805, 0.58025, 0.57725, 0.58475, 0.58675, 0.587, 0.57675, 0.58075, 0.56725, 0.57425, 0.5715, 0.564, 0.5675, 0.5585, 0.55275, 0.55175, 0.5585, 0.56225, 0.55275, 0.549, 0.55275, 0.54575, 0.554, 0.547, 0.5485, 0.552, 0.545, 0.54275, 0.536, 0.532, 0.53125, 0.535, 0.5365, 0.532, 0.5375, 0.538, 0.5315], "test_acc_ci": [0.01077576178049608, 0.010748029858856692, 0.010732557357027026, 0.010734802629618997, 0.01074091707851336, 0.010746399338848339, 0.010729734371712096, 0.010768633524616761, 0.010768118956989422, 0.010771195545150733, 0.010777772497135017, 0.010785210211065658, 0.010786189693162038, 0.010801471450542052, 0.010806555360058076, 0.010813796000942498, 0.010801937196054233, 0.010802402226906522, 0.010810198497252491, 0.010822157446501827, 0.010817347916656837, 0.010841339625335743, 0.010830262341582499, 0.010834837616313176, 0.010846097355587168, 0.010842538595734856, 0.01086012763219199, 0.010870451146197889, 0.010873195159283906, 0.0108775585496011, 0.010864471063402029, 0.010872854610795638, 0.010882766523269716, 0.01089114942151998, 0.010901536130145833, 0.010896743733221406, 0.010904798009219382, 0.01090014747090607, 0.010891450130721805, 0.010899867652722899, 0.010907178771341378, 0.010911522383328324, 0.010921615265151943, 0.010922921856696584, 0.010923137202602328, 0.01092335185737418, 0.010926284477694143, 0.010925667456584746, 0.010919382294228, 0.010930996998787437], "best_epoch": 2, "best_val_acc": 0.656, "best_val_same_acc": 0.632, "best_val_tre": 0.0, "best_val_tre_std": 0.0, "best_test_acc": 0.59125, "best_test_same_acc": 0.603, "best_test_acc_ci": 0.010748029858856692, "lowest_val_tre": 0.0, "lowest_val_tre_std": 0.0, "has_same": true}