{"train_acc": [0.7587777777777778, 0.7644444444444445, 0.7604444444444445, 0.7652222222222222, 0.7651111111111111, 0.7763333333333333, 0.7868888888888889, 0.7692222222222223, 0.784, 0.7928888888888889, 0.7875555555555556, 0.803, 0.8024444444444444, 0.8057777777777778, 0.8067777777777778, 0.8077777777777778, 0.8168888888888889, 0.817, 0.8193333333333334, 0.8316666666666667, 0.8317777777777777, 0.841, 0.8407777777777777, 0.838, 0.8434444444444444, 0.8508888888888889, 0.8468888888888889, 0.8493333333333334, 0.8612222222222222, 0.8656666666666667, 0.8621111111111112, 0.8627777777777778, 0.8718888888888889, 0.8794444444444445, 0.8755555555555555, 0.8874444444444445, 0.8806666666666667, 0.8851111111111111, 0.8885555555555555, 0.8895555555555555, 0.8914444444444445, 0.8911111111111111, 0.8957777777777778, 0.8951111111111111, 0.8971111111111111, 0.897, 0.8983333333333333, 0.9043333333333333, 0.9142222222222223, 0.9057777777777778], "val_acc": [0.558, 0.56, 0.556, 0.554, 0.556, 0.552, 0.55, 0.544, 0.55, 0.542, 0.536, 0.544, 0.534, 0.516, 0.528, 0.532, 0.522, 0.514, 0.52, 0.518, 0.522, 0.526, 0.528, 0.536, 0.54, 0.53, 0.54, 0.53, 0.522, 0.528, 0.536, 0.516, 0.498, 0.5, 0.502, 0.512, 0.504, 0.516, 0.518, 0.514, 0.514, 0.51, 0.516, 0.516, 0.514, 0.516, 0.504, 0.512, 0.496, 0.502], "val_same_acc": [0.556, 0.556, 0.544, 0.522, 0.542, 0.542, 0.542, 0.546, 0.548, 0.536, 0.54, 0.544, 0.55, 0.558, 0.564, 0.554, 0.556, 0.558, 0.548, 0.534, 0.548, 0.566, 0.558, 0.564, 0.558, 0.528, 0.554, 0.55, 0.552, 0.554, 0.56, 0.558, 0.548, 0.556, 0.56, 0.548, 0.54, 0.544, 0.534, 0.536, 0.536, 0.534, 0.53, 0.536, 0.528, 0.52, 0.528, 0.522, 0.53, 0.528], "val_tre": [0.0, 0.0, 0.0, 0.0, 0.0, 0.0, 0.0, 0.0, 0.0, 0.0, 0.0, 0.0, 0.0, 0.0, 0.0, 0.0, 0.0, 0.0, 0.0, 0.0, 0.0, 0.0, 0.0, 0.0, 0.0, 0.0, 0.0, 0.0, 0.0, 0.0, 0.0, 0.0, 0.0, 0.0, 0.0, 0.0, 0.0, 0.0, 0.0, 0.0, 0.0, 0.0, 0.0, 0.0, 0.0, 0.0, 0.0, 0.0, 0.0, 0.0], "val_tre_std": [0.0, 0.0, 0.0, 0.0, 0.0, 0.0, 0.0, 0.0, 0.0, 0.0, 0.0, 0.0, 0.0, 0.0, 0.0, 0.0, 0.0, 0.0, 0.0, 0.0, 0.0, 0.0, 0.0, 0.0, 0.0, 0.0, 0.0, 0.0, 0.0, 0.0, 0.0, 0.0, 0.0, 0.0, 0.0, 0.0, 0.0, 0.0, 0.0, 0.0, 0.0, 0.0, 0.0, 0.0, 0.0, 0.0, 0.0, 0.0, 0.0, 0.0], "test_acc": [0.57425, 0.57525, 0.575, 0.57425, 0.5675, 0.57375, 0.5735, 0.5745, 0.57225, 0.57175, 0.576, 0.57775, 0.57375, 0.575, 0.58, 0.57775, 0.57775, 0.579, 0.57475, 0.5715, 0.56575, 0.5745, 0.57, 0.5675, 0.5585, 0.5585, 0.56275, 0.55225, 0.55075, 0.545, 0.54525, 0.54175, 0.537, 0.53625, 0.538, 0.52925, 0.5345, 0.53625, 0.5275, 0.52825, 0.5305, 0.52625, 0.524, 0.52525, 0.52525, 0.5235, 0.523, 0.52325, 0.5215, 0.5205], "test_same_acc": [0.558, 0.562, 0.562, 0.56075, 0.567, 0.5695, 0.56625, 0.5665, 0.56325, 0.561, 0.56275, 0.56725, 0.568, 0.5625, 0.568, 0.56375, 0.55925, 0.55375, 0.559, 0.55625, 0.557, 0.55575, 0.55625, 0.54925, 0.547, 0.5505, 0.547, 0.5385, 0.5375, 0.5375, 0.53175, 0.53275, 0.532, 0.52975, 0.526, 0.5275, 0.5245, 0.52425, 0.52475, 0.528, 0.525, 0.52325, 0.52525, 0.527, 0.52725, 0.523, 0.52225, 0.523, 0.52175, 0.51625], "test_acc_ci": [0.010860493450892322, 0.010853043380631765, 0.010853422573087254, 0.010856430755547607, 0.010857175760182755, 0.010843731206179678, 0.010849212690185173, 0.01084727089870996, 0.01085568293510362, 0.010859761110258135, 0.010850753426461912, 0.01084093855484847, 0.010846097355587168, 0.01085266348356476, 0.010836070542406042, 0.010846489242492244, 0.010853422573087256, 0.010859761110258135, 0.010858287988761166, 0.010866958014866672, 0.01087387415422282, 0.010863394692584587, 0.010869062312217875, 0.01088180366354195, 0.010895586881279043, 0.010891450130721804, 0.01089054591133406, 0.010911522383328324, 0.010913983832536818, 0.010919382294228001, 0.010924203565935597, 0.010926284477694143, 0.010930619467806936, 0.010932843280684123, 0.010934270675266825, 0.010939075439536695, 0.010937646271021931, 0.010936662515936934, 0.010941766584828747, 0.010939385462487142, 0.010939845336543838, 0.01094330148938153, 0.010943436901717622, 0.010941766584828747, 0.010941622922926013, 0.010944881081469087, 0.010945510043934683, 0.010945008247912608, 0.010946480666034859, 0.010949331713482563], "best_epoch": 2, "best_val_acc": 0.56, "best_val_same_acc": 0.556, "best_val_tre": 0.0, "best_val_tre_std": 0.0, "best_test_acc": 0.57525, "best_test_same_acc": 0.562, "best_test_acc_ci": 0.010853043380631765, "lowest_val_tre": 0.0, "lowest_val_tre_std": 0.0, "has_same": true}