{"acc": [0.0052083334885537624, 0.02083333395421505, 0.0390625, 0.0598958358168602, 0.1015625, 0.0807291716337204, 0.0911458358168602, 0.1666666716337204, 0.1197916716337204, 0.1770833432674408, 0.1927083432674408, 0.2057291716337204, 0.2552083432674408, 0.2421875, 0.3541666865348816, 0.3151041865348816, 0.328125, 0.2734375, 0.3723958432674408, 0.3515625, 0.375, 0.4322916865348816, 0.4140625, 0.5651041865348816, 0.4401041865348816, 0.4661458432674408, 0.5208333730697632, 0.5598958730697632, 0.5234375, 0.5598958730697632, 0.5182291865348816, 0.5807291865348816, 0.6145833730697632, 0.5104166865348816, 0.4765625, 0.6276041865348816, 0.546875, 0.6119791865348816, 0.6875, 0.6822916865348816, 0.6354166865348816, 0.640625, 0.5755208730697632, 0.7447916865348816, 0.7291666865348816, 0.640625, 0.7421875, 0.6588541865348816, 0.7864583730697632, 0.8020833730697632, 0.6796875, 0.7942708730697632, 0.7213541865348816, 0.6953125, 0.6953125, 0.78125, 0.8203125, 0.7942708730697632, 0.8828125, 0.78125, 0.6822916865348816, 0.8411458730697632, 0.78125, 0.7864583730697632, 0.9010416865348816, 0.828125, 0.890625, 0.8411458730697632, 0.8020833730697632, 0.8515625, 0.8802083730697632, 0.9244791865348816, 0.7317708730697632, 0.828125, 0.921875, 0.875, 0.8645833730697632, 0.8776041865348816, 0.8932291865348816, 0.8697916865348816, 0.9244791865348816, 0.8984375, 0.890625, 0.8932291865348816, 0.90625, 0.8359375, 0.8958333730697632, 0.8776041865348816, 0.9270833730697632, 0.9036458730697632, 0.9479166865348816, 0.921875, 0.9114583730697632, 0.8359375, 0.8697916865348816, 0.8932291865348816, 0.8854166865348816, 0.8645833730697632, 0.828125, 0.9270833730697632, 0.9453125, 0.9479166865348816, 0.96875, 0.9270833730697632, 0.9583333730697632, 0.9270833730697632, 0.9296875, 0.9635416865348816, 0.9322916865348816, 0.9791666865348816, 0.984375, 0.9479166865348816, 0.9375, 0.8880208730697632, 0.9479166865348816, 0.9635416865348816, 0.9192708730697632, 0.96875, 0.9609375, 0.953125], "pos_score": [0.652026891708374, 0.4844304025173187, 1.1109461784362793, 1.1812517642974854, 1.4960682392120361, 1.3807615041732788, 1.4215023517608643, 1.5012719631195068, 1.3866016864776611, 1.6467612981796265, 1.7061662673950195, 1.6876119375228882, 1.9094362258911133, 1.637891173362732, 2.030294179916382, 1.8223330974578857, 1.7707704305648804, 1.6082162857055664, 1.8601725101470947, 1.8784278631210327, 1.8021612167358398, 1.8684232234954834, 1.9350661039352417, 2.2433252334594727, 1.9796479940414429, 1.9722545146942139, 2.1505441665649414, 2.2464306354522705, 2.1844711303710938, 2.4043588638305664, 2.176152229309082, 2.3543481826782227, 2.402998447418213, 2.1971709728240967, 1.9184141159057617, 2.3858184814453125, 2.1520628929138184, 2.3732810020446777, 2.617347240447998, 2.5414516925811768, 2.5079469680786133, 2.7026538848876953, 2.351442337036133, 2.814086437225342, 2.7344789505004883, 2.5623841285705566, 2.7848355770111084, 2.465657949447632, 2.8754920959472656, 2.9851253032684326, 2.6046366691589355, 2.988377332687378, 2.7420642375946045, 2.6505658626556396, 2.8311057090759277, 2.943019390106201, 3.0488924980163574, 2.999451160430908, 3.228187084197998, 2.8794732093811035, 2.56772518157959, 3.0960490703582764, 2.936549663543701, 2.9964208602905273, 3.3881711959838867, 3.1832737922668457, 3.3214735984802246, 3.1456828117370605, 3.029259204864502, 3.2130613327026367, 3.157775640487671, 3.302516460418701, 2.881298780441284, 3.15618896484375, 3.423548460006714, 3.262799024581909, 3.1609466075897217, 3.2131457328796387, 3.33050537109375, 3.1992950439453125, 3.3798060417175293, 3.2856736183166504, 3.319017171859741, 3.4630210399627686, 3.388141632080078, 3.1656863689422607, 3.3069112300872803, 3.2734241485595703, 3.4233920574188232, 3.3274142742156982, 3.552518844604492, 3.366671323776245, 3.4013571739196777, 3.1397337913513184, 3.242645263671875, 3.3934450149536133, 3.258354902267456, 3.214259147644043, 3.2172412872314453, 3.4084482192993164, 3.524308681488037, 3.468627691268921, 3.588616371154785, 3.457742691040039, 3.5245509147644043, 3.4707345962524414, 3.4058194160461426, 3.6023480892181396, 3.4837942123413086, 3.6332528591156006, 3.6019716262817383, 3.5017449855804443, 3.507801055908203, 3.4305663108825684, 3.509389638900757, 3.528372287750244, 3.460479736328125, 3.6074016094207764, 3.528871536254883, 3.5617244243621826], "neg_score": [0.6516932249069214, 0.36308419704437256, 0.7624418139457703, 0.7423365712165833, 0.7174115180969238, 0.6349092721939087, 0.6712990403175354, 0.6327906250953674, 0.5789952278137207, 0.6012902855873108, 0.6002004742622375, 0.4441679120063782, 0.49213162064552307, 0.46535688638687134, 0.42950692772865295, 0.35945987701416016, 0.34882572293281555, 0.36581963300704956, 0.37172698974609375, 0.30597737431526184, 0.2927170693874359, 0.3073599338531494, 0.2574179172515869, 0.3236556947231293, 0.2787844240665436, 0.271137535572052, 0.27603867650032043, 0.2342064529657364, 0.23576773703098297, 0.2368171215057373, 0.19387862086296082, 0.23580001294612885, 0.25067177414894104, 0.21903212368488312, 0.20230504870414734, 0.22378839552402496, 0.1826922446489334, 0.1986357569694519, 0.20065049827098846, 0.19485218822956085, 0.1854814887046814, 0.17417384684085846, 0.18682721257209778, 0.20455791056156158, 0.18930353224277496, 0.19068484008312225, 0.19750654697418213, 0.15369515120983124, 0.17721247673034668, 0.16498427093029022, 0.14960399270057678, 0.15739600360393524, 0.15846508741378784, 0.16453196108341217, 0.17357434332370758, 0.15581607818603516, 0.14756855368614197, 0.1608232855796814, 0.14087283611297607, 0.15222127735614777, 0.14411361515522003, 0.1483718454837799, 0.13606518507003784, 0.18181592226028442, 0.13547107577323914, 0.17303839325904846, 0.15820719301700592, 0.14863060414791107, 0.14241039752960205, 0.15415741503238678, 0.14665980637073517, 0.1477140337228775, 0.18116025626659393, 0.17472568154335022, 0.171447291970253, 0.14006346464157104, 0.13716718554496765, 0.1475079506635666, 0.17406655848026276, 0.13414287567138672, 0.16539447009563446, 0.150027796626091, 0.14801138639450073, 0.120721735060215, 0.12231121212244034, 0.12349065393209457, 0.1475563794374466, 0.1305566430091858, 0.15938177704811096, 0.14490365982055664, 0.15018092095851898, 0.13416177034378052, 0.14004160463809967, 0.16067281365394592, 0.15795281529426575, 0.1513010412454605, 0.17533178627490997, 0.15068459510803223, 0.14730767905712128, 0.1535620540380478, 0.1306091845035553, 0.13069017231464386, 0.1280267834663391, 0.15377558767795563, 0.11576071381568909, 0.1538245528936386, 0.12447964400053024, 0.16150698065757751, 0.13487794995307922, 0.1255565732717514, 0.13617974519729614, 0.1369023621082306, 0.1360057145357132, 0.13914106786251068, 0.14201566576957703, 0.15501968562602997, 0.12884734570980072, 0.160300150513649, 0.14831410348415375, 0.1150195449590683],