{"acc_im_lang": [0.15625, 0.3515625, 0.3984375, 0.5078125, 0.5703125, 0.625, 0.6171875, 0.59375, 0.6640625, 0.671875, 0.609375, 0.734375, 0.46875, 0.546875, 0.6015625, 0.5625, 0.6953125, 0.671875, 0.609375, 0.5859375, 0.65625, 0.6796875, 0.640625, 0.546875, 0.671875], "acc_lang_im": [0.0390625, 0.15625, 0.21875, 0.34375, 0.34375, 0.40625, 0.25, 0.3125, 0.46875, 0.5078125, 0.421875, 0.5, 0.390625, 0.359375, 0.53125, 0.5, 0.5703125, 0.53125, 0.4921875, 0.4140625, 0.578125, 0.6015625, 0.4375, 0.3828125, 0.6015625], "pos_score": [0.8347514867782593, 1.6087303161621094, 2.7643845081329346, 3.0939831733703613, 4.162270545959473, 9.701687812805176, 11.030741691589355, 11.335077285766602, 12.094501495361328, 12.176410675048828, 12.422187805175781, 12.54832649230957, 12.09475326538086, 12.526411056518555, 12.719257354736328, 12.07209300994873, 12.491397857666016, 12.460941314697266, 12.155529975891113, 12.706222534179688, 12.832697868347168, 12.560444831848145, 12.556461334228516, 12.330093383789062, 12.803180694580078], "neg_score": [-0.9026654958724976, -1.9902299642562866, -1.450465440750122, -1.797193169593811, -1.000387191772461, 3.3576066493988037, 4.679597854614258, 4.95663595199585, 5.315671920776367, 5.286883354187012, 5.577933311462402, 4.968968391418457, 5.637148857116699, 5.513268947601318, 5.308351993560791, 5.608272075653076, 4.8582234382629395, 5.148881435394287, 5.218369960784912, 5.620326042175293, 5.277977466583252, 4.917034149169922, 5.328547477722168, 5.530482292175293, 5.586156845092773], "simple_val_acc": [0.5000000087263123, 0.5341290409834154, 0.6224355018340773, 0.6225322797211909, 0.5884193692635145, 0.6285322766126163, 0.6286129183500044, 0.6687096951358742, 0.646580661453547, 0.6706935642428936, 0.6346613048214105, 0.6647742102972922, 0.6728225946426392, 0.6245967868624195, 0.6647903378548161, 0.6607903362368384, 0.6486774410095908, 0.6787580797047384, 0.6847258258442726, 0.6789032447809173, 0.6928064746414462, 0.6727258212345262, 0.6747742093388112, 0.6487580804892125, 0.6606290461978606], "simple_val_acc_ci": [0.04391485006492564, 0.04381238427318513, 0.04257668284199413, 0.04257668284199413, 0.04322378575335921, 0.042439485057441974, 0.042439485057441974, 0.041340541665924664, 0.04198521027528396, 0.04127691477005718, 0.0422952199444859, 0.04146524860190518, 0.04121242932466508, 0.0425317293982872, 0.041465251219434215, 0.04158659463060028, 0.041930721173289824, 0.04101383477898623, 0.04080741643901135, 0.04101383739651526, 0.040519802348262676, 0.04121242932466508, 0.04114709841739355, 0.041930721173289824, 0.04158659724812931], "train_acc": [0.9355555555555556, 0.9472222222222222, 0.9535555555555556, 0.9605555555555556, 0.9694444444444444, 0.9753333333333334, 0.9773333333333334, 0.9774444444444444, 0.9831111111111112, 0.9827777777777778, 0.9876666666666667, 0.9884444444444445, 0.9895555555555555, 0.9903333333333333, 0.9911111111111112, 0.9912222222222222, 0.9936666666666667, 0.9934444444444445, 0.9936666666666667, 0.9943333333333333, 0.5145555555555555, 0.5278888888888889, 0.542, 0.5695555555555556, 0.5821111111111111, 0.6025555555555555, 0.6264444444444445, 0.6396666666666667, 0.6648888888888889, 0.6708888888888889, 0.6914444444444444, 0.7283333333333334, 0.7487777777777778, 0.7613333333333333, 0.7608888888888888, 0.796, 0.81, 0.8223333333333334, 0.8324444444444444, 0.8457777777777777, 0.4901111111111111, 0.4742222222222222, 0.4621111111111111, 0.41588888888888886, 0.36088888888888887], "val_acc": [0.54, 0.552, 0.552, 0.596, 0.554, 0.56, 0.566, 0.546, 0.526, 0.564, 0.55, 0.562, 0.544, 0.552, 0.546, 0.56, 0.514, 0.528, 0.534, 0.538, 0.496, 0.51, 0.528, 0.54, 0.532, 0.556, 0.574, 0.544, 0.55, 0.582, 0.538, 0.538, 0.55, 0.51, 0.544, 0.558, 0.53, 0.538, 0.542, 0.52, 0.494, 0.49, 0.484, 0.484, 0.454], "val_same_acc": [0.554, 0.56, 0.548, 0.572, 0.576, 0.552, 0.556, 0.528, 0.516, 0.522, 0.54, 0.518, 0.518, 0.532, 0.524, 0.542, 0.536, 0.53, 0.522, 0.518, 0.512, 0.51, 0.514, 0.494, 0.522, 0.512, 0.52, 0.51, 0.548, 0.6, 0.53, 0.51, 0.544, 0.558, 0.562, 0.536, 0.538, 0.576, 0.524, 0.532, 0.498, 0.5, 0.5, 0.478, 0.456], "test_acc": [0.5285, 0.5395, 0.535, 0.5385, 0.526, 0.529, 0.5375, 0.5355, 0.513, 0.527, 0.519, 0.5205, 0.514, 0.514, 0.504, 0.521, 0.51, 0.508, 0.5065, 0.5065, 0.5195, 0.523, 0.5375, 0.53, 0.521, 0.536, 0.5325, 0.542, 0.533, 0.538, 0.5325, 0.5395, 0.5235, 0.5385, 0.542, 0.5265, 0.5275, 0.5315, 0.5375, 0.5405, 0.494, 0.4915, 0.4885, 0.484, 0.455], "test_same_acc": [0.538, 0.5455, 0.5435, 0.543, 0.537, 0.5315, 0.529, 0.5415, 0.541, 0.5305, 0.5225, 0.5205, 0.523, 0.5205, 0.524, 0.533, 0.512, 0.5185, 0.5105, 0.517, 0.5305, 0.5365, 0.543, 0.5435, 0.541, 0.5505, 0.566, 0.5615, 0.546, 0.5435, 0.5605, 0.5615, 0.559, 0.5495, 0.5435, 0.5425, 0.557, 0.5555, 0.554, 0.5635, 0.5015, 0.4975, 0.4955, 0.486, 0.467], "test_acc_ci": [0.015460860835509774, 0.01543908279335272, 0.015447344230481818, 0.015443613429991052, 0.015464379816209895, 0.015466776457135468, 0.015460860835509776, 0.01544915684107065, 0.01547255209718164, 0.015469523889732351, 0.015481811514645179, 0.015482131374587937, 0.01548455046489888, 0.01548593623178786, 0.01548908524090432, 0.01547255209718164, 0.015491410252136505, 0.015489718841057125, 0.015492921322332981, 0.015490881342744836, 0.01547577946340668, 0.01546770784489415, 0.015444872675907691, 0.015453249489185117, 0.01546535016092426, 0.015437082359532842, 0.015419808357272148, 0.01541194305644165, 0.015446732207816644, 0.015443613429991052, 0.015428006193283692, 0.015415924879811787, 0.015442338533233882, 0.015435046666596121, 0.01543841989890805, 0.015458230296511952, 0.015439741771642427, 0.015436407713584144, 0.0154301595187801, 0.015411134883583363, 0.015495003645530386, 0.015494223049252907, 0.015493177027323998, 0.015488186142992987, 0.015447952343271908], "best_epoch": 1, "best_val_acc": 0.494, "best_val_same_acc": 0.498, "best_test_acc": 0.494, "best_test_same_acc": 0.5015, "best_test_acc_ci": 0.015495003645530386, "has_same": true}