{"acc_im_lang": [0.0, 0.0390625, 0.03125, 0.03125, 0.03125, 0.0625, 0.1484375, 0.1796875, 0.203125, 0.28125, 0.3203125, 0.2578125, 0.3046875, 0.3203125, 0.4140625, 0.4140625, 0.3671875, 0.375, 0.359375, 0.4140625, 0.4609375, 0.359375, 0.390625, 0.4140625, 0.421875, 0.4296875, 0.328125, 0.421875, 0.5625, 0.5234375, 0.5625, 0.453125, 0.515625, 0.46875, 0.515625, 0.6171875, 0.46875, 0.6171875, 0.53125, 0.59375, 0.6953125, 0.515625, 0.5234375, 0.640625, 0.5390625, 0.6484375, 0.578125, 0.65625, 0.609375, 0.59375, 0.5703125, 0.625, 0.671875, 0.671875, 0.5546875, 0.671875, 0.6484375, 0.6640625, 0.53125, 0.6875, 0.515625, 0.75, 0.6484375, 0.6171875, 0.484375, 0.6328125, 0.5546875, 0.6328125, 0.5625, 0.5234375, 0.640625, 0.6328125, 0.6640625, 0.75, 0.6171875, 0.625, 0.703125, 0.6015625, 0.609375, 0.5703125, 0.5625, 0.6484375, 0.6796875, 0.6171875, 0.671875, 0.734375, 0.59375, 0.6796875, 0.5546875, 0.625, 0.6171875, 0.6328125, 0.6484375, 0.6171875, 0.625, 0.5078125, 0.5625, 0.65625, 0.8046875, 0.640625, 0.625, 0.7109375, 0.7265625, 0.5, 0.71875, 0.671875, 0.53125, 0.65625, 0.75, 0.609375, 0.7734375, 0.578125, 0.6875, 0.8203125, 0.6328125, 0.6640625, 0.7421875, 0.78125, 0.6015625, 0.546875], "acc_lang_im": [0.0078125, 0.015625, 0.015625, 0.0234375, 0.0390625, 0.0234375, 0.03125, 0.0703125, 0.0546875, 0.1875, 0.125, 0.1328125, 0.1328125, 0.140625, 0.1796875, 0.25, 0.171875, 0.1875, 0.1953125, 0.25, 0.1875, 0.140625, 0.21875, 0.2578125, 0.21875, 0.203125, 0.09375, 0.1796875, 0.1875, 0.3046875, 0.359375, 0.3125, 0.3515625, 0.2890625, 0.3046875, 0.3046875, 0.296875, 0.3515625, 0.4453125, 0.3046875, 0.546875, 0.3359375, 0.2421875, 0.359375, 0.3828125, 0.5078125, 0.5078125, 0.53125, 0.4609375, 0.4921875, 0.2890625, 0.3515625, 0.4921875, 0.53125, 0.453125, 0.484375, 0.5078125, 0.5546875, 0.453125, 0.40625, 0.34375, 0.578125, 0.3984375, 0.3671875, 0.359375, 0.4453125, 0.3828125, 0.546875, 0.3515625, 0.3671875, 0.390625, 0.4609375, 0.5, 0.5234375, 0.5, 0.453125, 0.3984375, 0.4453125, 0.5, 0.546875, 0.4296875, 0.640625, 0.5, 0.515625, 0.5546875, 0.6328125, 0.5078125, 0.546875, 0.484375, 0.53125, 0.5546875, 0.4453125, 0.5234375, 0.5, 0.5625, 0.390625, 0.4765625, 0.546875, 0.6171875, 0.421875, 0.5859375, 0.609375, 0.703125, 0.328125, 0.453125, 0.4453125, 0.3671875, 0.4921875, 0.578125, 0.5859375, 0.6328125, 0.4140625, 0.5859375, 0.53125, 0.5390625, 0.4921875, 0.6171875, 0.71875, 0.4921875, 0.40625], "pos_score": [-0.01534605398774147, 0.22109206020832062, -0.007667606696486473, 0.14073437452316284, 0.0994015485048294, -0.22191359102725983, 0.511541485786438, 1.1347284317016602, 1.6240448951721191, 1.908869981765747, 2.1759281158447266, 2.984595775604248, 3.6754679679870605, 4.933035373687744, 5.806908130645752, 6.852232933044434, 7.159970760345459, 7.58194637298584, 8.159272193908691, 8.327482223510742, 9.43715763092041, 9.296298027038574, 9.03824234008789, 9.678129196166992, 10.116491317749023, 9.803357124328613, 9.880908966064453, 10.231512069702148, 10.602094650268555, 10.449552536010742, 10.385733604431152, 10.337323188781738, 10.70838737487793, 10.726022720336914, 10.80369758605957, 10.798988342285156, 11.035348892211914, 11.340103149414062, 11.175397872924805, 11.2037992477417, 12.063353538513184, 11.148162841796875, 11.1260347366333, 11.923490524291992, 11.523174285888672, 12.01482105255127, 11.810909271240234, 12.152975082397461, 12.13749885559082, 11.946038246154785, 11.657417297363281, 11.694239616394043, 12.11539077758789, 12.127771377563477, 12.200298309326172, 12.495020866394043, 12.06291389465332, 12.45362377166748, 11.829500198364258, 12.392618179321289, 11.932842254638672, 12.461902618408203, 12.485233306884766, 12.058340072631836, 12.321709632873535, 11.906768798828125, 12.3302640914917, 12.809982299804688, 11.927196502685547, 12.557550430297852, 12.185043334960938, 12.624706268310547, 12.645809173583984, 12.841272354125977, 12.597748756408691, 12.581499099731445, 12.243999481201172, 12.293819427490234, 12.603109359741211, 12.333054542541504, 12.554512023925781, 13.17969036102295, 12.535600662231445, 12.5962495803833, 12.51506233215332, 12.791115760803223, 12.690047264099121, 12.522348403930664, 12.553293228149414, 12.412773132324219, 12.4343843460083, 12.722825050354004, 12.601430892944336, 12.45390510559082, 12.541248321533203, 12.726239204406738, 12.648026466369629, 13.08375358581543, 12.983917236328125, 12.675456047058105, 12.513131141662598, 12.557428359985352, 12.855952262878418, 12.554603576660156, 12.865346908569336, 12.604293823242188, 12.34573745727539, 12.241836547851562, 12.765893936157227, 12.75466537475586, 12.906682014465332, 12.079983711242676, 13.002155303955078, 12.847082138061523, 12.577412605285645, 12.639055252075195, 13.143213272094727, 13.185937881469727, 12.543817520141602, 12.379340171813965], "neg_score": [-0.011577420867979527, 0.06191543862223625, -0.07577675580978394, -0.013596098870038986, -0.12047630548477173, -0.8656650185585022, -0.8819739818572998, -0.602116584777832, -0.7617179751396179, -1.1435264348983765, -0.9740906953811646, -0.5476203560829163, -0.3044739365577698, 0.901235818862915, 1.3958587646484375, 1.7304513454437256, 2.290360689163208, 2.68001127243042, 3.210662364959717, 3.2970118522644043, 3.415249824523926, 3.9698069095611572, 3.540512800216675, 4.1952643394470215, 4.473598003387451, 4.161548137664795, 4.466128349304199, 4.478850364685059, 4.636713027954102, 4.264481067657471, 4.566388130187988, 4.798365592956543, 4.762780666351318, 4.888726234436035, 4.871311664581299, 4.375527381896973, 5.01470947265625, 4.4460015296936035, 4.735411643981934, 4.755520820617676, 4.983046054840088, 5.2453532218933105, 5.214120864868164, 5.44573974609375, 5.400362491607666, 4.955255508422852, 4.905247211456299, 5.343226909637451, 5.0846171379089355, 5.515325546264648, 5.867981433868408, 5.22955846786499, 5.233138561248779, 5.472978115081787, 5.712202072143555, 5.243626594543457, 5.20321798324585, 5.425536155700684, 5.247466087341309, 5.092324733734131, 5.365184783935547, 4.9205193519592285, 5.337785243988037, 5.563708782196045, 5.819899082183838, 5.2650146484375, 5.645619869232178, 5.53459358215332, 5.415709018707275, 5.585745334625244, 5.222289085388184, 5.665621280670166, 5.340745449066162, 5.370353698730469, 5.548317909240723, 5.182157039642334, 5.392613410949707, 5.658596992492676, 5.5880537033081055, 5.845139980316162, 5.3354082107543945, 5.401702880859375, 5.258296489715576, 5.478443622589111, 5.103887557983398, 5.306064605712891, 5.932022571563721, 5.3427581787109375, 5.2284417152404785, 5.202110767364502, 5.034730434417725, 5.182590484619141, 5.413179874420166, 5.463085174560547, 5.283790588378906, 5.796366214752197, 5.3767547607421875, 4.9687628746032715, 5.099302768707275, 5.521893501281738, 5.061697483062744, 5.536422252655029, 5.198253154754639, 5.628682613372803, 5.312915325164795, 5.448712348937988, 5.511358261108398, 5.032771587371826, 5.382141590118408, 5.091341018676758, 4.944810390472412, 5.214702606201172, 5.167847156524658, 5.0933332443237305, 5.180406093597412, 5.165969371795654, 5.2346954345703125, 5.2826337814331055, 5.5660271644592285, 5.695199966430664],