{"acc_im_lang": [0.1015625, 0.1640625, 0.40625, 0.4296875, 0.41015625, 0.44921875, 0.4375, 0.46484375, 0.47265625, 0.45703125, 0.49609375, 0.43359375, 0.4296875, 0.515625, 0.4453125, 0.609375, 0.5546875, 0.51171875, 0.63671875, 0.63671875, 0.53515625, 0.5703125, 0.546875, 0.578125, 0.515625, 0.5390625, 0.6015625, 0.62890625, 0.55859375, 0.6015625], "acc_lang_im": [0.01953125, 0.08203125, 0.1796875, 0.19921875, 0.25390625, 0.2734375, 0.23828125, 0.30859375, 0.34375, 0.33203125, 0.38671875, 0.29296875, 0.3125, 0.36328125, 0.37109375, 0.4921875, 0.41796875, 0.390625, 0.53125, 0.51953125, 0.49609375, 0.41015625, 0.421875, 0.47265625, 0.328125, 0.3984375, 0.45703125, 0.4609375, 0.484375, 0.4375], "pos_score": [1.2404475212097168, 1.7674109935760498, 4.336941719055176, 8.080533981323242, 9.649446487426758, 10.802441596984863, 10.599649429321289, 10.335201263427734, 10.700136184692383, 10.548837661743164, 10.417166709899902, 11.093608856201172, 10.836511611938477, 10.675750732421875, 10.624671936035156, 11.103769302368164, 11.074860572814941, 10.872940063476562, 10.967933654785156, 10.990045547485352, 11.011930465698242, 10.992828369140625, 10.791666030883789, 10.755882263183594, 10.505498886108398, 10.811323165893555, 11.053716659545898, 11.049060821533203, 11.003517150878906, 11.164480209350586], "neg_score": [-0.7823516130447388, -1.5939780473709106, -0.3233320713043213, 2.340508460998535, 3.5369873046875, 4.332452297210693, 4.370988368988037, 4.001493453979492, 4.230849266052246, 3.977843761444092, 3.433706760406494, 4.169192314147949, 3.6223855018615723, 3.7701683044433594, 3.427417278289795, 3.3663763999938965, 3.7827112674713135, 3.6809041500091553, 3.505483627319336, 3.0009636878967285, 3.4899909496307373, 3.415682554244995, 3.442809820175171, 3.3594133853912354, 3.3063948154449463, 3.3063316345214844, 3.4721856117248535, 3.2468228340148926, 3.254310131072998, 3.370663642883301], "simple_val_acc": [0.5722903353874722, 0.5943709821249208, 0.6526290446914012, 0.6285000077841743, 0.6105483992964991, 0.6645484082660368, 0.6406129165080285, 0.6606290490204287, 0.6726774291713391, 0.6566774320487053, 0.6627258165036478, 0.6647580776868327, 0.6645322754133132, 0.6667258138781593, 0.6606935676653538, 0.6706774361258553, 0.660596788774575, 0.668709689367202, 0.670790327978711, 0.6627419426421965, 0.6627419481575489, 0.6626451715894284, 0.6507096881751091, 0.6305484026401273, 0.666709689488334, 0.6406290449432789, 0.6726935560328344, 0.6727258170737374, 0.6686935627700821, 0.6507258231909044], "simple_val_acc_ci": [0.043453452986253915, 0.04312544518738335, 0.04181930604976673, 0.042439485057441974, 0.04283016173655193, 0.04146524860190518, 0.04214382206489996, 0.04158659463060028, 0.04121242932466508, 0.041704605927300346, 0.04152633911213437, 0.04146524860190518, 0.04146524860190518, 0.041403320482383675, 0.04158659463060028, 0.04127691477005718, 0.04158659724812931, 0.041340541665924664, 0.04127691477005718, 0.04152633911213437, 0.04152633911213437, 0.04152633911213437, 0.04187542063729376, 0.04239218630771655, 0.041403317864854634, 0.042143819447370924, 0.04121242932466508, 0.041212431942194115, 0.041340541665924664, 0.04187542063729376], "train_acc": [0.6014444444444444, 0.5916666666666667, 0.619, 0.6212222222222222, 0.63, 0.6385555555555555, 0.6516666666666666, 0.657, 0.6705555555555556, 0.6774444444444444, 0.674, 0.686, 0.7, 0.6978888888888889, 0.7058888888888889, 0.7005555555555556, 0.6988888888888889, 0.708, 0.715, 0.7105555555555556], "val_acc": [0.508, 0.512, 0.518, 0.526, 0.508, 0.504, 0.53, 0.514, 0.538, 0.528, 0.532, 0.534, 0.528, 0.542, 0.518, 0.53, 0.536, 0.56, 0.532, 0.51], "val_same_acc": [0.518, 0.526, 0.532, 0.504, 0.52, 0.542, 0.542, 0.53, 0.556, 0.542, 0.538, 0.504, 0.54, 0.544, 0.526, 0.544, 0.548, 0.578, 0.572, 0.53], "test_acc": [0.515, 0.514, 0.5195, 0.5115, 0.5115, 0.516, 0.523, 0.515, 0.52, 0.52, 0.529, 0.514, 0.535, 0.5275, 0.5205, 0.535, 0.5305, 0.5275, 0.518, 0.518], "test_same_acc": [0.513, 0.5215, 0.515, 0.52, 0.5085, 0.522, 0.5135, 0.5325, 0.5295, 0.515, 0.521, 0.5135, 0.5105, 0.5165, 0.507, 0.527, 0.5265, 0.5105, 0.507, 0.5155], "test_acc_ci": [0.01548908524090432, 0.015485393568618137, 0.015485936231787858, 0.0154874710903685, 0.015492061192752886, 0.015483968987310717, 0.015484835380946095, 0.015477670185625484, 0.015476165383421054, 0.01548566684066269, 0.01547577946340668, 0.015489300319091242, 0.015479112796765842, 0.01548015395272282, 0.015489300319091242, 0.01546535016092426, 0.015469968167388062, 0.015483968987310715, 0.015490317540321763, 0.015486463372087252], "best_epoch": 18, "best_val_acc": 0.56, "best_val_same_acc": 0.578, "best_test_acc": 0.5275, "best_test_same_acc": 0.5105, "best_test_acc_ci": 0.015483968987310715, "has_same": true}