{"acc_im_lang": [0.0390625, 0.0546875, 0.0703125, 0.0859375, 0.09375, 0.15625, 0.1328125, 0.1640625, 0.1171875, 0.203125, 0.3203125, 0.265625, 0.3125, 0.1953125, 0.3046875, 0.2109375, 0.3359375, 0.328125, 0.34375, 0.2734375, 0.375, 0.421875, 0.4296875, 0.4140625, 0.3828125, 0.2890625, 0.2578125, 0.3203125, 0.53125, 0.4453125, 0.40625, 0.40625, 0.359375, 0.3046875, 0.375, 0.484375, 0.484375, 0.359375, 0.453125, 0.3984375, 0.515625, 0.375, 0.453125, 0.4609375, 0.3984375, 0.515625, 0.5078125, 0.46875, 0.4296875, 0.453125, 0.375, 0.3671875, 0.5390625, 0.4296875, 0.546875, 0.5390625, 0.515625, 0.5078125, 0.3828125, 0.609375, 0.453125, 0.640625, 0.4765625, 0.3984375, 0.4140625, 0.53125, 0.390625, 0.53125, 0.3828125, 0.4296875, 0.5390625, 0.515625, 0.515625, 0.5, 0.5546875, 0.5546875, 0.515625, 0.46875, 0.546875, 0.5234375, 0.5625, 0.5703125, 0.53125, 0.6171875, 0.6015625, 0.59375, 0.53125, 0.5859375, 0.453125, 0.578125, 0.6171875, 0.546875, 0.46875, 0.5859375, 0.6015625, 0.4921875, 0.5390625, 0.5234375, 0.578125, 0.5234375], "acc_lang_im": [0.0078125, 0.0078125, 0.046875, 0.015625, 0.0390625, 0.0546875, 0.0859375, 0.1015625, 0.0859375, 0.1484375, 0.1015625, 0.171875, 0.1484375, 0.09375, 0.1796875, 0.140625, 0.171875, 0.1640625, 0.1015625, 0.1875, 0.1015625, 0.15625, 0.265625, 0.1953125, 0.15625, 0.1328125, 0.0703125, 0.234375, 0.3046875, 0.203125, 0.21875, 0.2109375, 0.1875, 0.1171875, 0.125, 0.2734375, 0.2578125, 0.25, 0.234375, 0.21875, 0.359375, 0.3203125, 0.3046875, 0.3359375, 0.375, 0.375, 0.34375, 0.3203125, 0.34375, 0.2734375, 0.2734375, 0.234375, 0.3125, 0.25, 0.2734375, 0.4375, 0.3828125, 0.3984375, 0.296875, 0.3828125, 0.2265625, 0.4140625, 0.234375, 0.2578125, 0.2421875, 0.3203125, 0.21875, 0.2890625, 0.1875, 0.265625, 0.359375, 0.3828125, 0.3515625, 0.3203125, 0.3359375, 0.328125, 0.34375, 0.3671875, 0.4140625, 0.359375, 0.390625, 0.3671875, 0.375, 0.484375, 0.3984375, 0.4375, 0.390625, 0.40625, 0.4140625, 0.40625, 0.375, 0.3515625, 0.3828125, 0.5078125, 0.4375, 0.265625, 0.3203125, 0.46875, 0.375, 0.390625], "pos_score": [0.26905176043510437, 0.45034271478652954, 0.8831772208213806, 1.083017110824585, 1.1427316665649414, 1.2630337476730347, 1.8127632141113281, 2.2708969116210938, 2.017655611038208, 2.1906023025512695, 2.088764190673828, 3.325664520263672, 3.3503360748291016, 3.104785442352295, 3.339069366455078, 3.3096368312835693, 3.7885074615478516, 3.696293354034424, 3.725217342376709, 4.234028339385986, 4.284175872802734, 4.340546607971191, 4.66000509262085, 5.194584369659424, 5.0495076179504395, 4.743070602416992, 4.914912223815918, 5.358424186706543, 5.652119159698486, 5.914180755615234, 6.131129264831543, 5.680156707763672, 6.065403461456299, 6.020484924316406, 5.723973274230957, 6.860836505889893, 6.959963321685791, 7.190123081207275, 6.628938674926758, 7.267054080963135, 7.963649749755859, 7.2222466468811035, 7.9170684814453125, 8.057830810546875, 7.998661994934082, 8.266294479370117, 8.577499389648438, 8.665580749511719, 8.214757919311523, 8.055534362792969, 8.328588485717773, 8.3818941116333, 8.927555084228516, 8.59042739868164, 9.131880760192871, 9.384055137634277, 9.17702865600586, 9.052009582519531, 9.005010604858398, 9.099822998046875, 9.025056838989258, 9.745294570922852, 9.138252258300781, 9.005451202392578, 9.211836814880371, 9.121503829956055, 8.71675968170166, 9.497468948364258, 9.20589828491211, 9.522356033325195, 9.655830383300781, 9.327021598815918, 9.534125328063965, 9.502351760864258, 9.450163841247559, 9.649093627929688, 9.497819900512695, 9.361543655395508, 9.676162719726562, 9.497735977172852, 9.345640182495117, 10.09824275970459, 9.735862731933594, 10.128509521484375, 9.894887924194336, 10.327475547790527, 9.91568374633789, 9.771728515625, 9.961498260498047, 10.056493759155273, 10.154062271118164, 9.947644233703613, 9.933826446533203, 10.369491577148438, 10.108879089355469, 10.110405921936035, 9.84687328338623, 10.452333450317383, 10.105663299560547, 10.316571235656738], "neg_score": [0.2703167498111725, 0.324457049369812, 0.3569723069667816, 0.039733875542879105, -0.4796360731124878, -0.4694344699382782, -0.33407923579216003, -0.06120378524065018, -0.48409736156463623, -0.5817585587501526, -0.9713298678398132, -0.2676191031932831, -0.6679730415344238, -0.36588436365127563, -0.5039880275726318, -0.5375734567642212, -0.5046766996383667, -0.5550501346588135, -0.2508479654788971, -0.21390299499034882, -0.546294629573822, -0.4042646288871765, -0.21611255407333374, 0.147182434797287, 0.6832772493362427, 0.4559651017189026, 0.5882568359375, 0.4511507749557495, 0.6969294548034668, 0.7971275448799133, 1.1573609113693237, 0.8742797374725342, 0.9294267296791077, 1.3593275547027588, 0.7742092609405518, 1.4495816230773926, 1.529360055923462, 1.2832739353179932, 0.9113875031471252, 1.88127863407135, 1.5283057689666748, 1.6950660943984985, 2.3404884338378906, 2.3828885555267334, 2.312821865081787, 1.8273718357086182, 2.2929022312164307, 2.452378749847412, 2.052314043045044, 2.450955390930176, 3.2056190967559814, 2.8600008487701416, 2.765707015991211, 2.908787727355957, 3.1459715366363525, 2.62575101852417, 2.669295072555542, 2.601896047592163, 2.816309690475464, 2.313152551651001, 2.9028635025024414, 2.5911219120025635, 2.492823839187622, 2.992643356323242, 3.4257402420043945, 2.5311262607574463, 3.1384661197662354, 2.8938677310943604, 3.1810131072998047, 3.1401877403259277, 2.771454334259033, 2.974658727645874, 2.6944730281829834, 2.734593391418457, 3.002227306365967, 2.5661513805389404, 2.995224714279175, 3.3257570266723633, 2.9833078384399414, 3.719301223754883, 2.760042190551758, 3.167945146560669, 2.8308420181274414, 3.2530014514923096, 2.784318208694458, 3.460949420928955, 3.575596809387207, 3.218630790710449, 3.339669942855835, 3.213966131210327, 3.1386361122131348, 3.0749683380126953, 3.4545834064483643, 3.5935986042022705, 3.432753562927246, 3.7500641345977783, 3.266319513320923, 2.745638370513916, 3.332974672317505, 3.6608262062072754], "simple_val_acc": [0.5421935627364343, 0.580145171699024, 0.5221129182500224, 0.5040645300053781, 0.6064032407792346, 0.59854840062799, 0.6445484030208279, 0.582500015740433, 0.5822742063398323, 0.5482419492362007, 0.6084516321228397, 0.5444032396126177, 0.5703387222491926, 0.5663387255356196, 0.6044516269112787, 0.568354851673207, 0.6185000152039912, 0.5964516261734308, 0.4939193694293499, 0.5703064648569112, 0.4880806599764093, 0.6045645336441456, 0.48993549763002703, 0.4558548503695957, 0.5944677525196345, 0.5865322672167133, 0.556467759585669, 0.4318387240969366, 0.5822580806598547, 0.604419372205292, 0.5963709828252755, 0.6163225961615962, 0.6044193714698476, 0.5582096917297571, 0.5923709838472067, 0.562258082040856, 0.602338726198481, 0.5643387194352765, 0.5543548566078947, 0.5764354969195782, 0.5865322707045463, 0.5985161417174724, 0.5020806563559078, 0.5643871147382644, 0.6204355021407527, 0.5943548560656847, 0.4336290422418425, 0.5682419488228136, 0.540354850311433, 0.6083064664592666, 0.5882096911216936, 0.6045322725993971, 0.5742258226063943, 0.5722580803877885, 0.5722903365189991, 0.5763871116157502, 0.600435498475067, 0.5905161493439828, 0.5864193698773461, 0.5842742124642095, 0.5943225978271616, 0.6084032404711169, 0.5642419481623557, 0.610387112336774, 0.5743064668226626, 0.5783387255899368, 0.5823387243358358, 0.5722419488795342, 0.5843387221208503, 0.5581774315574477, 0.5964677589266532, 0.47388710924286037, 0.5784032428663585, 0.5944355032679535, 0.6225000142104202, 0.6003225926675142, 0.5844838867697023, 0.6044354982227087, 0.6346774350375899, 0.620596789751322, 0.5883387233869684, 0.6024838853247704, 0.6204354993253947, 0.600338724530993, 0.6385322739068539, 0.6025161437339359, 0.584403238723355, 0.6244838862880584, 0.5943225951829264, 0.5965322697758675, 0.6024193706921032, 0.6064677507233236, 0.6185806606594593, 0.6024032425510306, 0.5925000158231104, 0.6025806610949578, 0.5923709809626303, 0.6146290491982813, 0.612532272311949, 0.6086129181808041],