{"acc_im_lang": [0.140625, 0.25, 0.2734375, 0.3671875, 0.4140625, 0.4375, 0.3515625, 0.5390625, 0.328125, 0.578125, 0.53125, 0.5625, 0.484375, 0.5859375, 0.5078125, 0.59375, 0.609375, 0.578125, 0.609375, 0.625, 0.59375, 0.6640625, 0.65625, 0.7109375, 0.7265625], "acc_lang_im": [0.03125, 0.109375, 0.1640625, 0.25, 0.203125, 0.265625, 0.28125, 0.34375, 0.2265625, 0.609375, 0.46875, 0.3984375, 0.421875, 0.3515625, 0.4140625, 0.5078125, 0.4296875, 0.4609375, 0.4453125, 0.515625, 0.4296875, 0.546875, 0.6015625, 0.6796875, 0.6171875], "pos_score": [2.065286636352539, 3.842398166656494, 4.483144760131836, 5.313715934753418, 5.555717468261719, 6.177976131439209, 6.195217132568359, 6.348570346832275, 5.98585844039917, 7.197122573852539, 7.085447311401367, 7.034120559692383, 7.233689308166504, 7.226362228393555, 7.202125549316406, 7.431966781616211, 7.404378890991211, 7.459535598754883, 7.368370056152344, 7.646994590759277, 7.671076774597168, 8.089517593383789, 7.762408256530762, 7.874838829040527, 7.883108139038086], "neg_score": [0.8058458566665649, 0.9371141791343689, 0.977751612663269, 1.1089340448379517, 0.5596529841423035, 1.5042225122451782, 1.3139042854309082, 1.0610220432281494, 1.5784039497375488, 0.9609480500221252, 1.1548728942871094, 1.3213505744934082, 1.5876556634902954, 1.404374599456787, 1.0143494606018066, 1.1652177572250366, 1.6148587465286255, 1.0572572946548462, 1.1226838827133179, 1.1345922946929932, 1.3181525468826294, 1.0206457376480103, 0.9346966743469238, 1.0026590824127197, 1.1361674070358276], "simple_val_acc": [0.5444746093996907, 0.5561486282603609, 0.5811367019542621, 0.5716394500261286, 0.5557908081095879, 0.5929896389956244, 0.5446535222830414, 0.5733689282508034, 0.6064826043176941, 0.5620527339913484, 0.6543714308458957, 0.6430552404121503, 0.6096284696454616, 0.6542372518207501, 0.6122077904243506, 0.6407442863769331, 0.6429657785240597, 0.658232958797625, 0.6543267070096277, 0.6543714339584503, 0.6759452693366965, 0.6564140186595325, 0.6564587450253898, 0.637195864753204, 0.6640923351435104], "simple_val_auc": [0.5443895288293629, 0.5578349541005143, 0.5835562889504798, 0.5671510277319406, 0.5760785978628302, 0.5976405421426169, 0.508519040676717, 0.5832238581201237, 0.6011370736474472, 0.5765752415130009, 0.6135010974222593, 0.628610679440555, 0.624309104599561, 0.6304971242730579, 0.6212691648376296, 0.6299964754321601, 0.6419119178455278, 0.6292595203383585, 0.6306373059485093, 0.6297201172719844, 0.6277655841971195, 0.6316065621044874, 0.6242049696406544, 0.6187378842980502, 0.634866787356414], "simple_val_acc_ci": [0.04288861006779151, 0.04278795963004043, 0.0424888083684889, 0.042617087180730394, 0.042787962196540616, 0.042312808051809446, 0.04288861006779151, 0.04259276445847813, 0.04207666436979712, 0.04272881463327949, 0.04095319687936001, 0.041263820396738024, 0.04200303147949245, 0.04095319687936001, 0.04196518073476559, 0.04131302020528249, 0.041263820396738024, 0.040843715114472705, 0.04095319687936001, 0.04095319687936001, 0.04031346077727199, 0.04089883070594335, 0.04089883070594335, 0.04140924599671481, 0.040673848733235145], "train_acc": [0.7105555555555556, 0.7557777777777778, 0.8081111111111111, 0.8573333333333333, 0.9207777777777778, 0.9581111111111111, 0.9836666666666667, 0.9911111111111112, 0.987, 0.9876666666666667, 0.985, 0.9864444444444445, 0.9841111111111112, 0.9885555555555555, 0.9898888888888889, 0.9805555555555555, 0.9877777777777778, 0.9861111111111112, 0.9946666666666667, 0.9841111111111112], "val_acc": [0.506, 0.502, 0.512, 0.526, 0.58, 0.618, 0.604, 0.57, 0.574, 0.558, 0.576, 0.552, 0.536, 0.542, 0.534, 0.55, 0.534, 0.53, 0.538, 0.534], "val_same_acc": [0.478, 0.494, 0.494, 0.514, 0.538, 0.558, 0.576, 0.57, 0.544, 0.566, 0.546, 0.544, 0.564, 0.546, 0.548, 0.562, 0.544, 0.55, 0.532, 0.536], "test_acc": [0.522, 0.528, 0.53, 0.5485, 0.5745, 0.5755, 0.572, 0.542, 0.5335, 0.531, 0.5345, 0.531, 0.521, 0.515, 0.518, 0.53, 0.5145, 0.521, 0.514, 0.5175], "test_same_acc": [0.504, 0.5125, 0.5165, 0.5285, 0.5515, 0.565, 0.558, 0.5405, 0.535, 0.532, 0.5345, 0.534, 0.528, 0.5255, 0.5245, 0.5325, 0.524, 0.5255, 0.52, 0.5295], "test_acc_ci": [0.015489922285150434, 0.015482447350951981, 0.015478399263974292, 0.01544915684107065, 0.015371667847048997, 0.015341459056263195, 0.015363668507228343, 0.01544233853323388, 0.01545876420594479, 0.015464379816209895, 0.015458230296511952, 0.015462392360175058, 0.015476547415363674, 0.01548244735095198, 0.015481160143057757, 0.015464866936866932, 0.015483672425332438, 0.015478399263974292, 0.01548620174219618, 0.01547803666813075], "best_epoch": 7, "best_val_acc": 0.604, "best_val_same_acc": 0.576, "best_test_acc": 0.572, "best_test_same_acc": 0.558, "best_test_acc_ci": 0.015363668507228343, "has_same": true}