{"train_acc": [1.8570730577045016, 1.0557767527898152, 0.9302354846530491, 0.8866732277340359, 0.858144182840983, 0.8444808076752557, 0.8315344485706753, 0.8260582938724094, 0.8473389728334215, 0.8186092558966742, 0.8215104862848918, 0.817562068939209, 0.8169786057472229, 0.8127023320198059, 0.8154801484743754, 0.8138195106188456, 0.8153830477396647, 0.8129205443594191, 0.8649425717989604, 0.8155883472230699, 0.8217019795311822, 0.8242211610476176, 0.8170211662186516, 0.8205429154502021, 0.8244736563364665, 0.8211966900295682, 0.829021034028795, 0.8728253608279758, 0.8366285298135545, 0.8336816673808628, 0.8327887749671936, 0.832643821504381, 0.8460118788613213, 0.8438368208673265, 0.8362860253122117, 0.8415358319282532, 0.84305086962382, 0.8427134524981181, 0.8454783497386509, 0.8482949542999267, 0.8374454587830438, 0.8931621186468336, 0.8546133608288236, 0.8548095067342122, 0.8618326182365418, 0.854373096148173, 0.8547617423799303, 0.857404735300276, 0.8534617447323269, 0.8538872052828471], "val_acc": [1.8654910707473755, 1.0570345754623414, 0.9238562989234924, 0.8850561900138855, 0.8503967218399048, 0.8364796204566955, 0.8275483231544495, 0.8282256078720093, 0.8407254781723023, 0.8188906292915344, 0.8180791563987732, 0.8148341951370239, 0.8146134490966797, 0.8121948885917664, 0.8155639696121216, 0.8152576475143433, 0.8163688397407531, 0.8104361367225646, 0.8599499592781067, 0.8180643033981323, 0.824358057975769, 0.8228090209960938, 0.8162386837005615, 0.8260514030456543, 0.8288596754074097, 0.8239768743515015, 0.829817931175232, 0.8603308506011963, 0.8404873723983765, 0.8372396049499512, 0.8360099000930786, 0.8295313730239868, 0.8530398626327514, 0.8486195559501648, 0.8445552339553833, 0.8467873396873474, 0.8397718505859375, 0.8447713794708251, 0.848449001789093, 0.8533668665885925, 0.8402229800224305, 0.8808371210098267, 0.8546922249794007, 0.847883547782898, 0.8644236130714417, 0.8551531548500061, 0.8617329349517823, 0.862387427330017, 0.8555578608512878, 0.8573149189949035], "val_same_acc": [1.8650371866226196, 1.0701230850219727, 0.9412453193664551, 0.8960391478538513, 0.8688519387245178, 0.8557110538482666, 0.8431459908485412, 0.838023108959198, 0.8583224153518677, 0.8310137691497803, 0.8346719760894775, 0.8313036389350891, 0.8313219523429871, 0.827901225566864, 0.8301020894050598, 0.8270957651138305, 0.8320215258598328, 0.8251437110900879, 0.8791550598144531, 0.8276400227546692, 0.8338775587081909, 0.8367062344551086, 0.8295633506774902, 0.8347949395179749, 0.8350046663284302, 0.8341408262252807, 0.8412523522377015, 0.8907717843055725, 0.8489363794326782, 0.8457570686340332, 0.8466304984092713, 0.8408448896408081, 0.8577654809951782, 0.8540160946846008, 0.8460736427307128, 0.8513336143493653, 0.8560288972854614, 0.8598500881195068, 0.8583229398727417, 0.8619942917823792, 0.8490529394149781, 0.9107958316802979, 0.8695536112785339, 0.8653857889175415, 0.8758758010864258, 0.8678107933998108, 0.8677011480331421, 0.8697533650398255, 0.8685829420089721, 0.8645482187271119], "test_acc": [1.8656684236526488, 1.0684930477142334, 0.9385845427513122, 0.8949891376495361, 0.8685038108825683, 0.852387342453003, 0.8407383923530578, 0.8352945384979248, 0.8540712957382202, 0.8284230332374573, 0.8287848181724549, 0.823349763393402, 0.8265068511962891, 0.8218555164337158, 0.8259694628715515, 0.8217252330780029, 0.823724600315094, 0.8281913175582886, 0.8750842256546021, 0.8270382070541382, 0.8302784895896912, 0.8324651265144348, 0.8301324644088746, 0.8320230479240418, 0.8397417531013489, 0.8339376316070557, 0.8390627961158752, 0.8830819253921509, 0.8469595704078674, 0.8441635527610779, 0.84452596950531, 0.84121484375, 0.8593533549308777, 0.8552711038589478, 0.8479007334709168, 0.85658424949646, 0.8520962100028991, 0.8571282544136047, 0.8593715686798096, 0.8656577696800232, 0.8511204423904419, 0.9114343113899231, 0.8672553610801697, 0.8740011811256408, 0.8752121205329895, 0.8699045600891113, 0.8709325556755065, 0.8698748326301575, 0.8710198059082032, 0.8678701725006104], "test_same_acc": [1.8547810125350952, 1.0537927083969116, 0.9284758024215698, 0.8843100390434265, 0.8556080160140991, 0.8418700661659241, 0.8272615637779236, 0.8227091522216797, 0.8438712315559387, 0.8149784126281738, 0.8161825079917908, 0.8118111696243286, 0.8130165657997132, 0.8082540268898011, 0.8105346031188965, 0.8088880381584167, 0.8103227062225342, 0.8091890501976013, 0.8607409501075745, 0.8110528330802917, 0.8171817541122437, 0.8188159518241882, 0.8139905347824097, 0.8166583976745605, 0.8220254292488098, 0.8178153953552246, 0.8240669102668762, 0.8674677033424377, 0.8328597440719604, 0.8291385388374328, 0.8278010125160218, 0.8281804552078247, 0.8420584130287171, 0.8395523781776428, 0.8331223864555359, 0.8374517550468444, 0.8383455147743225, 0.8388932900428772, 0.841717493057251, 0.842403775215149, 0.8332802958488464, 0.8906180138587951, 0.849854248046875, 0.8506984825134277, 0.8558591132164002, 0.8491114826202393, 0.8489917631149292, 0.8531117010116577, 0.8484427161216735, 0.8482876553535461], "best_epoch": 1, "best_val_acc": 1.8654910707473755, "best_val_same_acc": 1.8650371866226196, "best_test_acc": 1.8656684236526488, "best_test_same_acc": 1.8547810125350952, "has_same": true}