{"train_acc": [1.9268724682066176, 1.076315971798367, 0.9118609903123643, 0.8650917016665141, 0.8445846045811971, 0.8323074716462029, 0.8242867484092712, 0.8156129071977404, 0.8150228589905633, 0.8075115279091729, 0.8129665139516195, 0.8085978571573893, 0.8141960439682007, 0.8157922013600667, 0.8150273025300767, 0.812475084675683, 0.8142949721018473, 0.8144912380642361, 0.8186075060102674, 0.8255099841223823, 0.8245788370768229, 0.8240802800920275, 0.8278554224967957, 0.8297031144036187, 0.8279089522361756, 0.8300128826565213, 0.8286802914937337, 0.8397057086626689, 0.837579194439782, 0.8389329280853272, 0.8446566920810276, 0.8457851431104872, 0.845930331548055, 0.8516151928371853, 0.8496764436297947, 0.8509440598487854, 0.8494415192074246, 0.853794087515937, 0.8541870313220554, 0.8579633233282301, 0.8514787571695116, 0.8607155912187364, 0.8645978344281514, 0.8652208546532525, 0.8691242325570848, 0.8693572256300185, 0.8661651405758328, 0.8688540426890056, 0.87508979733785, 0.8716180444823372], "val_acc": [1.9360154552459716, 1.0751656770706177, 0.9035082693099976, 0.8595028548240662, 0.835300618648529, 0.822604640007019, 0.8215305953025818, 0.8119624185562134, 0.8088255453109742, 0.8028180527687073, 0.808420693397522, 0.799651358127594, 0.8058262624740601, 0.8079705138206482, 0.8074020490646362, 0.8007757987976074, 0.808418119430542, 0.806130150794983, 0.8146821727752686, 0.8187897219657898, 0.8204616088867187, 0.8220680422782898, 0.8216418886184692, 0.8299331526756286, 0.8245941367149353, 0.8241172933578491, 0.8275797443389893, 0.8358179597854615, 0.831851900100708, 0.8429107332229614, 0.8438012104034424, 0.8387066030502319, 0.8442283749580384, 0.8513083720207214, 0.8488391046524048, 0.8465991683006286, 0.8445005531311035, 0.8506048083305359, 0.8516851596832276, 0.8558693499565124, 0.8490965652465821, 0.8579187107086181, 0.8613840460777282, 0.8638139638900757, 0.8646239070892334, 0.8679199891090393, 0.8676496481895447, 0.8686871185302735, 0.8697216567993165, 0.8699205493927002], "val_same_acc": [1.937688063621521, 1.0889400033950805, 0.9217082743644714, 0.8747205834388733, 0.8536684799194336, 0.8405108671188355, 0.8353798666000366, 0.8263571896553039, 0.8240091562271118, 0.8182827548980713, 0.8233846945762634, 0.8194819326400757, 0.8278831095695496, 0.8276440162658691, 0.8279714488983154, 0.8260548992156982, 0.8294112887382508, 0.8266298055648804, 0.8296744709014893, 0.8362219038009644, 0.8385426077842713, 0.8350515894889832, 0.8407165236473083, 0.8428857712745667, 0.8404448747634887, 0.8452971606254578, 0.8404722075462341, 0.8535714960098266, 0.8487522487640381, 0.8513843774795532, 0.8596602420806885, 0.855917058467865, 0.8586104202270508, 0.8637028040885926, 0.8604863524436951, 0.8628079805374146, 0.8615100994110108, 0.8695532069206238, 0.8649640703201293, 0.8728088688850403, 0.862649658203125, 0.873628676891327, 0.880843032836914, 0.877851300239563, 0.8796694951057434, 0.8805112848281861, 0.8809589471817016, 0.8816918144226075, 0.8895618481636047, 0.8841731925010681], "test_acc": [1.937076428413391, 1.086946268081665, 0.9205358347892761, 0.8732841024398804, 0.8561672477722168, 0.8413538274765014, 0.8348969602584839, 0.8256532673835755, 0.8254647917747497, 0.8182769651412964, 0.8266838841438293, 0.8172241320610046, 0.8314323654174804, 0.8229172062873841, 0.831645179271698, 0.8224757580757142, 0.8288944482803344, 0.8299029793739319, 0.8301537804603577, 0.8361947565078736, 0.8349556646347046, 0.837658058166504, 0.8416754636764526, 0.8410853424072265, 0.8415332684516906, 0.8429611811637878, 0.8420854940414428, 0.850253770828247, 0.8517609124183655, 0.8549932990074157, 0.8586024775505066, 0.8565827231407166, 0.8609313821792602, 0.8656345033645629, 0.8637711853981018, 0.8674723820686341, 0.8609318881034851, 0.8681600456237792, 0.8715126652717591, 0.877566701412201, 0.8673980979919433, 0.881316297531128, 0.8813361783027649, 0.8851783289909363, 0.8848883428573608, 0.8868321232795715, 0.8864910917282105, 0.889155556678772, 0.8971802167892456, 0.8894061079025268], "test_same_acc": [1.9221776609420775, 1.0726426696777345, 0.909774263381958, 0.862204605102539, 0.8418436584472656, 0.8303767452239991, 0.8207785701751709, 0.8129328174591064, 0.8128348670005798, 0.8048142428398133, 0.8105992469787597, 0.8038895921707153, 0.8116259064674377, 0.8112331643104553, 0.811754581451416, 0.8082023949623108, 0.810554699420929, 0.810642508983612, 0.8151975927352906, 0.8214579477310181, 0.8191411719322205, 0.8190468058586121, 0.8237455730438232, 0.8240362720489502, 0.8227903718948364, 0.8249206113815307, 0.8231387009620666, 0.83265545129776, 0.8322434353828431, 0.8335026669502258, 0.8384149785041809, 0.8399509782791138, 0.8399994320869446, 0.8453985595703125, 0.844616310596466, 0.8448229985237121, 0.8427327370643616, 0.8474163808822632, 0.8486492671966552, 0.8512953300476074, 0.8460946731567383, 0.8553573312759399, 0.8585554871559143, 0.8587487120628357, 0.8623887772560119, 0.8627425012588501, 0.8598743538856506, 0.8626877188682556, 0.8668553223609924, 0.8666014552116394], "best_epoch": 1, "best_val_acc": 1.9360154552459716, "best_val_same_acc": 1.937688063621521, "best_test_acc": 1.937076428413391, "best_test_same_acc": 1.9221776609420775, "has_same": true}