{"train_acc": [0.5011111111111111, 0.5336666666666666, 0.6215555555555555, 0.6543333333333333, 0.6588888888888889, 0.6416666666666667, 0.704, 0.7086666666666667, 0.715, 0.7378888888888889, 0.7383333333333333, 0.7278888888888889, 0.7471111111111111, 0.7457777777777778, 0.7395555555555555, 0.746, 0.7527777777777778, 0.7541111111111111, 0.7455555555555555, 0.7538888888888889], "val_acc": [0.5, 0.528, 0.576, 0.578, 0.584, 0.576, 0.634, 0.616, 0.65, 0.636, 0.652, 0.662, 0.668, 0.682, 0.676, 0.676, 0.662, 0.646, 0.666, 0.682], "val_same_acc": [0.504, 0.526, 0.6, 0.616, 0.574, 0.628, 0.652, 0.668, 0.688, 0.686, 0.686, 0.662, 0.704, 0.702, 0.678, 0.674, 0.69, 0.706, 0.696, 0.716], "test_acc": [0.504, 0.52525, 0.59225, 0.60375, 0.6055, 0.58775, 0.6335, 0.63675, 0.65075, 0.66175, 0.663, 0.66125, 0.672, 0.68125, 0.6685, 0.66525, 0.67075, 0.67675, 0.67175, 0.6805], "test_same_acc": [0.50475, 0.529, 0.594, 0.5995, 0.595, 0.5855, 0.649, 0.64325, 0.66525, 0.66925, 0.668, 0.66875, 0.68375, 0.6825, 0.6825, 0.67825, 0.686, 0.691, 0.68425, 0.69125], "test_acc_ci": [0.010956313644281776, 0.01094059803424269, 0.010765016397891597, 0.010728031831229574, 0.01073424240398455, 0.01079104405152138, 0.010510435751551883, 0.01051846376615901, 0.010395301207757281, 0.010339110307468433, 0.010339110307468433, 0.010342947113854929, 0.010239956279050949, 0.010206159747763845, 0.0102596159747819, 0.010290045208234025, 0.010235778864936217, 0.010188936671550911, 0.010238913184513284, 0.010171495592924129], "train_aux_metric": [1.3752984543657978, 0.9768419609926196, 0.9200324911232091, 0.8994348555960721, 0.8829460900917562, 0.8701716199635731, 0.8597345294281612, 0.8491255017555784, 0.840393295680479, 0.8350997170422321, 0.827833864644464, 0.8245222596761614, 0.8182227621875209, 0.8143320045008539, 0.8113613063897362, 0.8077888393262906, 0.8062471610074047, 0.8041398121351528, 0.8023045775868477, 0.8016671879098652], "val_aux_metric": [1.3552871450867343, 0.9677109264888646, 0.9130705912915782, 0.8950514082811433, 0.8804913851003611, 0.8688026010435735, 0.8597942151198547, 0.8483866564524002, 0.8403166105387212, 0.8383543684816163, 0.8303636299627218, 0.8264128074725264, 0.8226304179296714, 0.8178945803038323, 0.8172530678978019, 0.8150752615791818, 0.8134370814354944, 0.8121903885857035, 0.811820601369517, 0.8140005032992141], "test_aux_metric": [1.3578218783303844, 0.9703974473877751, 0.9172362136565326, 0.8981371153825746, 0.8829036116668464, 0.8716524442508005, 0.8618257356182679, 0.851639520180657, 0.843388969589587, 0.839968654947798, 0.8318753257383052, 0.8299490932475881, 0.824329240884883, 0.8213512747903418, 0.8201638913386065, 0.8168808218008888, 0.8138874531768069, 0.8136409246783792, 0.8109471051951618, 0.8133925222565693], "val_same_aux_metric": [1.3650435791979971, 0.9709776815988844, 0.9136283965371876, 0.8927315360755562, 0.8775804769530666, 0.8663230960627349, 0.8543053470688948, 0.8442196889127568, 0.8341160781925722, 0.8284174227576366, 0.820863419061275, 0.8189713285385752, 0.8121295435418138, 0.807339787233076, 0.8057702080570727, 0.8039604721666812, 0.801397543421371, 0.7996202163654361, 0.7988437475155679, 0.7986258078012154], "test_same_aux_metric": [1.3735134753167102, 0.9740890302552535, 0.9160979405349087, 0.8947535293735717, 0.8788776572234175, 0.8668105089548205, 0.8565311779804083, 0.8456141784938412, 0.837386750796879, 0.8318489447382857, 0.8248907342368625, 0.8222675689050833, 0.8156441853044584, 0.8119854189322578, 0.8090445621143385, 0.8060006745923746, 0.8043472159795985, 0.8024368373693173, 0.8020095891708647, 0.8007937072598286], "best_epoch": 20, "best_val_acc": 0.682, "best_val_same_acc": 0.716, "best_test_acc": 0.6805, "best_test_same_acc": 0.69125, "best_test_acc_ci": 0.010171495592924129, "has_same": true}