{"train_acc": [0.5054444444444445, 0.6472222222222223, 0.6238888888888889, 0.7172222222222222, 0.7368888888888889, 0.7447777777777778, 0.7793333333333333, 0.7985555555555556, 0.7668888888888888, 0.7893333333333333, 0.7857777777777778, 0.7724444444444445, 0.7936666666666666, 0.7935555555555556, 0.7966666666666666, 0.7624444444444445, 0.7818888888888889, 0.7655555555555555, 0.7795555555555556, 0.7983333333333333, 0.7864444444444444, 0.7922222222222223, 0.7896666666666666, 0.7908888888888889, 0.7806666666666666, 0.79, 0.7948888888888889, 0.7874444444444444, 0.8115555555555556, 0.7938888888888889, 0.8075555555555556, 0.8243333333333334, 0.7786666666666666, 0.82, 0.7975555555555556, 0.7777777777777778, 0.7971111111111111, 0.771, 0.7858888888888889, 0.7792222222222223, 0.806, 0.7947777777777778, 0.7986666666666666, 0.8005555555555556, 0.7985555555555556, 0.8004444444444444, 0.7974444444444444, 0.7968888888888889, 0.7927777777777778, 0.7952222222222223], "val_acc": [0.468, 0.478, 0.476, 0.516, 0.488, 0.49, 0.49, 0.51, 0.512, 0.508, 0.51, 0.52, 0.542, 0.522, 0.548, 0.538, 0.53, 0.516, 0.538, 0.554, 0.512, 0.522, 0.524, 0.536, 0.528, 0.536, 0.532, 0.51, 0.534, 0.516, 0.526, 0.538, 0.54, 0.534, 0.516, 0.53, 0.524, 0.518, 0.51, 0.526, 0.536, 0.532, 0.528, 0.502, 0.524, 0.532, 0.51, 0.542, 0.524, 0.538], "val_same_acc": [0.49, 0.502, 0.508, 0.504, 0.494, 0.502, 0.496, 0.488, 0.488, 0.486, 0.5, 0.492, 0.522, 0.516, 0.55, 0.496, 0.512, 0.514, 0.508, 0.518, 0.514, 0.506, 0.524, 0.518, 0.506, 0.52, 0.512, 0.496, 0.518, 0.524, 0.528, 0.514, 0.514, 0.506, 0.532, 0.54, 0.532, 0.528, 0.544, 0.544, 0.56, 0.55, 0.55, 0.532, 0.538, 0.532, 0.562, 0.526, 0.54, 0.526], "val_tre": [0.0, 0.0, 0.0, 0.0, 0.0, 0.0, 0.0, 0.0, 0.0, 0.0, 0.0, 0.0, 0.0, 0.0, 0.0, 0.0, 0.0, 0.0, 0.0, 0.0, 0.0, 0.0, 0.0, 0.0, 0.0, 0.0, 0.0, 0.0, 0.0, 0.0, 0.0, 0.0, 0.0, 0.0, 0.0, 0.0, 0.0, 0.0, 0.0, 0.0, 0.0, 0.0, 0.0, 0.0, 0.0, 0.0, 0.0, 0.0, 0.0, 0.0], "val_tre_std": [0.0, 0.0, 0.0, 0.0, 0.0, 0.0, 0.0, 0.0, 0.0, 0.0, 0.0, 0.0, 0.0, 0.0, 0.0, 0.0, 0.0, 0.0, 0.0, 0.0, 0.0, 0.0, 0.0, 0.0, 0.0, 0.0, 0.0, 0.0, 0.0, 0.0, 0.0, 0.0, 0.0, 0.0, 0.0, 0.0, 0.0, 0.0, 0.0, 0.0, 0.0, 0.0, 0.0, 0.0, 0.0, 0.0, 0.0, 0.0, 0.0, 0.0], "test_acc": [0.499, 0.532, 0.5075, 0.525, 0.5275, 0.519, 0.5295, 0.5145, 0.512, 0.521, 0.508, 0.517, 0.512, 0.5055, 0.51, 0.511, 0.499, 0.5085, 0.5125, 0.506, 0.505, 0.5055, 0.5175, 0.5055, 0.5135, 0.5085, 0.509, 0.521, 0.515, 0.517, 0.511, 0.5105, 0.52, 0.517, 0.5235, 0.531, 0.5345, 0.5315, 0.536, 0.526, 0.5315, 0.529, 0.5395, 0.543, 0.543, 0.536, 0.535, 0.528, 0.529, 0.54], "test_same_acc": [0.502, 0.5095, 0.513, 0.525, 0.5285, 0.53, 0.527, 0.5245, 0.53, 0.5185, 0.5245, 0.502, 0.519, 0.5195, 0.5235, 0.525, 0.5225, 0.5155, 0.526, 0.5265, 0.5165, 0.527, 0.5165, 0.521, 0.525, 0.515, 0.515, 0.521, 0.5235, 0.525, 0.5145, 0.5305, 0.5375, 0.532, 0.534, 0.5395, 0.529, 0.5375, 0.531, 0.5375, 0.537, 0.5515, 0.537, 0.5375, 0.531, 0.545, 0.5365, 0.545, 0.5365, 0.5395], "test_acc_ci": [0.015495152787242854, 0.015481811514645179, 0.015491904272070624, 0.01547577946340668, 0.015470845044793123, 0.015476547415363674, 0.015470408552297508, 0.015483371980934902, 0.015481487770883005, 0.015483067653892105, 0.01548697499110139, 0.015492363405884849, 0.015487713320564792, 0.015490317540321763, 0.01548646337208725, 0.01548511641544874, 0.01549157880188459, 0.015490697285790594, 0.015483672425332438, 0.015486974991101393, 0.01549157880188459, 0.015486974991101393, 0.015486201742196181, 0.015489718841057125, 0.015483672425332438, 0.015490881342744836, 0.015490697285790594, 0.015481487770883005, 0.015483672425332438, 0.015481487770883005, 0.015490121851522019, 0.015482131374587935, 0.015469523889732351, 0.015476547415363674, 0.015469523889732351, 0.015456605156857695, 0.015463888798584917, 0.015458230296511952, 0.01546034252854703, 0.015463888798584917, 0.015458764205944792, 0.01544487267590769, 0.015449753226993629, 0.01544487267590769, 0.015452676544857852, 0.015444245009064059, 0.015455502216848214, 0.015453818528117898, 0.015461885750936075, 0.01544611627481161], "best_epoch": 15, "best_val_acc": 0.548, "best_val_same_acc": 0.55, "best_val_tre": 0.0, "best_val_tre_std": 0.0, "best_test_acc": 0.51, "best_test_same_acc": 0.5235, "best_test_acc_ci": 0.01548646337208725, "lowest_val_tre": 0.0, "lowest_val_tre_std": 0.0, "has_same": true}