{"train_acc": [0.7455555555555555, 0.7516666666666667, 0.7136666666666667, 0.7203333333333334, 0.7298888888888889, 0.7534444444444445, 0.748, 0.75, 0.7338888888888889, 0.755, 0.7495555555555555, 0.7358888888888889, 0.7391111111111112, 0.7428888888888889, 0.7531111111111111, 0.7382222222222222, 0.7447777777777778, 0.7431111111111111, 0.7353333333333333, 0.7313333333333333], "val_acc": [0.534, 0.53, 0.476, 0.502, 0.514, 0.482, 0.516, 0.514, 0.478, 0.488, 0.498, 0.466, 0.49, 0.482, 0.48, 0.492, 0.476, 0.478, 0.478, 0.484], "val_same_acc": [0.552, 0.548, 0.522, 0.536, 0.542, 0.526, 0.53, 0.51, 0.504, 0.518, 0.516, 0.518, 0.5, 0.504, 0.498, 0.502, 0.504, 0.506, 0.502, 0.49], "val_tre": [0.0, 0.0, 0.0, 0.0, 0.0, 0.0, 0.0, 0.0, 0.0, 0.0, 0.0, 0.0, 0.0, 0.0, 0.0, 0.0, 0.0, 0.0, 0.0, 0.0], "val_tre_std": [0.0, 0.0, 0.0, 0.0, 0.0, 0.0, 0.0, 0.0, 0.0, 0.0, 0.0, 0.0, 0.0, 0.0, 0.0, 0.0, 0.0, 0.0, 0.0, 0.0], "test_acc": [0.543, 0.535, 0.536, 0.537, 0.537, 0.5385, 0.5255, 0.53, 0.526, 0.5355, 0.5265, 0.519, 0.523, 0.508, 0.5265, 0.508, 0.5205, 0.502, 0.508, 0.5015], "test_same_acc": [0.521, 0.5205, 0.521, 0.511, 0.518, 0.527, 0.5015, 0.514, 0.5135, 0.5145, 0.5205, 0.506, 0.5015, 0.5235, 0.508, 0.5075, 0.5105, 0.514, 0.507, 0.5075], "test_acc_ci": [0.015463393883620766, 0.015471277645204354, 0.01546996816738806, 0.015477299816182412, 0.015471706353857676, 0.015461885750936075, 0.015489511519089295, 0.01548015395272282, 0.015483067653892105, 0.01547577946340668, 0.015478036668130747, 0.015490317540321763, 0.015490509351696607, 0.0154874710903685, 0.01548593623178786, 0.015493299066854677, 0.01548771332056479, 0.015493177027323998, 0.015493417231198545, 0.015494532968114918], "best_epoch": 2, "best_val_acc": 0.53, "best_val_same_acc": 0.548, "best_val_tre": 0.0, "best_val_tre_std": 0.0, "best_test_acc": 0.535, "best_test_same_acc": 0.5205, "best_test_acc_ci": 0.015471277645204354, "lowest_val_tre": 0.0, "lowest_val_tre_std": 0.0, "has_same": true}