{"train_acc": [0.5576666666666666, 0.6823333333333333, 0.699, 0.7145555555555556, 0.7134444444444444, 0.725, 0.7411111111111112, 0.7338888888888889, 0.7341111111111112, 0.7475555555555555, 0.7425555555555555, 0.7372222222222222, 0.7337777777777778, 0.7443333333333333], "val_acc": [0.562, 0.54, 0.574, 0.554, 0.566, 0.536, 0.528, 0.53, 0.544, 0.556, 0.544, 0.544, 0.548, 0.574], "val_same_acc": [0.512, 0.508, 0.506, 0.524, 0.53, 0.534, 0.534, 0.54, 0.552, 0.522, 0.534, 0.522, 0.57, 0.548], "val_tre": [0.0, 0.0, 0.0, 0.0, 0.0, 0.0, 0.0, 0.0, 0.0, 0.0, 0.0, 0.0, 0.0, 0.0], "val_tre_std": [0.0, 0.0, 0.0, 0.0, 0.0, 0.0, 0.0, 0.0, 0.0, 0.0, 0.0, 0.0, 0.0, 0.0], "test_acc": [0.522, 0.5525, 0.55225, 0.5495, 0.55325, 0.55575, 0.55525, 0.55525, 0.56225, 0.572, 0.57375, 0.5625, 0.56575, 0.582], "test_same_acc": [0.5345, 0.547, 0.5435, 0.552, 0.55575, 0.558, 0.5625, 0.5585, 0.565, 0.568, 0.568, 0.56925, 0.57825, 0.57775], "test_acc_ci": [0.010939230795055929, 0.010902360982259758, 0.010906391433323625, 0.010900147470906068, 0.010891450130721804, 0.010885617370956733, 0.010880510063727481, 0.010885617370956733, 0.010867662254223536, 0.010848825742908767, 0.010846097355587168, 0.010861222978876504, 0.010842538595734856, 0.010816021287741394], "best_epoch": 1, "best_val_acc": 0.562, "best_val_same_acc": 0.512, "best_val_tre": 0.0, "best_val_tre_std": 0.0, "best_test_acc": 0.522, "best_test_same_acc": 0.5345, "best_test_acc_ci": 0.010939230795055929, "lowest_val_tre": 0.0, "lowest_val_tre_std": 0.0, "has_same": true}