{"train_acc": [0.729, 0.7583333333333333, 0.7451111111111111, 0.7478888888888889, 0.7422222222222222, 0.7514444444444445, 0.7615555555555555, 0.7535555555555555, 0.7413333333333333, 0.7557777777777778, 0.7512222222222222, 0.7558888888888889, 0.7534444444444445, 0.7481111111111111, 0.7652222222222222, 0.7568888888888889, 0.7588888888888888, 0.7526666666666667, 0.7512222222222222, 0.7532222222222222, 0.7484444444444445, 0.752, 0.7608888888888888, 0.7498888888888889, 0.7501111111111111, 0.7508888888888889, 0.7586666666666667, 0.7574444444444445, 0.7661111111111111, 0.7608888888888888, 0.7588888888888888, 0.7644444444444445, 0.7571111111111111, 0.754, 0.7673333333333333, 0.7654444444444445, 0.7633333333333333, 0.766, 0.7648888888888888, 0.7575555555555555, 0.7605555555555555, 0.7564444444444445, 0.7555555555555555, 0.7622222222222222, 0.7591111111111111, 0.7622222222222222, 0.7671111111111111, 0.7552222222222222, 0.7613333333333333, 0.7648888888888888, 0.7616666666666667, 0.7668888888888888, 0.7653333333333333, 0.7641111111111111, 0.762, 0.7731111111111111, 0.7722222222222223, 0.764, 0.7585555555555555, 0.7643333333333333, 0.7642222222222222, 0.7662222222222222, 0.7708888888888888, 0.7668888888888888, 0.7593333333333333, 0.7685555555555555, 0.7612222222222222, 0.7627777777777778, 0.7573333333333333, 0.7706666666666667, 0.763, 0.7578888888888888, 0.7624444444444445, 0.7565555555555555, 0.7562222222222222, 0.7624444444444445, 0.7607777777777778, 0.7624444444444445, 0.7676666666666667, 0.7613333333333333], "val_acc": [0.526, 0.534, 0.524, 0.524, 0.512, 0.51, 0.518, 0.52, 0.518, 0.518, 0.524, 0.536, 0.532, 0.532, 0.534, 0.542, 0.532, 0.54, 0.552, 0.544, 0.536, 0.548, 0.534, 0.556, 0.548, 0.55, 0.542, 0.556, 0.562, 0.558, 0.56, 0.55, 0.538, 0.55, 0.556, 0.548, 0.554, 0.562, 0.55, 0.55, 0.552, 0.55, 0.55, 0.556, 0.55, 0.552, 0.538, 0.556, 0.548, 0.552, 0.562, 0.562, 0.566, 0.558, 0.562, 0.552, 0.564, 0.554, 0.55, 0.56, 0.572, 0.556, 0.56, 0.57, 0.554, 0.554, 0.556, 0.556, 0.562, 0.552, 0.56, 0.55, 0.56, 0.562, 0.562, 0.55, 0.556, 0.55, 0.55, 0.556], "val_same_acc": [0.52, 0.526, 0.528, 0.54, 0.546, 0.55, 0.554, 0.566, 0.556, 0.556, 0.572, 0.552, 0.576, 0.558, 0.576, 0.566, 0.572, 0.58, 0.586, 0.59, 0.576, 0.582, 0.568, 0.582, 0.576, 0.582, 0.58, 0.566, 0.574, 0.566, 0.578, 0.59, 0.58, 0.57, 0.58, 0.572, 0.558, 0.556, 0.56, 0.564, 0.562, 0.582, 0.568, 0.56, 0.562, 0.58, 0.568, 0.578, 0.574, 0.582, 0.576, 0.592, 0.58, 0.58, 0.586, 0.58, 0.58, 0.572, 0.58, 0.57, 0.56, 0.558, 0.578, 0.568, 0.566, 0.554, 0.566, 0.568, 0.572, 0.572, 0.588, 0.57, 0.592, 0.572, 0.57, 0.572, 0.576, 0.572, 0.582, 0.572], "val_tre": [0.0, 0.0, 0.0, 0.0, 0.0, 0.0, 0.0, 0.0, 0.0, 0.0, 0.0, 0.0, 0.0, 0.0, 0.0, 0.0, 0.0, 0.0, 0.0, 0.0, 0.0, 0.0, 0.0, 0.0, 0.0, 0.0, 0.0, 0.0, 0.0, 0.0, 0.0, 0.0, 0.0, 0.0, 0.0, 0.0, 0.0, 0.0, 0.0, 0.0, 0.0, 0.0, 0.0, 0.0, 0.0, 0.0, 0.0, 0.0, 0.0, 0.0, 0.0, 0.0, 0.0, 0.0, 0.0, 0.0, 0.0, 0.0, 0.0, 0.0, 0.0, 0.0, 0.0, 0.0, 0.0, 0.0, 0.0, 0.0, 0.0, 0.0, 0.0, 0.0, 0.0, 0.0, 0.0, 0.0, 0.0, 0.0, 0.0, 0.0], "val_tre_std": [0.0, 0.0, 0.0, 0.0, 0.0, 0.0, 0.0, 0.0, 0.0, 0.0, 0.0, 0.0, 0.0, 0.0, 0.0, 0.0, 0.0, 0.0, 0.0, 0.0, 0.0, 0.0, 0.0, 0.0, 0.0, 0.0, 0.0, 0.0, 0.0, 0.0, 0.0, 0.0, 0.0, 0.0, 0.0, 0.0, 0.0, 0.0, 0.0, 0.0, 0.0, 0.0, 0.0, 0.0, 0.0, 0.0, 0.0, 0.0, 0.0, 0.0, 0.0, 0.0, 0.0, 0.0, 0.0, 0.0, 0.0, 0.0, 0.0, 0.0, 0.0, 0.0, 0.0, 0.0, 0.0, 0.0, 0.0, 0.0, 0.0, 0.0, 0.0, 0.0, 0.0, 0.0, 0.0, 0.0, 0.0, 0.0, 0.0, 0.0], "test_acc": [0.5485, 0.544, 0.548, 0.545, 0.549, 0.5495, 0.5505, 0.551, 0.55, 0.5505, 0.5525, 0.5525, 0.554, 0.551, 0.5485, 0.5535, 0.56, 0.5625, 0.555, 0.556, 0.566, 0.5615, 0.559, 0.566, 0.564, 0.5605, 0.5655, 0.562, 0.5615, 0.567, 0.5655, 0.5715, 0.572, 0.5755, 0.576, 0.5745, 0.5695, 0.5705, 0.569, 0.5715, 0.579, 0.5775, 0.5765, 0.579, 0.5795, 0.572, 0.5775, 0.5815, 0.5745, 0.5705, 0.581, 0.5815, 0.576, 0.572, 0.5745, 0.58, 0.5755, 0.5725, 0.5715, 0.5805, 0.569, 0.578, 0.572, 0.5795, 0.5805, 0.5815, 0.583, 0.581, 0.5765, 0.5795, 0.5775, 0.579, 0.578, 0.5755, 0.575, 0.573, 0.579, 0.5775, 0.586, 0.585], "test_same_acc": [0.537, 0.5315, 0.529, 0.5345, 0.544, 0.5445, 0.5465, 0.544, 0.5425, 0.5465, 0.5485, 0.5535, 0.5565, 0.5585, 0.557, 0.5535, 0.559, 0.552, 0.558, 0.559, 0.5525, 0.563, 0.565, 0.5635, 0.569, 0.56, 0.57, 0.567, 0.571, 0.57, 0.5705, 0.577, 0.565, 0.565, 0.5725, 0.568, 0.5695, 0.5705, 0.5765, 0.5775, 0.569, 0.5785, 0.5795, 0.5795, 0.575, 0.575, 0.582, 0.5825, 0.577, 0.578, 0.5745, 0.579, 0.583, 0.583, 0.5815, 0.5775, 0.577, 0.577, 0.585, 0.586, 0.5825, 0.58, 0.582, 0.579, 0.5825, 0.5865, 0.5855, 0.5825, 0.5805, 0.5865, 0.579, 0.579, 0.5825, 0.5855, 0.5755, 0.5885, 0.5875, 0.582, 0.586, 0.583], "test_acc_ci": [0.01543841989890805, 0.015450934275149838, 0.01544915684107065, 0.01544611627481161, 0.015428006193283692, 0.015426551020886038, 0.015422091268696345, 0.015425080145658888, 0.015428727892311797, 0.015422091268696345, 0.015415924879811787, 0.015407862810915732, 0.015400270094222377, 0.015401984968665565, 0.015408686737519198, 0.0154062031370484, 0.01538505586275201, 0.015393252709385366, 0.015395913844264001, 0.015392357762864012, 0.015385982444257498, 0.015374602107859573, 0.015375572262520835, 0.015364682325873192, 0.015357502111346106, 0.01538225237002046, 0.01535225403564571, 0.015365692171197496, 0.015358539786548723, 0.015349057401026291, 0.015351192474853542, 0.015323356511384834, 0.015349057401026291, 0.015341459056263195, 0.015323356511384832, 0.01533702935300706, 0.015344739421052413, 0.015340357619690619, 0.015330264934925293, 0.015322191093312995, 0.015324517923902206, 0.015305454138966277, 0.015305454138966277, 0.01529928585833339, 0.015309106864053176, 0.015326828735912724, 0.015296790381481993, 0.015285361310744342, 0.015316303887524564, 0.015323356511384832, 0.015306675732339795, 0.015294278798786165, 0.015298040132644443, 0.015307893307049144, 0.015305454138966277, 0.015301765237220181, 0.015313920934071718, 0.015321021668772613, 0.01530422852596628, 0.015278870631529022, 0.015316303887524564, 0.015300527559532056, 0.015310316404307262, 0.01529928585833339, 0.015287929326759724, 0.015274927744509954, 0.015273605362683691, 0.015286647335992285, 0.015302998892374004, 0.015280176844526372, 0.01530422852596628, 0.015300527559532056, 0.015294278798786165, 0.01529301696526882, 0.015318670796612872, 0.015291751102310028, 0.01527887063152902, 0.015296790381481993, 0.01526423537554371, 0.015274927744509956], "best_epoch": 52, "best_val_acc": 0.562, "best_val_same_acc": 0.592, "best_val_tre": 0.0, "best_val_tre_std": 0.0, "best_test_acc": 0.5815, "best_test_same_acc": 0.579, "best_test_acc_ci": 0.015294278798786165, "lowest_val_tre": 0.0, "lowest_val_tre_std": 0.0, "has_same": true}