{"train_acc": [0.7275555555555555, 0.7563333333333333, 0.7427777777777778, 0.7494444444444445, 0.7427777777777778, 0.7526666666666667, 0.7603333333333333, 0.7531111111111111, 0.7404444444444445, 0.7546666666666667, 0.7524444444444445, 0.7537777777777778, 0.7413333333333333, 0.7475555555555555, 0.763, 0.7604444444444445, 0.762, 0.7523333333333333, 0.751, 0.7552222222222222, 0.7532222222222222, 0.7528888888888889, 0.765, 0.7464444444444445, 0.7575555555555555, 0.7607777777777778, 0.762, 0.7591111111111111, 0.7624444444444445, 0.7634444444444445, 0.764, 0.7681111111111111, 0.7548888888888889, 0.753, 0.7658888888888888, 0.7658888888888888, 0.7707777777777778, 0.7603333333333333, 0.7703333333333333, 0.7565555555555555, 0.762, 0.761, 0.7561111111111111, 0.7752222222222223, 0.7642222222222222, 0.7576666666666667, 0.762, 0.7567777777777778, 0.7604444444444445, 0.7615555555555555, 0.7564444444444445, 0.7662222222222222, 0.7585555555555555, 0.7662222222222222, 0.7646666666666667, 0.7654444444444445, 0.7703333333333333, 0.7613333333333333, 0.763, 0.7665555555555555, 0.7535555555555555, 0.7701111111111111, 0.7663333333333333, 0.7603333333333333, 0.7587777777777778, 0.7702222222222223, 0.7631111111111111, 0.7652222222222222, 0.7646666666666667, 0.7696666666666667, 0.7602222222222222, 0.7501111111111111, 0.76, 0.7572222222222222, 0.7582222222222222, 0.7648888888888888, 0.7667777777777778, 0.7571111111111111, 0.7657777777777778, 0.7613333333333333], "val_acc": [0.536, 0.538, 0.536, 0.532, 0.516, 0.526, 0.534, 0.52, 0.53, 0.534, 0.528, 0.54, 0.538, 0.528, 0.542, 0.55, 0.538, 0.548, 0.542, 0.532, 0.54, 0.536, 0.542, 0.526, 0.538, 0.542, 0.538, 0.54, 0.544, 0.538, 0.558, 0.55, 0.544, 0.536, 0.562, 0.564, 0.564, 0.562, 0.572, 0.552, 0.566, 0.568, 0.57, 0.574, 0.544, 0.566, 0.56, 0.566, 0.562, 0.574, 0.554, 0.566, 0.554, 0.546, 0.562, 0.564, 0.56, 0.558, 0.56, 0.562, 0.564, 0.564, 0.556, 0.552, 0.566, 0.55, 0.564, 0.56, 0.556, 0.56, 0.564, 0.572, 0.562, 0.556, 0.56, 0.556, 0.564, 0.564, 0.562, 0.556], "val_same_acc": [0.514, 0.528, 0.534, 0.522, 0.542, 0.54, 0.558, 0.556, 0.546, 0.566, 0.574, 0.576, 0.562, 0.56, 0.57, 0.572, 0.562, 0.56, 0.558, 0.572, 0.568, 0.574, 0.564, 0.574, 0.576, 0.58, 0.582, 0.588, 0.568, 0.58, 0.578, 0.582, 0.58, 0.59, 0.572, 0.588, 0.586, 0.578, 0.58, 0.576, 0.564, 0.586, 0.58, 0.59, 0.59, 0.602, 0.582, 0.592, 0.594, 0.582, 0.59, 0.594, 0.58, 0.602, 0.586, 0.592, 0.59, 0.588, 0.604, 0.61, 0.61, 0.614, 0.596, 0.602, 0.598, 0.592, 0.582, 0.6, 0.58, 0.582, 0.584, 0.602, 0.59, 0.596, 0.594, 0.592, 0.604, 0.592, 0.6, 0.596], "val_tre": [0.0, 0.0, 0.0, 0.0, 0.0, 0.0, 0.0, 0.0, 0.0, 0.0, 0.0, 0.0, 0.0, 0.0, 0.0, 0.0, 0.0, 0.0, 0.0, 0.0, 0.0, 0.0, 0.0, 0.0, 0.0, 0.0, 0.0, 0.0, 0.0, 0.0, 0.0, 0.0, 0.0, 0.0, 0.0, 0.0, 0.0, 0.0, 0.0, 0.0, 0.0, 0.0, 0.0, 0.0, 0.0, 0.0, 0.0, 0.0, 0.0, 0.0, 0.0, 0.0, 0.0, 0.0, 0.0, 0.0, 0.0, 0.0, 0.0, 0.0, 0.0, 0.0, 0.0, 0.0, 0.0, 0.0, 0.0, 0.0, 0.0, 0.0, 0.0, 0.0, 0.0, 0.0, 0.0, 0.0, 0.0, 0.0, 0.0, 0.0], "val_tre_std": [0.0, 0.0, 0.0, 0.0, 0.0, 0.0, 0.0, 0.0, 0.0, 0.0, 0.0, 0.0, 0.0, 0.0, 0.0, 0.0, 0.0, 0.0, 0.0, 0.0, 0.0, 0.0, 0.0, 0.0, 0.0, 0.0, 0.0, 0.0, 0.0, 0.0, 0.0, 0.0, 0.0, 0.0, 0.0, 0.0, 0.0, 0.0, 0.0, 0.0, 0.0, 0.0, 0.0, 0.0, 0.0, 0.0, 0.0, 0.0, 0.0, 0.0, 0.0, 0.0, 0.0, 0.0, 0.0, 0.0, 0.0, 0.0, 0.0, 0.0, 0.0, 0.0, 0.0, 0.0, 0.0, 0.0, 0.0, 0.0, 0.0, 0.0, 0.0, 0.0, 0.0, 0.0, 0.0, 0.0, 0.0, 0.0, 0.0, 0.0], "test_acc": [0.552, 0.5435, 0.559, 0.5535, 0.554, 0.55, 0.5615, 0.5535, 0.5545, 0.556, 0.558, 0.5555, 0.553, 0.5545, 0.5545, 0.56, 0.563, 0.566, 0.5575, 0.564, 0.5625, 0.5615, 0.567, 0.573, 0.569, 0.5755, 0.5795, 0.575, 0.582, 0.582, 0.578, 0.576, 0.583, 0.5775, 0.578, 0.5815, 0.5785, 0.582, 0.5755, 0.5735, 0.579, 0.581, 0.5745, 0.579, 0.575, 0.5755, 0.575, 0.5755, 0.578, 0.5755, 0.569, 0.5725, 0.5795, 0.5715, 0.573, 0.565, 0.574, 0.575, 0.571, 0.5755, 0.574, 0.577, 0.575, 0.5725, 0.578, 0.577, 0.571, 0.5755, 0.5815, 0.575, 0.584, 0.5835, 0.5755, 0.5785, 0.5765, 0.5715, 0.5765, 0.582, 0.5755, 0.5795], "test_same_acc": [0.5265, 0.5305, 0.532, 0.537, 0.54, 0.538, 0.549, 0.5455, 0.5525, 0.5515, 0.553, 0.549, 0.542, 0.545, 0.553, 0.5515, 0.552, 0.561, 0.556, 0.557, 0.558, 0.5695, 0.5625, 0.5705, 0.568, 0.566, 0.575, 0.574, 0.574, 0.5665, 0.569, 0.565, 0.576, 0.575, 0.579, 0.5735, 0.582, 0.5815, 0.5785, 0.5735, 0.581, 0.5825, 0.5835, 0.587, 0.58, 0.5835, 0.5865, 0.5885, 0.59, 0.5885, 0.587, 0.591, 0.5955, 0.593, 0.594, 0.5885, 0.5935, 0.5865, 0.5885, 0.592, 0.5835, 0.5955, 0.5925, 0.594, 0.5965, 0.591, 0.592, 0.594, 0.5975, 0.5955, 0.588, 0.5895, 0.594, 0.5945, 0.589, 0.5905, 0.592, 0.5955, 0.5945, 0.594], "test_acc_ci": [0.015447344230481818, 0.015452676544857852, 0.015430869447312423, 0.01543157545343313, 0.015426551020886038, 0.015435046666596121, 0.015400270094222377, 0.01541903952585893, 0.015406203137048402, 0.015405367388511056, 0.015399406738572756, 0.015410322773225746, 0.015425080145658887, 0.01541826676299901, 0.015405367388511056, 0.015398539436420588, 0.015392357762864012, 0.015369691834906775, 0.015395030749400927, 0.015381309953966858, 0.01538225237002046, 0.015361628946827221, 0.015364682325873192, 0.015334790535739313, 0.015349057401026291, 0.01533925219086641, 0.015309106864053176, 0.015322191093312993, 0.015305454138966277, 0.015323356511384832, 0.015326828735912724, 0.015340357619690619, 0.015298040132644443, 0.015313920934071718, 0.015302998892374003, 0.015307893307049144, 0.015294278798786165, 0.015286647335992285, 0.015310316404307262, 0.015326828735912724, 0.015295536603859312, 0.015286647335992285, 0.015300527559532056, 0.015280176844526374, 0.015307893307049144, 0.015298040132644443, 0.015291751102310028, 0.015285361310744342, 0.015274927744509954, 0.015285361310744342, 0.015305454138966277, 0.015286647335992285, 0.015256045932678623, 0.015284071249997496, 0.015277560377887564, 0.015311521928763321, 0.0152762460825623, 0.015291751102310028, 0.015296790381481993, 0.0152762460825623, 0.015301765237220181, 0.015262880605409975, 0.0152762460825623, 0.01527887063152902, 0.015257420980460621, 0.015274927744509954, 0.015287929326759724, 0.015270948463504156, 0.015244899340435148, 0.015268275376577406, 0.01526423537554371, 0.015261521781919387, 0.015270948463504156, 0.015261521781919387, 0.015281479017915772, 0.015290481208909025, 0.015273605362683691, 0.015249109789590995, 0.015269613944039319, 0.01526015890398917], "best_epoch": 62, "best_val_acc": 0.564, "best_val_same_acc": 0.614, "best_val_tre": 0.0, "best_val_tre_std": 0.0, "best_test_acc": 0.577, "best_test_same_acc": 0.5955, "best_test_acc_ci": 0.015262880605409975, "lowest_val_tre": 0.0, "lowest_val_tre_std": 0.0, "has_same": true}