{"train_acc": [0.5018888888888889, 0.5018888888888889, 0.683, 0.6925555555555556, 0.7086666666666667, 0.7271111111111112, 0.7546666666666667, 0.7556666666666667, 0.748, 0.7566666666666667, 0.7511111111111111, 0.7495555555555555, 0.7592222222222222, 0.7612222222222222, 0.7633333333333333, 0.764, 0.762, 0.7671111111111111, 0.7433333333333333, 0.762, 0.7571111111111111, 0.753, 0.7665555555555555, 0.7751111111111111], "val_acc": [0.508, 0.508, 0.522, 0.52, 0.532, 0.558, 0.562, 0.574, 0.572, 0.57, 0.564, 0.564, 0.57, 0.566, 0.564, 0.576, 0.566, 0.564, 0.558, 0.57, 0.568, 0.558, 0.572, 0.596], "val_same_acc": [0.496, 0.496, 0.584, 0.574, 0.582, 0.606, 0.606, 0.62, 0.624, 0.624, 0.64, 0.636, 0.628, 0.648, 0.64, 0.636, 0.622, 0.632, 0.614, 0.626, 0.634, 0.622, 0.642, 0.682], "val_tre": [0.0, 0.0, 0.0, 0.0, 0.0, 0.0, 0.0, 0.0, 0.0, 0.0, 0.0, 0.0, 0.0, 0.0, 0.0, 0.0, 0.0, 0.0, 0.0, 0.0, 0.0, 0.0, 0.0, 0.0], "val_tre_std": [0.0, 0.0, 0.0, 0.0, 0.0, 0.0, 0.0, 0.0, 0.0, 0.0, 0.0, 0.0, 0.0, 0.0, 0.0, 0.0, 0.0, 0.0, 0.0, 0.0, 0.0, 0.0, 0.0, 0.0], "test_acc": [0.496, 0.49625, 0.5555, 0.563, 0.55875, 0.59425, 0.5965, 0.6005, 0.6075, 0.6165, 0.61525, 0.62275, 0.62525, 0.6235, 0.624, 0.621, 0.62225, 0.621, 0.613, 0.626, 0.62225, 0.6195, 0.6275, 0.6385], "test_same_acc": [0.49675, 0.49675, 0.56325, 0.5715, 0.5745, 0.5985, 0.60775, 0.60925, 0.614, 0.61025, 0.614, 0.619, 0.623, 0.6175, 0.6285, 0.62025, 0.623, 0.616, 0.63, 0.62775, 0.633, 0.623, 0.63775, 0.6425], "test_acc_ci": [0.010956445129323426, 0.0109564646464998, 0.010879205275288953, 0.010857175760182755, 0.010859025956404882, 0.010751271314215587, 0.01072575156326469, 0.01071300110832044, 0.010684571909416867, 0.010671343013973216, 0.010664928725588135, 0.01063174070163842, 0.01061374350061631, 0.010633784648468297, 0.010601700910113433, 0.010633104082151882, 0.010622113025282447, 0.010644571928922271, 0.010628319130982094, 0.010598117429377493, 0.010593792280004123, 0.010629690009003085, 0.010564259303040368, 0.010515261858365677], "best_epoch": 24, "best_val_acc": 0.596, "best_val_same_acc": 0.682, "best_val_tre": 0.0, "best_val_tre_std": 0.0, "best_test_acc": 0.6385, "best_test_same_acc": 0.6425, "best_test_acc_ci": 0.010515261858365677, "lowest_val_tre": 0.0, "lowest_val_tre_std": 0.0, "has_same": true}