{"train_acc": [0.7396666666666667, 0.7582222222222222, 0.7512222222222222, 0.7628888888888888, 0.7588888888888888, 0.7673333333333333, 0.774], "val_acc": [0.526, 0.538, 0.53, 0.532, 0.55, 0.542, 0.554], "val_same_acc": [0.55, 0.536, 0.54, 0.542, 0.54, 0.552, 0.548], "val_tre": [0.0, 0.0, 0.0, 0.0, 0.0, 0.0, 0.0], "val_tre_std": [0.0, 0.0, 0.0, 0.0, 0.0, 0.0, 0.0], "test_acc": [0.5475, 0.548, 0.5445, 0.5515, 0.551, 0.551, 0.5575], "test_same_acc": [0.536, 0.542, 0.5385, 0.5355, 0.54, 0.5395, 0.544], "test_acc_ci": [0.01544104798175953, 0.01543227753768056, 0.015441695214580555, 0.015436407713584144, 0.015430869447312423, 0.01543157545343313, 0.015415136385222154], "best_epoch": 7, "best_val_acc": 0.554, "best_val_same_acc": 0.548, "best_val_tre": 0.0, "best_val_tre_std": 0.0, "best_test_acc": 0.5575, "best_test_same_acc": 0.544, "best_test_acc_ci": 0.015415136385222154, "lowest_val_tre": 0.0, "lowest_val_tre_std": 0.0, "has_same": true}