{"train_acc": [0.644, 0.7296666666666667, 0.7497777777777778, 0.742, 0.7427777777777778, 0.7478888888888889, 0.7556666666666667, 0.7483333333333333, 0.7463333333333333, 0.7484444444444445, 0.7465555555555555, 0.7445555555555555, 0.7451111111111111, 0.7558888888888889, 0.749, 0.7448888888888889, 0.7522222222222222, 0.7452222222222222, 0.7495555555555555, 0.7555555555555555, 0.7452222222222222, 0.7432222222222222, 0.7514444444444445, 0.7525555555555555, 0.7508888888888889, 0.7617777777777778, 0.7512222222222222, 0.7441111111111111, 0.7635555555555555, 0.7551111111111111, 0.7577777777777778, 0.7538888888888889, 0.7528888888888889, 0.757, 0.7542222222222222, 0.7585555555555555, 0.7573333333333333, 0.7541111111111111, 0.7582222222222222, 0.7568888888888889, 0.7558888888888889, 0.7545555555555555, 0.749, 0.7567777777777778, 0.7578888888888888, 0.7451111111111111, 0.7496666666666667, 0.7546666666666667, 0.754, 0.7566666666666667], "val_acc": [0.598, 0.688, 0.688, 0.682, 0.706, 0.716, 0.698, 0.706, 0.69, 0.694, 0.684, 0.678, 0.69, 0.688, 0.662, 0.696, 0.692, 0.662, 0.682, 0.658, 0.658, 0.676, 0.672, 0.662, 0.672, 0.66, 0.67, 0.676, 0.664, 0.646, 0.656, 0.646, 0.652, 0.63, 0.644, 0.656, 0.642, 0.638, 0.64, 0.642, 0.656, 0.648, 0.642, 0.638, 0.654, 0.642, 0.65, 0.656, 0.654, 0.668], "val_same_acc": [0.628, 0.7, 0.724, 0.744, 0.728, 0.742, 0.71, 0.744, 0.73, 0.728, 0.724, 0.71, 0.698, 0.69, 0.684, 0.692, 0.67, 0.694, 0.69, 0.692, 0.662, 0.7, 0.68, 0.672, 0.682, 0.682, 0.69, 0.692, 0.7, 0.678, 0.672, 0.676, 0.688, 0.672, 0.688, 0.694, 0.676, 0.68, 0.674, 0.664, 0.666, 0.67, 0.67, 0.632, 0.672, 0.66, 0.664, 0.648, 0.652, 0.678], "val_tre": [0.0, 0.0, 0.0, 0.0, 0.0, 0.0, 0.0, 0.0, 0.0, 0.0, 0.0, 0.0, 0.0, 0.0, 0.0, 0.0, 0.0, 0.0, 0.0, 0.0, 0.0, 0.0, 0.0, 0.0, 0.0, 0.0, 0.0, 0.0, 0.0, 0.0, 0.0, 0.0, 0.0, 0.0, 0.0, 0.0, 0.0, 0.0, 0.0, 0.0, 0.0, 0.0, 0.0, 0.0, 0.0, 0.0, 0.0, 0.0, 0.0, 0.0], "val_tre_std": [0.0, 0.0, 0.0, 0.0, 0.0, 0.0, 0.0, 0.0, 0.0, 0.0, 0.0, 0.0, 0.0, 0.0, 0.0, 0.0, 0.0, 0.0, 0.0, 0.0, 0.0, 0.0, 0.0, 0.0, 0.0, 0.0, 0.0, 0.0, 0.0, 0.0, 0.0, 0.0, 0.0, 0.0, 0.0, 0.0, 0.0, 0.0, 0.0, 0.0, 0.0, 0.0, 0.0, 0.0, 0.0, 0.0, 0.0, 0.0, 0.0, 0.0], "test_acc": [0.613, 0.68325, 0.697, 0.699, 0.70325, 0.701, 0.7045, 0.7055, 0.7025, 0.69275, 0.6975, 0.6905, 0.6945, 0.68625, 0.678, 0.685, 0.69175, 0.67425, 0.68125, 0.6805, 0.6665, 0.68275, 0.68075, 0.66725, 0.684, 0.6815, 0.678, 0.683, 0.6745, 0.665, 0.67425, 0.678, 0.67675, 0.66525, 0.6725, 0.68625, 0.6815, 0.66975, 0.678, 0.6705, 0.67475, 0.67575, 0.67675, 0.66375, 0.66925, 0.66625, 0.66875, 0.66925, 0.667, 0.676], "test_same_acc": [0.6235, 0.695, 0.6985, 0.703, 0.7045, 0.70575, 0.70975, 0.70625, 0.703, 0.70075, 0.70375, 0.69925, 0.70525, 0.691, 0.69, 0.69625, 0.7005, 0.68475, 0.6965, 0.686, 0.67625, 0.695, 0.68925, 0.68125, 0.6925, 0.68575, 0.68775, 0.694, 0.68425, 0.687, 0.6885, 0.687, 0.69225, 0.68175, 0.69025, 0.693, 0.688, 0.691, 0.6905, 0.68475, 0.692, 0.67825, 0.6935, 0.681, 0.68525, 0.67975, 0.6885, 0.684, 0.694, 0.69375], "test_acc_ci": [0.010645906884220808, 0.010142685977928875, 0.010063386556597137, 0.01003241943899875, 0.010004522951989014, 0.010009408585020144, 0.009972414569545078, 0.009984836282927977, 0.01001549541897454, 0.010072794442829654, 0.010036023237412066, 0.010090282317501082, 0.010043206783536571, 0.010147156085419943, 0.01018785300247309, 0.010129192708299855, 0.010078645717400478, 0.010226330522235235, 0.010144922757067942, 0.010194342248889822, 0.010293047100925703, 0.010144922757067942, 0.010179152960831269, 0.01026984213060259, 0.0101504996127038, 0.010191101455283184, 0.010197575390595306, 0.010148271456262882, 0.01022738370365926, 0.010255502172005037, 0.010210431583526476, 0.01020080088767544, 0.010183509805072119, 0.010275937891501677, 0.010210431583526476, 0.010138202058149906, 0.01018133308990036, 0.01021893465444784, 0.010185683108535234, 0.01024203995168321, 0.010193262834925575, 0.010247234465942506, 0.01017806161539981, 0.010285025516345352, 0.01024515917336085, 0.010279985126448383, 0.010233685119343618, 0.010250341127097917, 0.010217874727652518, 0.010180243452239982], "best_epoch": 6, "best_val_acc": 0.716, "best_val_same_acc": 0.742, "best_val_tre": 0.0, "best_val_tre_std": 0.0, "best_test_acc": 0.701, "best_test_same_acc": 0.70575, "best_test_acc_ci": 0.010009408585020144, "lowest_val_tre": 0.0, "lowest_val_tre_std": 0.0, "has_same": true}