{"train_acc": [0.7691111111111111, 0.7847777777777778, 0.7787777777777778, 0.7803333333333333, 0.7708888888888888, 0.7631111111111111, 0.7771111111111111, 0.7788888888888889, 0.762, 0.7731111111111111, 0.7721111111111111, 0.7657777777777778, 0.7713333333333333, 0.7544444444444445, 0.7755555555555556], "val_acc": [0.522, 0.506, 0.514, 0.52, 0.502, 0.49, 0.492, 0.484, 0.506, 0.51, 0.5, 0.5, 0.526, 0.502, 0.508], "val_same_acc": [0.536, 0.522, 0.534, 0.52, 0.5, 0.522, 0.49, 0.536, 0.51, 0.5, 0.52, 0.52, 0.492, 0.492, 0.504], "val_tre": [0.0, 0.0, 0.0, 0.0, 0.0, 0.0, 0.0, 0.0, 0.0, 0.0, 0.0, 0.0, 0.0, 0.0, 0.0], "val_tre_std": [0.0, 0.0, 0.0, 0.0, 0.0, 0.0, 0.0, 0.0, 0.0, 0.0, 0.0, 0.0, 0.0, 0.0, 0.0], "test_acc": [0.533, 0.5495, 0.533, 0.5295, 0.5325, 0.529, 0.5525, 0.54, 0.521, 0.5155, 0.515, 0.522, 0.5155, 0.517, 0.51], "test_same_acc": [0.529, 0.5335, 0.535, 0.5105, 0.5145, 0.4965, 0.517, 0.512, 0.503, 0.5105, 0.521, 0.505, 0.513, 0.4995, 0.522], "test_acc_ci": [0.01546535016092426, 0.015441695214580555, 0.015459294214161267, 0.015482759443975095, 0.015478036668130747, 0.015490121851522019, 0.015457692485458495, 0.0154741968967698, 0.015490697285790594, 0.015489922285150434, 0.01548511641544874, 0.015489511519089295, 0.015488866284366975, 0.015493051112514927, 0.015487224980609015], "best_epoch": 4, "best_val_acc": 0.52, "best_val_same_acc": 0.52, "best_val_tre": 0.0, "best_val_tre_std": 0.0, "best_test_acc": 0.5295, "best_test_same_acc": 0.5105, "best_test_acc_ci": 0.015482759443975095, "lowest_val_tre": 0.0, "lowest_val_tre_std": 0.0, "has_same": true}
