{"train_acc": [0.5018888888888889, 0.5018888888888889, 0.5427777777777778, 0.6961111111111111, 0.7141111111111111, 0.7323333333333333, 0.7405555555555555, 0.7378888888888889, 0.7274444444444444, 0.7325555555555555, 0.7407777777777778, 0.7387777777777778, 0.7376666666666667, 0.7358888888888889, 0.7437777777777778, 0.7326666666666667, 0.7312222222222222, 0.741, 0.7407777777777778, 0.7447777777777778, 0.7333333333333333, 0.7424444444444445], "val_acc": [0.508, 0.508, 0.542, 0.616, 0.598, 0.618, 0.592, 0.616, 0.616, 0.622, 0.62, 0.66, 0.656, 0.62, 0.632, 0.66, 0.668, 0.664, 0.652, 0.664, 0.65, 0.658], "val_same_acc": [0.496, 0.496, 0.518, 0.586, 0.592, 0.606, 0.59, 0.636, 0.66, 0.64, 0.656, 0.654, 0.66, 0.68, 0.662, 0.676, 0.674, 0.67, 0.66, 0.69, 0.676, 0.676], "val_tre": [0.0, 0.0, 0.0, 0.0, 0.0, 0.0, 0.0, 0.0, 0.0, 0.0, 0.0, 0.0, 0.0, 0.0, 0.0, 0.0, 0.0, 0.0, 0.0, 0.0, 0.0, 0.0], "val_tre_std": [0.0, 0.0, 0.0, 0.0, 0.0, 0.0, 0.0, 0.0, 0.0, 0.0, 0.0, 0.0, 0.0, 0.0, 0.0, 0.0, 0.0, 0.0, 0.0, 0.0, 0.0, 0.0], "test_acc": [0.496, 0.496, 0.5235, 0.583, 0.59125, 0.60025, 0.60025, 0.60325, 0.6125, 0.61675, 0.62825, 0.63925, 0.64525, 0.65075, 0.652, 0.65775, 0.65675, 0.66075, 0.65225, 0.6665, 0.66075, 0.67175], "test_same_acc": [0.49675, 0.49675, 0.52625, 0.59475, 0.5995, 0.6125, 0.61675, 0.624, 0.63325, 0.629, 0.645, 0.651, 0.651, 0.6505, 0.6635, 0.6665, 0.6645, 0.66975, 0.6745, 0.673, 0.67025, 0.679], "test_acc_ci": [0.010956445129323426, 0.010956445129323426, 0.010943165389724995, 0.010782254529868742, 0.010755552669290175, 0.010705896943828433, 0.01069565171226139, 0.010670066090323666, 0.010620725627134665, 0.010620725627134663, 0.010539753280882575, 0.010485055090311876, 0.010464890075718663, 0.010447740182540672, 0.010397124265271625, 0.010364756417633509, 0.010375965132067233, 0.010341030339743715, 0.01035532685248877, 0.010305969483144222, 0.010339110307468433, 0.010260642339633273], "best_epoch": 22, "best_val_acc": 0.658, "best_val_same_acc": 0.676, "best_val_tre": 0.0, "best_val_tre_std": 0.0, "best_test_acc": 0.67175, "best_test_same_acc": 0.679, "best_test_acc_ci": 0.010260642339633273, "lowest_val_tre": 0.0, "lowest_val_tre_std": 0.0, "has_same": true}