{"acc_im_lang": [0.0390625, 0.109375, 0.078125, 0.140625, 0.1796875, 0.2109375, 0.2421875, 0.25, 0.25, 0.2890625, 0.3046875, 0.375, 0.359375, 0.4375, 0.421875, 0.4375, 0.5546875, 0.4921875, 0.5234375, 0.640625, 0.625, 0.734375, 0.6875, 0.734375, 0.8359375, 0.71875, 0.671875, 0.6171875, 0.5390625, 0.8515625, 0.8203125, 0.8203125, 0.8828125, 0.890625, 0.8671875, 0.859375, 0.828125, 0.859375, 0.953125, 0.9296875, 0.9375, 0.8984375, 0.8984375, 0.984375, 0.9375, 0.9609375, 0.921875, 0.9609375, 0.9609375, 0.984375, 0.9765625, 0.9921875, 0.953125, 0.9453125, 0.9921875, 0.9609375, 1.0, 0.9921875, 1.0, 0.9921875, 1.0, 0.9765625, 1.0, 1.0, 1.0, 0.9921875, 1.0, 1.0, 1.0, 1.0, 0.9609375, 1.0, 0.9921875, 0.9921875, 1.0, 1.0, 1.0, 1.0, 1.0, 1.0, 1.0, 1.0, 1.0, 1.0, 1.0, 1.0, 1.0, 1.0, 0.96875, 1.0, 1.0, 1.0, 1.0, 1.0, 1.0, 1.0, 1.0, 1.0, 1.0, 1.0, 1.0, 1.0, 1.0, 1.0, 1.0, 1.0, 1.0, 1.0, 1.0, 1.0, 1.0, 1.0, 1.0], "acc_lang_im": [0.0078125, 0.0390625, 0.078125, 0.0625, 0.078125, 0.09375, 0.078125, 0.1875, 0.1171875, 0.1640625, 0.203125, 0.25, 0.234375, 0.2265625, 0.359375, 0.28125, 0.421875, 0.2734375, 0.3984375, 0.4609375, 0.5859375, 0.6015625, 0.59375, 0.6328125, 0.703125, 0.5, 0.5625, 0.703125, 0.59375, 0.7734375, 0.7109375, 0.7421875, 0.859375, 0.71875, 0.6796875, 0.734375, 0.7578125, 0.7578125, 0.890625, 0.84375, 0.8359375, 0.859375, 0.8203125, 0.8984375, 0.8828125, 0.9375, 0.9140625, 0.9609375, 0.953125, 0.9921875, 0.9140625, 0.984375, 0.9765625, 0.9296875, 0.953125, 0.96875, 1.0, 1.0, 1.0, 0.9921875, 1.0, 1.0, 0.9375, 0.96875, 0.96875, 1.0, 0.9921875, 1.0, 0.96875, 0.96875, 0.9609375, 0.9921875, 0.9609375, 0.96875, 1.0, 1.0, 1.0, 1.0, 1.0, 1.0, 1.0, 0.96875, 0.96875, 1.0, 1.0, 0.9609375, 1.0, 1.0, 0.96875, 1.0, 1.0, 1.0, 1.0, 0.96875, 0.9375, 1.0, 0.9609375, 1.0, 1.0, 0.96875, 1.0, 1.0, 1.0, 1.0, 0.9375, 1.0, 1.0, 0.96875, 0.96875, 1.0, 1.0, 1.0, 1.0], "pos_score": [-0.46557730436325073, 0.5063389539718628, 1.5925776958465576, 2.6443095207214355, 3.4903316497802734, 3.8280069828033447, 3.870708465576172, 3.708688497543335, 3.304882287979126, 3.54380464553833, 3.613004207611084, 3.8519158363342285, 3.909175395965576, 3.5004360675811768, 3.937265396118164, 3.7892327308654785, 4.344263553619385, 4.407284259796143, 4.277766227722168, 5.247323036193848, 5.025331020355225, 5.474509239196777, 5.528387069702148, 5.671858310699463, 5.904350757598877, 5.563199996948242, 5.737771034240723, 6.0343451499938965, 5.758220195770264, 6.433767795562744, 6.3564453125, 6.760984420776367, 6.601583480834961, 6.913781642913818, 6.815900802612305, 7.054633140563965, 6.936841011047363, 7.264494895935059, 7.369758605957031, 7.386430263519287, 7.335324287414551, 7.370713710784912, 7.520786762237549, 7.732871055603027, 7.700390815734863, 7.831027507781982, 7.841752052307129, 7.7860212326049805, 7.9502458572387695, 8.434919357299805, 8.315235137939453, 8.273569107055664, 8.266952514648438, 8.129653930664062, 8.370182037353516, 8.397708892822266, 8.580414772033691, 8.542535781860352, 8.660112380981445, 8.6533203125, 8.598520278930664, 8.756607055664062, 8.66454792022705, 8.848725318908691, 8.807978630065918, 8.86401653289795, 8.756063461303711, 8.886411666870117, 8.872546195983887, 8.888887405395508, 8.7962064743042, 8.929211616516113, 8.82685661315918, 8.87636947631836, 8.932086944580078, 8.909639358520508, 8.989322662353516, 8.959501266479492, 8.966190338134766, 9.128396034240723, 9.012388229370117, 8.9854736328125, 9.027613639831543, 9.021737098693848, 9.02243423461914, 9.187346458435059, 8.989194869995117, 9.119829177856445, 8.978660583496094, 9.110530853271484, 9.2161283493042, 9.222311019897461, 9.313746452331543, 9.303777694702148, 9.230005264282227, 9.2571382522583, 9.218377113342285, 9.22787094116211, 9.266538619995117, 9.266607284545898, 9.307148933410645, 9.326112747192383, 9.342283248901367, 9.360212326049805, 9.328742027282715, 9.407878875732422, 9.335962295532227, 9.360326766967773, 9.349555969238281, 9.4053955078125, 9.376622200012207, 9.403173446655273, 9.339761734008789], "neg_score": [-0.5027266144752502, 0.15330487489700317, 0.8093080520629883, 1.5853335857391357, 1.8961725234985352, 1.8313523530960083, 1.789199709892273, 1.540320634841919, 0.925023078918457, 0.6793987154960632, 0.564460277557373, 0.1362587958574295, 0.05043136700987816, -0.07810213416814804, 0.046970974653959274, -0.10489150881767273, -0.06311801820993423, -0.06669812649488449, -0.044886406511068344, -0.02820124849677086, -0.15952953696250916, -0.11240381747484207, -0.07655642926692963, -0.001135098747909069, -0.04862620681524277, -0.08448731154203415, -0.07063640654087067, -0.06088392063975334, -0.00720339035615325, 0.036085035651922226, -0.08416879922151566, 0.04766763746738434, -0.08293034881353378, -0.00877812784165144, 0.057488445192575455, 0.010546522215008736, -0.03277679905295372, -0.10406406223773956, 0.017181484028697014, -0.08545595407485962, 0.10039713978767395, 0.07737885415554047, -0.09440732002258301, -0.029290009289979935, 0.016789790242910385, -0.20942020416259766, -0.04727163910865784, 0.02452460676431656, 0.03295502811670303, -0.14530032873153687, -0.12159745395183563, -0.030640162527561188, -0.08020132780075073, -0.10564162582159042, 0.09802208095788956, -0.043446384370326996, 0.1264716535806656, -0.205638587474823, -0.07857690006494522, 0.008404858410358429, -0.13387541472911835, 0.16022509336471558, -0.21205326914787292, -0.0720282569527626, 0.0033995993435382843, -0.1215667799115181, -0.09139294177293777, 0.0005760913481935859, 0.10329975187778473, 0.15819253027439117, -0.053799934685230255, 0.03679525852203369, 0.01584855280816555, -0.19017739593982697, -0.14555960893630981, -0.07018164545297623, -0.09066423028707504, -0.09632869809865952, -0.012817495502531528, -0.015572935342788696, -0.027727672830224037, -0.10832779109477997, 0.02436608262360096, 0.2099352777004242, 0.07100005447864532, 0.0509226992726326, -0.028894493356347084, -0.08434374630451202, -0.13613943755626678, 0.09176180511713028, -0.07172295451164246, 0.018006684258580208, -0.04880190268158913, -0.07714378833770752, 0.07545637339353561, -0.11621981114149094, -0.18839964270591736, -0.017352847382426262, -0.03170071914792061, 0.015547491610050201, 0.0003517404547892511, -0.05636316165328026, -0.11495523899793625, 0.02612999826669693, 0.06876666843891144, 0.012416456826031208, 0.038792241364717484, -0.09338737279176712, -0.02044745720922947, -0.2402457743883133, -0.1528770923614502, -0.21882903575897217, -0.08590056747198105],