{"acc_im_lang": [0.2109375, 0.1953125, 0.3125, 0.5390625, 0.609375, 0.7109375, 0.7265625, 0.84375, 0.8671875, 0.96875, 0.9765625, 0.921875, 1.0, 1.0, 1.0, 1.0, 0.96875, 1.0, 0.96875, 1.0, 1.0, 1.0, 1.0, 1.0, 1.0], "acc_lang_im": [0.109375, 0.109375, 0.1640625, 0.4375, 0.40625, 0.6640625, 0.6796875, 0.6640625, 0.765625, 0.8984375, 0.9375, 0.953125, 0.921875, 0.9375, 0.9921875, 0.96875, 0.984375, 1.0, 0.953125, 1.0, 1.0, 0.96875, 1.0, 1.0, 1.0], "pos_score": [2.9433043003082275, 3.95322847366333, 4.071767807006836, 5.189920902252197, 5.348050117492676, 6.422893524169922, 6.505217552185059, 6.907235145568848, 7.001296043395996, 7.953763961791992, 8.205730438232422, 8.521995544433594, 8.774503707885742, 8.828263282775879, 8.817488670349121, 8.959290504455566, 8.923797607421875, 9.082889556884766, 9.195174217224121, 9.434858322143555, 9.308624267578125, 9.307979583740234, 9.448648452758789, 9.456042289733887, 9.370941162109375], "neg_score": [1.4739580154418945, 1.3048267364501953, 0.7239924669265747, 0.14323972165584564, -0.18298037350177765, -0.05816371738910675, -0.27898892760276794, -0.1610664576292038, -0.23500031232833862, -0.13044412434101105, -0.1855439841747284, -0.12358849495649338, -0.0974675863981247, -0.03484947606921196, -0.07345025986433029, -0.10422038286924362, -0.1612989902496338, -0.176519513130188, 0.061839666217565536, 0.012358003295958042, -0.09786722809076309, -0.19471968710422516, 0.05946623533964157, 0.014826582744717598, -0.03863150253891945], "simple_val_acc": [0.569641598610506, 0.5558355328189707, 0.5658695252757975, 0.5484255888661057, 0.5449666184233679, 0.52889433558426, 0.5406578169741938, 0.5386599625619874, 0.5636927639174218, 0.5641400428330667, 0.5328900461606788, 0.5134482525137096, 0.5442509703046663, 0.5325322213524042, 0.5439378737693276, 0.5191287114569305, 0.5267175693897609, 0.5345748014839629, 0.5440273302689884, 0.5478441222439314, 0.5286706974889855, 0.5459804527145163, 0.516951943356686, 0.5383021383615609, 0.5191287139469744], "simple_val_auc": [0.5886629071276375, 0.5782414008555088, 0.5571420561047117, 0.5524119258559093, 0.5581473589772346, 0.5668145917108574, 0.5611192104968039, 0.5443094250148193, 0.5422667777439562, 0.5312084461462054, 0.5453828161297041, 0.5252527275348852, 0.5281524856213653, 0.5458914753520562, 0.5271832294653871, 0.5340801678975953, 0.5392308431727519, 0.5522156715102773, 0.5443134302055463, 0.5471170637145741, 0.5292779442157036, 0.541297521587978, 0.5367476249218988, 0.5411693554847081, 0.538573991893494], "simple_val_acc_ci": [0.04264075031243514, 0.042787962196540616, 0.042686102937202444, 0.04285766577506221, 0.04288861006779151, 0.0429864553208405, 0.04291695962883388, 0.04293015400628443, 0.04270778986376482, 0.04270778986376482, 0.04296586942285745, 0.04304300301941432, 0.04288861006779151, 0.04296586942285745, 0.04288861006779151, 0.04302662104873413, 0.04299577171651167, 0.04295462045254705, 0.04288861006779151, 0.04285766577506221, 0.0429864553208405, 0.042873465150200435, 0.04303272161967363, 0.042930156572784615, 0.04302662104873413], "train_acc": [0.7677777777777778, 0.7682222222222223, 0.768, 0.7744444444444445, 0.7708888888888888, 0.7763333333333333, 0.7798888888888889, 0.7658888888888888, 0.7638888888888888, 0.7752222222222223, 0.7724444444444445, 0.7732222222222223, 0.7685555555555555, 0.7676666666666667, 0.7696666666666667, 0.7741111111111111, 0.7698888888888888, 0.7747777777777778, 0.7721111111111111, 0.7696666666666667], "val_acc": [0.518, 0.538, 0.53, 0.528, 0.542, 0.552, 0.528, 0.53, 0.538, 0.524, 0.54, 0.546, 0.552, 0.532, 0.526, 0.544, 0.524, 0.55, 0.514, 0.526], "val_same_acc": [0.532, 0.548, 0.522, 0.492, 0.492, 0.51, 0.528, 0.51, 0.514, 0.5, 0.512, 0.498, 0.476, 0.492, 0.472, 0.504, 0.482, 0.454, 0.474, 0.486], "test_acc": [0.55, 0.5365, 0.5375, 0.528, 0.5295, 0.546, 0.541, 0.5415, 0.5285, 0.527, 0.542, 0.5355, 0.5355, 0.5345, 0.5265, 0.5415, 0.5325, 0.523, 0.5305, 0.5185], "test_same_acc": [0.5395, 0.5215, 0.512, 0.5195, 0.523, 0.528, 0.526, 0.5285, 0.5215, 0.5255, 0.522, 0.516, 0.5095, 0.523, 0.5275, 0.5185, 0.525, 0.519, 0.523, 0.5285], "test_acc_ci": [0.015432975700589954, 0.015469075718994979, 0.015476165383421054, 0.015477670185625484, 0.015473791531974316, 0.015452676544857854, 0.01546034252854703, 0.015457150772377165, 0.01547577946340668, 0.015473791531974316, 0.015463393883620766, 0.01547459837200953, 0.01547946373425126, 0.015469523889732351, 0.01547255209718164, 0.015467244098416495, 0.015469523889732351, 0.015481487770883005, 0.01547296913249038, 0.015478036668130747], "best_epoch": 2, "best_val_acc": 0.538, "best_val_same_acc": 0.548, "best_test_acc": 0.5365, "best_test_same_acc": 0.5215, "best_test_acc_ci": 0.015469075718994979, "has_same": true}