{"acc_im_lang": [0.1640625, 0.3046875, 0.40625, 0.375, 0.53125, 0.5234375, 0.53125, 0.6796875, 0.6328125, 0.8125, 0.71875, 0.6015625, 0.59375, 0.6796875, 0.5625, 0.7109375, 0.7265625, 0.75, 0.734375, 0.6015625, 0.6015625, 0.8359375, 0.71875, 0.703125, 0.71875], "acc_lang_im": [0.046875, 0.1171875, 0.25, 0.265625, 0.296875, 0.4140625, 0.375, 0.578125, 0.34375, 0.671875, 0.5390625, 0.546875, 0.46875, 0.5234375, 0.4609375, 0.671875, 0.5625, 0.6171875, 0.4921875, 0.5546875, 0.4296875, 0.6484375, 0.7421875, 0.7109375, 0.703125], "pos_score": [0.8668214082717896, 1.4451627731323242, 2.2013051509857178, 2.95888090133667, 3.121603488922119, 4.9275031089782715, 8.016877174377441, 10.753418922424316, 11.190406799316406, 12.413490295410156, 13.75507640838623, 14.567667007446289, 14.014310836791992, 15.055071830749512, 15.351106643676758, 15.913331031799316, 15.573347091674805, 15.6421537399292, 16.336490631103516, 16.533769607543945, 16.457996368408203, 17.88209342956543, 17.733165740966797, 17.548076629638672, 17.783384323120117], "neg_score": [-1.041421890258789, -1.838570237159729, -2.550379514694214, -2.7258858680725098, -3.330495595932007, -2.2732813358306885, 0.4378999173641205, 2.0511317253112793, 3.9548988342285156, 2.9106271266937256, 3.9973196983337402, 5.062407970428467, 4.822474002838135, 4.995670318603516, 5.168883323669434, 4.860807418823242, 5.3303046226501465, 4.619420051574707, 5.475721836090088, 5.612425804138184, 5.593220233917236, 4.615762233734131, 5.654831409454346, 5.26605749130249, 5.211961269378662], "simple_val_acc": [0.5562380883120221, 0.5671517293685194, 0.5943613035683448, 0.6597388043536676, 0.655787825187622, 0.6618261166198627, 0.6733212253973706, 0.6194835561096583, 0.6600519007419321, 0.6889462247548646, 0.677540568969895, 0.6751401659620229, 0.6366144006548429, 0.6945819555082401, 0.7047948656001177, 0.6985776700205631, 0.6639134213874891, 0.7104753245935485, 0.7003966000425196, 0.698577660866853, 0.6928524731859238, 0.6928524744340561, 0.6832657585294655, 0.7043923180433033, 0.7083432848826549], "simple_val_auc": [0.5690254569922619, 0.5433341610727503, 0.6070267066117689, 0.6029854691680419, 0.6257309473077107, 0.6296760601739854, 0.6531604960028197, 0.6051402617792658, 0.6353914673416748, 0.641160944584181, 0.6493455518351784, 0.6355596853522164, 0.6568472740671911, 0.6524996395328346, 0.6413431807622679, 0.6259472276069786, 0.6547085022188757, 0.6705089796376104, 0.665190086351912, 0.6432696775020427, 0.6507673945433281, 0.6466660792386933, 0.6571917204697287, 0.6569514090260978, 0.6465739598519682], "simple_val_acc_ci": [0.04278795963004043, 0.042663758986592734, 0.04228111690752634, 0.04078785010494806, 0.04089883070594335, 0.04073122797786887, 0.04037545972223853, 0.04180680970785619, 0.04078785010494806, 0.03985735776341331, 0.04025067904974906, 0.04031346077727199, 0.041409243430214626, 0.03964982029246184, 0.03928742789985428, 0.0395073615666988, 0.040673848733235145, 0.03905988455996155, 0.03943488616797751, 0.0395073615666988, 0.03971981645200452, 0.039719813885504336, 0.040057603807339484, 0.039287425333354095, 0.03913658698448736], "train_acc": [0.6637777777777778, 0.7011111111111111, 0.7738888888888888, 0.871, 0.9293333333333333, 0.9661111111111111, 0.9877777777777778, 0.9885555555555555, 0.9907777777777778, 0.9918888888888889, 0.9923333333333333, 0.994, 0.9935555555555555, 0.9925555555555555, 0.9946666666666667, 0.9956666666666667, 0.9953333333333333, 0.9948888888888889, 0.997, 0.9955555555555555], "val_acc": [0.502, 0.506, 0.508, 0.542, 0.544, 0.556, 0.57, 0.548, 0.562, 0.54, 0.566, 0.554, 0.55, 0.564, 0.55, 0.55, 0.548, 0.542, 0.538, 0.542], "val_same_acc": [0.488, 0.49, 0.504, 0.558, 0.566, 0.564, 0.55, 0.554, 0.542, 0.55, 0.522, 0.548, 0.538, 0.52, 0.508, 0.546, 0.53, 0.534, 0.528, 0.542], "test_acc": [0.51, 0.515, 0.5275, 0.548, 0.558, 0.564, 0.56, 0.559, 0.5545, 0.5375, 0.5445, 0.544, 0.5385, 0.54, 0.5315, 0.527, 0.526, 0.5255, 0.516, 0.533], "test_same_acc": [0.508, 0.51, 0.5045, 0.5295, 0.5535, 0.5665, 0.574, 0.5765, 0.557, 0.5565, 0.554, 0.548, 0.5465, 0.5455, 0.5425, 0.551, 0.5385, 0.5415, 0.534, 0.5335], "test_acc_ci": [0.015492650115457975, 0.015490317540321763, 0.015487224980609015, 0.015448556546648623, 0.015398539436420588, 0.015362650714476329, 0.01535541482344258, 0.01535225403564571, 0.015398539436420588, 0.015426551020886038, 0.015419808357272148, 0.015429445667294725, 0.01543908279335272, 0.01543841989890805, 0.015452676544857852, 0.015447952343271907, 0.015462895070943216, 0.01546034252854703, 0.01547577946340668, 0.015460860835509774], "best_epoch": 6, "best_val_acc": 0.556, "best_val_same_acc": 0.564, "best_test_acc": 0.564, "best_test_same_acc": 0.5665, "best_test_acc_ci": 0.015362650714476329, "has_same": true}