{"part_acc": [0.046875, 0.09375, 0.1484375, 0.1796875, 0.1328125, 0.1328125, 0.140625, 0.1796875, 0.234375, 0.1875, 0.203125, 0.1796875, 0.140625, 0.2578125, 0.265625, 0.34375, 0.2734375, 0.2890625, 0.3203125, 0.359375, 0.265625, 0.3125, 0.390625, 0.265625, 0.3125, 0.4296875, 0.484375, 0.5078125, 0.4765625, 0.5, 0.5, 0.4296875, 0.53125, 0.5625, 0.484375, 0.5234375, 0.5546875, 0.46875, 0.734375, 0.6640625, 0.609375, 0.5703125, 0.6484375, 0.5625, 0.6328125, 0.59375, 0.625, 0.546875, 0.6953125, 0.59375, 0.5625, 0.5703125, 0.7265625, 0.6328125, 0.5390625, 0.640625, 0.6328125, 0.6875, 0.5546875, 0.609375, 0.6640625, 0.65625, 0.6640625, 0.671875, 0.578125, 0.671875, 0.71875, 0.78125, 0.6015625, 0.8203125, 0.6171875, 0.6640625, 0.7421875, 0.671875, 0.640625, 0.7109375, 0.703125, 0.6640625, 0.65625, 0.7890625, 0.640625, 0.6484375, 0.8203125, 0.7890625, 0.75, 0.765625, 0.6015625, 0.734375, 0.765625, 0.7890625, 0.6796875, 0.71875, 0.6875, 0.7109375, 0.7109375, 0.8046875, 0.703125, 0.7890625, 0.78125, 0.6640625, 0.71875, 0.59375, 0.703125, 0.671875, 0.8515625, 0.6953125, 0.6484375, 0.7890625, 0.8046875, 0.75, 0.7734375, 0.7109375, 0.7890625, 0.5703125, 0.75, 0.7421875, 0.640625, 0.734375, 0.75, 0.734375, 0.75, 0.8359375, 0.765625, 0.7890625, 0.734375, 0.8046875, 0.6484375, 0.7734375, 0.8046875, 0.8046875, 0.671875, 0.78125, 0.765625, 0.8515625, 0.7734375, 0.7421875, 0.71875, 0.671875, 0.8515625, 0.8125, 0.6328125, 0.765625, 0.8203125, 0.7421875, 0.8046875, 0.7578125, 0.65625, 0.8359375, 0.8203125, 0.90625], "pos_score": [-6.830621242523193, -4.663148880004883, -3.0018458366394043, -1.7767159938812256, 0.24693745374679565, 0.33128970861434937, 2.3400557041168213, 3.058962821960449, 3.717560291290283, 3.929906129837036, 4.749187469482422, 4.817692756652832, 5.727506637573242, 5.240784645080566, 5.221247673034668, 5.941623687744141, 6.209652900695801, 6.704296588897705, 6.623452186584473, 7.681236267089844, 7.31849479675293, 7.554024696350098, 8.277785301208496, 7.165772438049316, 7.070196151733398, 7.318242073059082, 7.691542625427246, 8.376801490783691, 8.541145324707031, 9.138105392456055, 8.584404945373535, 8.874114990234375, 9.126413345336914, 9.391687393188477, 8.827412605285645, 9.266497611999512, 10.120996475219727, 9.345200538635254, 9.474773406982422, 9.319705963134766, 9.580855369567871, 10.239404678344727, 9.690909385681152, 9.85245418548584, 9.675395965576172, 10.058013916015625, 9.931573867797852, 9.70842170715332, 10.318004608154297, 10.124984741210938, 10.029071807861328, 9.97125244140625, 10.478102684020996, 10.635786056518555, 10.78507137298584, 10.742189407348633, 10.99205207824707, 10.797523498535156, 10.506876945495605, 10.848165512084961, 10.605240821838379, 10.986593246459961, 11.115640640258789, 11.017742156982422, 10.634866714477539, 11.043638229370117, 11.579814910888672, 11.537195205688477, 11.100495338439941, 12.21892261505127, 10.977901458740234, 12.070074081420898, 11.55774974822998, 11.921332359313965, 11.378856658935547, 12.352863311767578, 11.727468490600586, 12.049120903015137, 11.943565368652344, 12.000436782836914, 11.927933692932129, 12.128193855285645, 12.529507637023926, 11.836994171142578, 11.880315780639648, 11.793198585510254, 12.295061111450195, 12.264999389648438, 12.545191764831543, 11.956809043884277, 12.57468318939209, 12.571100234985352, 12.386669158935547, 12.597076416015625, 12.493263244628906, 13.107943534851074, 12.734267234802246, 12.85506820678711, 13.088897705078125, 12.531206130981445, 12.772415161132812, 11.816308975219727, 12.22774887084961, 12.265497207641602, 12.895889282226562, 12.838658332824707, 12.914011001586914, 13.180648803710938, 13.566251754760742, 13.70732307434082, 13.468525886535645, 13.225038528442383, 13.492094039916992, 12.564842224121094, 13.856852531433105, 13.664446830749512, 12.739434242248535, 13.174293518066406, 13.283540725708008, 13.7985258102417, 13.789344787597656, 14.590614318847656, 13.691761016845703, 13.275349617004395, 13.901937484741211, 13.92222785949707, 12.985227584838867, 13.818510055541992, 13.803779602050781, 13.758219718933105, 13.483834266662598, 13.98093032836914, 14.133659362792969, 14.689990997314453, 13.962568283081055, 14.321516036987305, 13.585651397705078, 13.522193908691406, 14.433792114257812, 14.91165828704834, 14.189414978027344, 14.37863826751709, 14.353217124938965, 14.418210983276367, 14.348731994628906, 14.461799621582031, 13.75858211517334, 15.184417724609375, 14.390872955322266, 14.109094619750977], "neg_score": [-6.839798450469971, -5.154211521148682, -3.9813921451568604, -3.2092316150665283, -1.3351054191589355, -1.981443166732788, 0.05827063322067261, 0.07349372655153275, 0.8159896731376648, 0.9082868695259094, 1.0715728998184204, 1.2710942029953003, 2.3568990230560303, 1.3303542137145996, 0.7649715542793274, 2.046929359436035, 2.1225225925445557, 2.4594855308532715, 2.3296327590942383, 2.63161563873291, 2.3081841468811035, 2.440734386444092, 3.0279555320739746, 2.7197811603546143, 2.073139190673828, 2.397202968597412, 2.1494288444519043, 2.238736391067505, 1.9292376041412354, 2.6111183166503906, 2.196946620941162, 2.329200029373169, 1.8471565246582031, 2.1782431602478027, 2.034562349319458, 1.7472968101501465, 2.4992377758026123, 2.1488513946533203, 1.512912631034851, 1.6283729076385498, 1.8991355895996094, 2.3427486419677734, 2.012112855911255, 2.0366058349609375, 1.727769136428833, 1.8027503490447998, 2.0613250732421875, 2.7325546741485596, 2.0134055614471436, 2.2846856117248535, 2.191636085510254, 2.298999309539795, 2.331608772277832, 2.2980239391326904, 3.202396869659424, 2.873856782913208, 2.3797147274017334, 2.6605966091156006, 2.505361557006836, 2.966522693634033, 2.3919453620910645, 1.8663382530212402, 2.2217025756835938, 2.5492942333221436, 2.8296990394592285, 2.4597036838531494, 2.4833333492279053, 2.329498291015625, 2.9835357666015625, 1.9241175651550293, 1.6412698030471802, 2.1904876232147217, 1.9390816688537598, 2.99277663230896, 2.762484550476074, 2.810716152191162, 3.0603151321411133, 2.6820032596588135, 2.534954309463501, 2.7516841888427734, 2.7060163021087646, 3.1493077278137207, 2.368093967437744, 2.3738954067230225, 1.9787107706069946, 2.0347299575805664, 2.966247081756592, 3.432204008102417, 3.1716997623443604, 2.164530038833618, 3.2437546253204346, 3.0727035999298096, 2.147702693939209, 2.678753614425659, 2.2099554538726807, 3.509373664855957, 3.1283347606658936, 2.9230597019195557, 3.1182992458343506, 3.8738279342651367, 3.5830941200256348, 3.0328102111816406, 2.7614943981170654, 2.613067150115967, 2.571150064468384, 3.6577272415161133, 3.284984827041626, 3.4515011310577393, 2.711496591567993, 3.103369951248169, 3.5100131034851074, 3.466109275817871, 2.681267261505127, 3.697958469390869, 2.989663600921631, 3.8258697986602783, 3.330648422241211, 3.3977811336517334, 4.173921585083008, 3.51885724067688, 2.4884960651397705, 3.1116421222686768, 3.8386566638946533, 2.974367380142212, 2.8734896183013916, 3.9343605041503906, 3.7106919288635254, 2.266690969467163, 3.2211244106292725, 3.3727335929870605, 4.042505741119385, 4.047941207885742, 2.7594268321990967, 3.405974864959717, 3.881129503250122, 3.9792065620422363, 3.059487819671631, 3.443202257156372, 2.7027645111083984, 3.0090854167938232, 3.9879941940307617, 4.245119094848633, 3.629878282546997, 3.8841681480407715, 3.180622100830078, 3.4446568489074707, 3.499180793762207, 2.551494836807251, 2.5128493309020996, 3.433795928955078], "train_acc": [0.9557777777777777, 0.9563333333333334], "val_acc": [0.534, 0.564], "val_same_acc": [0.564, 0.614], "test_acc": [0.5655, 0.5935], "test_same_acc": [0.5625, 0.60225], "test_acc_ci": [0.010866604842359915, 0.010744762286662045], "best_epoch": 2, "best_val_acc": 0.564, "best_val_same_acc": 0.614, "best_test_acc": 0.5935, "best_test_same_acc": 0.60225, "best_test_acc_ci": 0.010744762286662045, "has_same": true}