{"part_acc": [0.01953125, 0.0625, 0.0859375, 0.07421875, 0.1015625, 0.109375, 0.09765625, 0.10546875, 0.125, 0.12890625, 0.10546875, 0.1484375, 0.14453125, 0.18359375, 0.30078125, 0.20703125, 0.34765625, 0.35546875, 0.3515625, 0.38671875, 0.29296875, 0.37890625, 0.375, 0.34375, 0.3671875, 0.3984375, 0.3671875, 0.36328125, 0.4140625, 0.41015625, 0.390625, 0.48828125, 0.43359375, 0.4609375, 0.484375, 0.4609375, 0.58203125, 0.578125, 0.5625, 0.55078125, 0.53125, 0.5390625, 0.5, 0.484375, 0.49609375, 0.48828125, 0.4921875, 0.6484375, 0.48046875, 0.515625, 0.48046875, 0.59765625, 0.6171875, 0.625, 0.55078125, 0.609375, 0.52734375, 0.57421875, 0.65625, 0.58984375, 0.7421875, 0.6796875, 0.70703125, 0.69140625, 0.61328125, 0.68359375, 0.57421875, 0.53515625, 0.65234375, 0.609375, 0.67578125, 0.67578125, 0.76953125, 0.71484375, 0.71484375, 0.71875, 0.75390625, 0.69140625, 0.69140625, 0.77734375, 0.703125, 0.7109375, 0.71484375, 0.703125, 0.72265625, 0.7265625, 0.66796875, 0.7109375, 0.703125, 0.7109375, 0.7265625, 0.6640625, 0.78125, 0.609375, 0.73828125, 0.63671875, 0.6953125, 0.6171875, 0.67578125, 0.67578125, 0.6484375, 0.74609375, 0.7734375, 0.6875, 0.66015625, 0.66796875, 0.6640625, 0.71875, 0.73828125, 0.63671875, 0.734375, 0.70703125, 0.82421875, 0.6328125, 0.66796875, 0.6796875, 0.703125, 0.71875, 0.6875, 0.65234375, 0.69140625, 0.67578125, 0.71484375, 0.74609375, 0.70703125, 0.73046875, 0.73828125, 0.73828125, 0.73046875, 0.71875, 0.75390625, 0.7890625, 0.7421875, 0.7421875, 0.66796875, 0.82421875, 0.81640625, 0.70703125, 0.6171875, 0.68359375, 0.74609375, 0.71875, 0.64453125, 0.703125, 0.74609375, 0.65625, 0.7265625, 0.6875, 0.69140625, 0.73046875], "pos_score": [-6.6890869140625, -1.7708349227905273, -1.4408737421035767, 1.6685760021209717, 3.3396918773651123, 5.237947940826416, 6.072258949279785, 6.272510528564453, 6.869784355163574, 7.141427516937256, 7.281444549560547, 8.065673828125, 8.400976181030273, 10.466338157653809, 10.697303771972656, 10.465118408203125, 12.154630661010742, 11.838436126708984, 13.431215286254883, 14.271771430969238, 15.316113471984863, 15.641490936279297, 16.086450576782227, 16.9376277923584, 16.95138168334961, 16.47885513305664, 16.72125244140625, 17.720273971557617, 18.23019790649414, 18.28852081298828, 17.87523651123047, 19.41994857788086, 19.399497985839844, 18.65097999572754, 19.7233829498291, 19.983062744140625, 19.53899383544922, 20.99856948852539, 21.01417350769043, 20.576507568359375, 20.373754501342773, 20.047691345214844, 21.494436264038086, 19.30069351196289, 20.504547119140625, 20.61322021484375, 20.62308120727539, 20.18471908569336, 19.741174697875977, 20.44975471496582, 19.867141723632812, 21.441871643066406, 21.348896026611328, 20.494354248046875, 20.822071075439453, 20.763612747192383, 20.307659149169922, 19.947433471679688, 21.28390121459961, 21.01712417602539, 21.2860107421875, 21.67535972595215, 21.682418823242188, 21.61346435546875, 21.272308349609375, 21.520402908325195, 21.81360626220703, 21.172809600830078, 21.405059814453125, 22.123449325561523, 21.3487548828125, 21.72623062133789, 22.217899322509766, 22.251155853271484, 21.700082778930664, 22.29467010498047, 22.259197235107422, 21.75804328918457, 21.482463836669922, 22.236026763916016, 22.92822265625, 22.510732650756836, 22.530189514160156, 22.253591537475586, 22.63163185119629, 22.701263427734375, 22.45889663696289, 22.110511779785156, 22.785619735717773, 22.364295959472656, 22.738685607910156, 22.159561157226562, 22.564525604248047, 22.628572463989258, 22.043827056884766, 22.575855255126953, 22.673471450805664, 22.330171585083008, 22.32837677001953, 22.466054916381836, 22.32994270324707, 22.55233383178711, 23.052234649658203, 22.484928131103516, 22.787128448486328, 22.548961639404297, 22.540752410888672, 22.89447021484375, 22.998497009277344, 22.772571563720703, 22.911083221435547, 22.66429901123047, 23.566585540771484, 23.180423736572266, 23.082780838012695, 22.824810028076172, 22.925464630126953, 22.928909301757812, 23.22087860107422, 22.764816284179688, 23.278221130371094, 23.054655075073242, 22.851791381835938, 23.124555587768555, 22.657072067260742, 23.083980560302734, 22.94174575805664, 23.01398468017578, 23.025516510009766, 22.509387969970703, 22.553813934326172, 22.780881881713867, 22.73019790649414, 23.049253463745117, 22.73182487487793, 22.98278045654297, 22.826101303100586, 22.916019439697266, 22.53966522216797, 22.778169631958008, 23.00162124633789, 22.878896713256836, 22.97505760192871, 23.22823715209961, 22.71725845336914, 22.460498809814453, 22.897441864013672, 22.791654586791992, 22.87063217163086, 22.891834259033203], "neg_score": [-6.697407245635986, -2.7830448150634766, -2.834953784942627, -0.0869603306055069, 1.0966848134994507, 2.389120578765869, 3.259274959564209, 3.2493839263916016, 3.609184741973877, 3.4188225269317627, 3.611940622329712, 4.545638084411621, 4.378719806671143, 5.8644633293151855, 5.418881416320801, 5.656712055206299, 6.396157264709473, 6.027825832366943, 7.292146682739258, 7.861447811126709, 9.319716453552246, 8.509622573852539, 9.08622932434082, 10.238720893859863, 10.033332824707031, 9.347848892211914, 9.306367874145508, 11.086102485656738, 10.957132339477539, 11.2551851272583, 10.764187812805176, 11.731529235839844, 11.056459426879883, 10.966448783874512, 11.357691764831543, 11.770034790039062, 10.867213249206543, 12.35071849822998, 12.437750816345215, 11.828766822814941, 11.425322532653809, 10.566720962524414, 11.946954727172852, 10.459134101867676, 11.334371566772461, 11.94027328491211, 11.672110557556152, 10.451269149780273, 10.970312118530273, 12.058481216430664, 11.191017150878906, 11.565898895263672, 12.051736831665039, 11.130118370056152, 11.145120620727539, 11.064725875854492, 11.847439765930176, 10.894432067871094, 11.090517044067383, 11.23148250579834, 10.831602096557617, 10.840911865234375, 11.460585594177246, 10.761667251586914, 11.591242790222168, 11.142977714538574, 11.217582702636719, 11.634258270263672, 11.129138946533203, 11.155693054199219, 11.491399765014648, 11.065691947937012, 10.560067176818848, 10.490992546081543, 11.152164459228516, 10.785683631896973, 11.61308765411377, 10.67123031616211, 11.170336723327637, 11.056883811950684, 11.800386428833008, 11.73832893371582, 11.901469230651855, 11.441261291503906, 11.60118579864502, 11.522195816040039, 11.193121910095215, 10.940083503723145, 11.177072525024414, 11.08728313446045, 11.303131103515625, 11.388042449951172, 11.074077606201172, 11.797986030578613, 11.469117164611816, 11.638909339904785, 11.37652587890625, 11.573121070861816, 11.505971908569336, 11.39005184173584, 11.379741668701172, 11.177912712097168, 11.638428688049316, 12.01598834991455, 11.423134803771973, 12.231867790222168, 11.559496879577637, 11.988520622253418, 11.01159381866455, 11.869793891906738, 10.877750396728516, 11.83194351196289, 11.522486686706543, 11.980669021606445, 11.881712913513184, 11.820109367370605, 11.798077583312988, 11.702799797058105, 11.632939338684082, 12.028813362121582, 11.65211296081543, 11.61187744140625, 11.10138988494873, 11.16928768157959, 12.143356323242188, 11.838778495788574, 11.604259490966797, 11.294705390930176, 11.68644905090332, 11.64917278289795, 11.16797161102295, 10.89166259765625, 11.344502449035645, 11.51099681854248, 11.957795143127441, 10.940857887268066, 11.032310485839844, 11.912369728088379, 11.672944068908691, 11.789063453674316, 11.614027976989746, 12.097877502441406, 11.598235130310059, 11.39006233215332, 10.965991020202637, 12.04650592803955, 12.018980979919434, 11.292614936828613, 11.111625671386719, 11.28713607788086],