{"acc_im_lang": [0.1875, 0.2578125, 0.3359375, 0.3828125, 0.4140625, 0.625, 0.5390625, 0.59375, 0.578125, 0.734375, 0.640625, 0.6640625, 0.484375, 0.484375, 0.703125, 0.6171875, 0.71875, 0.6640625, 0.609375, 0.578125, 0.6796875, 0.6796875, 0.6484375, 0.4765625, 0.7265625], "acc_lang_im": [0.0703125, 0.0859375, 0.1484375, 0.2421875, 0.2265625, 0.3828125, 0.3203125, 0.3125, 0.4453125, 0.5859375, 0.4609375, 0.28125, 0.3203125, 0.4375, 0.5703125, 0.5078125, 0.6328125, 0.515625, 0.40625, 0.453125, 0.625, 0.5859375, 0.5390625, 0.328125, 0.609375], "pos_score": [1.736854076385498, 0.9849657416343689, 1.9978182315826416, 3.0944252014160156, 4.750895023345947, 7.329920291900635, 8.418161392211914, 9.782268524169922, 10.449610710144043, 10.840934753417969, 11.495671272277832, 11.524604797363281, 11.417548179626465, 11.58370590209961, 12.087705612182617, 11.87664794921875, 12.07689094543457, 12.148219108581543, 11.762480735778809, 12.440959930419922, 12.77657699584961, 12.764900207519531, 12.618548393249512, 12.443498611450195, 12.758777618408203], "neg_score": [-0.07862412184476852, -2.6532070636749268, -2.74239444732666, -2.5412650108337402, -1.0965303182601929, -0.599137544631958, 1.1057066917419434, 1.865561842918396, 2.186432123184204, 2.1575896739959717, 2.8209149837493896, 1.7845438718795776, 3.436894178390503, 2.652597665786743, 2.791172504425049, 3.5935990810394287, 2.4224469661712646, 2.7188680171966553, 3.0693421363830566, 3.6032392978668213, 2.643345355987549, 2.640022039413452, 3.2649598121643066, 3.6042041778564453, 3.770188093185425], "simple_val_acc": [0.5241451757271444, 0.5080000147781065, 0.5743871130481844, 0.5964677554715064, 0.528145176728887, 0.6706935666991818, 0.7007903364704502, 0.6486129197449453, 0.6888709870173084, 0.6707258251184418, 0.6828709846821523, 0.6767903416060632, 0.7230967929853547, 0.6949838844383917, 0.6969193723009479, 0.6728226017317465, 0.6907580822340904, 0.6748064695125626, 0.6867580791750262, 0.6668064689626616, 0.6868548521707134, 0.6947419539911132, 0.6928064632223498, 0.6748225972335185, 0.6887419467568398], "simple_val_acc_ci": [0.043863823953849426, 0.043909183114557326, 0.04342731957633368, 0.043091171262153435, 0.0438453834617733, 0.04127691477005718, 0.04021776305498292, 0.041930721173289824, 0.04066539454844126, 0.04127691477005718, 0.04087710029707388, 0.041080898490481244, 0.03930998566173325, 0.04044565822071857, 0.040370603193069066, 0.04121242932466508, 0.04059304604581755, 0.04114709579986451, 0.04073684785613381, 0.041403317864854634, 0.04073684523860477, 0.04044565822071857, 0.040519802348262676, 0.04114709841739355, 0.04066539454844126], "train_acc": [0.5184444444444445, 0.5997777777777777, 0.6397777777777778, 0.6588888888888889, 0.6621111111111111, 0.6794444444444444, 0.7061111111111111, 0.7096666666666667, 0.7182222222222222, 0.7205555555555555, 0.7227777777777777, 0.7316666666666667, 0.7291111111111112, 0.741, 0.732, 0.7383333333333333, 0.7411111111111112, 0.7458888888888889, 0.7437777777777778, 0.7464444444444445], "val_acc": [0.516, 0.51, 0.512, 0.528, 0.544, 0.542, 0.57, 0.544, 0.554, 0.55, 0.532, 0.544, 0.538, 0.534, 0.532, 0.546, 0.534, 0.556, 0.554, 0.534], "val_same_acc": [0.502, 0.574, 0.56, 0.55, 0.56, 0.562, 0.578, 0.574, 0.574, 0.566, 0.574, 0.578, 0.568, 0.554, 0.55, 0.556, 0.56, 0.572, 0.562, 0.562], "test_acc": [0.508, 0.53, 0.5355, 0.537, 0.5405, 0.5435, 0.5325, 0.5375, 0.53, 0.5375, 0.5355, 0.5415, 0.5465, 0.5495, 0.5445, 0.54, 0.548, 0.5425, 0.543, 0.555], "test_same_acc": [0.5015, 0.5365, 0.5355, 0.5265, 0.5355, 0.544, 0.544, 0.544, 0.5415, 0.5535, 0.553, 0.5395, 0.5385, 0.543, 0.5405, 0.5485, 0.5375, 0.5435, 0.547, 0.5505], "test_acc_ci": [0.015494461299929077, 0.015460860835509774, 0.015456055638486814, 0.015463888798584917, 0.015450345704870166, 0.015435729149444154, 0.015449753226993629, 0.01544361342999105, 0.015455502216848214, 0.015430869447312423, 0.015434360264520199, 0.015444245009064059, 0.01543908279335272, 0.015428727892311797, 0.01543908279335272, 0.015434360264520199, 0.015438419898908049, 0.015437753087803936, 0.01543227753768056, 0.015408686737519198], "best_epoch": 7, "best_val_acc": 0.57, "best_val_same_acc": 0.578, "best_test_acc": 0.5325, "best_test_same_acc": 0.544, "best_test_acc_ci": 0.015449753226993629, "has_same": true}