{"acc_im_lang": [0.05859375, 0.1953125, 0.375, 0.4140625, 0.4375, 0.49609375, 0.421875, 0.5, 0.53515625, 0.5078125, 0.52734375, 0.4921875, 0.48046875, 0.58984375, 0.53515625, 0.625, 0.6015625, 0.59765625, 0.64453125, 0.6328125, 0.578125, 0.609375, 0.51953125, 0.56640625, 0.60546875], "acc_lang_im": [0.01953125, 0.0703125, 0.2265625, 0.25390625, 0.3203125, 0.3125, 0.2578125, 0.33984375, 0.34765625, 0.40625, 0.3984375, 0.33984375, 0.3671875, 0.42578125, 0.47265625, 0.44921875, 0.421875, 0.45703125, 0.5546875, 0.609375, 0.52734375, 0.50390625, 0.4375, 0.5078125, 0.3515625], "pos_score": [0.8849425911903381, 1.958419680595398, 7.307550430297852, 10.191128730773926, 10.993453979492188, 11.515785217285156, 11.026599884033203, 11.58055591583252, 11.381918907165527, 11.647369384765625, 11.386650085449219, 11.610406875610352, 11.94190502166748, 11.360857963562012, 11.439017295837402, 11.499629974365234, 11.413172721862793, 11.283910751342773, 11.307104110717773, 11.446489334106445, 11.41948127746582, 11.015043258666992, 10.734403610229492, 10.894096374511719, 10.167645454406738], "neg_score": [-0.5391898155212402, -1.641951322555542, 2.11286997795105, 4.187686920166016, 4.755792617797852, 4.894712924957275, 4.829338550567627, 5.266943454742432, 5.1657867431640625, 4.996115684509277, 4.472742557525635, 4.740980625152588, 4.047600746154785, 4.214512825012207, 3.8057684898376465, 3.4598937034606934, 3.3856735229492188, 3.2158682346343994, 2.98663067817688, 2.6478195190429688, 3.0149450302124023, 2.659528970718384, 2.8735275268554688, 2.6966984272003174, 2.3867318630218506], "simple_val_acc": [0.5321290449927891, 0.542290333052316, 0.6185967902271978, 0.676806464647093, 0.6866774367228632, 0.6908548549846296, 0.6445322648979003, 0.6707580850739633, 0.5602580761433609, 0.2308387141621882, 0.2709354889701691, 0.2569838760531237, 0.25701613603484247, 0.25101613342305346, 0.26709677982114016, 0.26101613600335777, 0.250967748196375, 0.2710322621642582, 0.26312903696154394, 0.2430161342918873, 0.24293548979514068, 0.26301613465191853, 0.2829838771035354, 0.258887102527604, 0.2609354885078726], "simple_val_auc": [0.5253604057664923, 0.5760052160834573, 0.6161458583337334, 0.6552984847757566, 0.6542584681354902, 0.6464343429494872, 0.6517264276228419, 0.6802048832781324, 0.5824853197651162, 0.30938895022320356, 0.3583337333397334, 0.3312933006928111, 0.3332333317333077, 0.3576897230355685, 0.35497367957887327, 0.35342965487447797, 0.3127090033440535, 0.3320533128530056, 0.3136570185122962, 0.32609321749147985, 0.3112609801756828, 0.31216499463991426, 0.3390534248547977, 0.3432394918318693, 0.35182962927406836], "simple_val_acc_ci": [0.04382409509810331, 0.043758392501708314, 0.04266426012856374, 0.041080898490481244, 0.04073684785613381, 0.04059304604581755, 0.042038887943276156, 0.04127691477005718, 0.0435949513710163, 0.03701352011758028, 0.03904201874394744, 0.038381145012310894, 0.03838114239478185, 0.03808215514036097, 0.03885834934884603, 0.03857515364711432, 0.03808215514036097, 0.03904201874394744, 0.038670583520799384, 0.03766824527350543, 0.03766824789103447, 0.038670586138328425, 0.03956905559831725, 0.038478674144284825, 0.03857515364711432], "train_acc": [0.5828888888888889, 0.6874444444444444, 0.841, 0.9527777777777777, 0.9922222222222222, 0.9951111111111111, 0.9976666666666667, 0.9977777777777778, 0.9972222222222222, 0.9954444444444445, 0.9968888888888889, 0.9974444444444445, 0.9963333333333333, 0.9966666666666667, 0.9972222222222222, 0.9982222222222222, 0.9972222222222222, 0.9981111111111111, 0.9976666666666667, 0.9981111111111111], "val_acc": [0.506, 0.512, 0.556, 0.588, 0.58, 0.61, 0.588, 0.582, 0.554, 0.57, 0.57, 0.556, 0.542, 0.556, 0.55, 0.556, 0.528, 0.558, 0.56, 0.544], "val_same_acc": [0.5, 0.5, 0.548, 0.578, 0.616, 0.582, 0.6, 0.566, 0.558, 0.562, 0.58, 0.56, 0.542, 0.562, 0.544, 0.546, 0.542, 0.536, 0.526, 0.548], "test_acc": [0.508, 0.513, 0.527, 0.5835, 0.583, 0.554, 0.5635, 0.5595, 0.552, 0.5285, 0.541, 0.5325, 0.5275, 0.5225, 0.5135, 0.5345, 0.5245, 0.5255, 0.5165, 0.52], "test_same_acc": [0.501, 0.5055, 0.532, 0.5795, 0.5955, 0.578, 0.5735, 0.572, 0.544, 0.5455, 0.544, 0.5395, 0.5315, 0.534, 0.534, 0.5345, 0.5275, 0.531, 0.5275, 0.5295], "test_acc_ci": [0.015494532968114918, 0.015492508698561381, 0.015468167696918726, 0.015287929326759724, 0.015246306889702833, 0.015359573483661583, 0.015349057401026291, 0.01536060320348781, 0.015423593563109734, 0.015452676544857852, 0.01543908279335272, 0.015454944891522585, 0.015468167696918726, 0.015470408552297508, 0.015477670185625484, 0.015458230296511952, 0.0154741968967698, 0.015470408552297508, 0.01548015395272282, 0.015476165383421054], "best_epoch": 5, "best_val_acc": 0.58, "best_val_same_acc": 0.616, "best_test_acc": 0.583, "best_test_same_acc": 0.5955, "best_test_acc_ci": 0.015246306889702833, "has_same": true}