{"acc_im_lang": [0.25, 0.265625, 0.3984375, 0.46875, 0.6015625, 0.53125, 0.546875, 0.640625, 0.5703125, 0.7734375, 0.6015625, 0.5703125, 0.5546875, 0.59375, 0.6328125, 0.65625, 0.6796875, 0.6484375, 0.6484375, 0.546875, 0.640625, 0.6875, 0.7109375, 0.6953125, 0.75], "acc_lang_im": [0.0546875, 0.09375, 0.15625, 0.265625, 0.40625, 0.34375, 0.2734375, 0.5, 0.34375, 0.5234375, 0.46875, 0.4765625, 0.453125, 0.3828125, 0.515625, 0.59375, 0.3828125, 0.5078125, 0.4921875, 0.40625, 0.40625, 0.5703125, 0.5390625, 0.546875, 0.578125], "pos_score": [1.373928427696228, 2.8235583305358887, 7.269145965576172, 10.878360748291016, 12.356877326965332, 12.50405502319336, 13.708181381225586, 13.82935905456543, 13.789241790771484, 14.571399688720703, 14.928908348083496, 15.175146102905273, 15.77931022644043, 16.14840316772461, 16.407886505126953, 16.496427536010742, 16.27574920654297, 16.787202835083008, 16.753887176513672, 16.75730323791504, 17.00267791748047, 17.398237228393555, 17.67061996459961, 18.226543426513672, 17.60419464111328], "neg_score": [-0.7030741572380066, -0.06126752868294716, 2.9709396362304688, 5.4692487716674805, 5.817126274108887, 5.849555492401123, 6.766609191894531, 6.435683727264404, 7.292047023773193, 6.115818977355957, 6.4469990730285645, 7.21082878112793, 7.76021146774292, 7.7937421798706055, 7.502935409545898, 6.923542499542236, 7.484746932983398, 6.756839752197266, 7.597719192504883, 7.665750503540039, 7.67779541015625, 6.587214469909668, 7.400611877441406, 7.09989070892334, 7.044661045074463], "simple_val_acc": [0.5677779252713774, 0.6004443111036769, 0.6272066034539248, 0.6292939059159057, 0.6272513296251641, 0.634929646114474, 0.6623628549197802, 0.6680880436986572, 0.6699517121803342, 0.6543714355367222, 0.6696833416811574, 0.6754085341186746, 0.6794042423472363, 0.6732764922429892, 0.6893487759316624, 0.6737237769180824, 0.6778089376797416, 0.6736343172952028, 0.6872167373364898, 0.6873509237668939, 0.6755427195173369, 0.6679985827743253, 0.6814020935993443, 0.6870378291595173, 0.6795831489437153], "simple_val_auc": [0.5896161425207069, 0.5728143674201766, 0.6071068104263125, 0.6224106441948766, 0.6564667809481087, 0.6048639036190904, 0.6431294958265913, 0.6568072221599193, 0.6289471154616383, 0.6293997020138099, 0.6423284576811547, 0.6565669107162884, 0.6337833832647111, 0.6435580512343998, 0.650302792418975, 0.6582370752495235, 0.649689998237716, 0.6736891010749932, 0.6637942773834891, 0.6633517038081354, 0.6618617728576235, 0.6568352584950096, 0.668173953443663, 0.6558619971483042, 0.6783070859834345], "simple_val_acc_ci": [0.042663758986592734, 0.04218196273938306, 0.04163722307513879, 0.041593056173456905, 0.041637220508638606, 0.041456271979602666, 0.04073122797786887, 0.04055680092580276, 0.04049712723000373, 0.04095319687936001, 0.04049712723000373, 0.04031346077727199, 0.040187111973169536, 0.04037545972223853, 0.03985735519691312, 0.04037545972223853, 0.04025067904974906, 0.04037545972223853, 0.039924910614779964, 0.039924908048279785, 0.04031346077727199, 0.04055680092580276, 0.04012275441453307, 0.039924910614779964, 0.040187111973169536], "train_acc": [0.6615555555555556, 0.6793333333333333, 0.7688888888888888, 0.8537777777777777, 0.9486666666666667, 0.9742222222222222, 0.9815555555555555, 0.9778888888888889, 0.9828888888888889, 0.9891111111111112, 0.986, 0.9905555555555555, 0.9892222222222222, 0.9878888888888889, 0.9907777777777778, 0.9904444444444445, 0.9921111111111112, 0.9924444444444445, 0.994, 0.9936666666666667], "val_acc": [0.492, 0.506, 0.508, 0.538, 0.58, 0.568, 0.582, 0.568, 0.578, 0.558, 0.552, 0.528, 0.55, 0.54, 0.542, 0.54, 0.532, 0.548, 0.534, 0.528], "val_same_acc": [0.5, 0.484, 0.494, 0.518, 0.588, 0.584, 0.586, 0.574, 0.566, 0.586, 0.568, 0.574, 0.554, 0.56, 0.556, 0.548, 0.536, 0.544, 0.548, 0.546], "test_acc": [0.5165, 0.5145, 0.531, 0.5485, 0.5705, 0.5665, 0.559, 0.5615, 0.556, 0.547, 0.5305, 0.5345, 0.5395, 0.5435, 0.5245, 0.532, 0.5375, 0.531, 0.5305, 0.5175], "test_same_acc": [0.504, 0.503, 0.5135, 0.5265, 0.573, 0.5705, 0.5665, 0.5685, 0.5555, 0.551, 0.5465, 0.5505, 0.5415, 0.551, 0.5315, 0.539, 0.543, 0.547, 0.536, 0.5395], "test_acc_ci": [0.015491904272070624, 0.015492787656680766, 0.01547981078614981, 0.015451518938279176, 0.015334790535739313, 0.015349057401026293, 0.015372649900879158, 0.015363668507228343, 0.015398539436420588, 0.015420573257826701, 0.01544915684107065, 0.015439082793352718, 0.015444245009064059, 0.015425817546405768, 0.015470845044793123, 0.015456055638486815, 0.015444872675907691, 0.015447952343271905, 0.015460860835509774, 0.01546996816738806], "best_epoch": 5, "best_val_acc": 0.58, "best_val_same_acc": 0.588, "best_test_acc": 0.5705, "best_test_same_acc": 0.573, "best_test_acc_ci": 0.015334790535739313, "has_same": true}