{"acc_im_lang": [0.09375, 0.125, 0.21875, 0.1875, 0.15625, 0.15625, 0.25, 0.125, 0.1875, 0.28125, 0.25, 0.46875, 0.28125, 0.25, 0.34375, 0.46875, 0.4375, 0.375, 0.34375, 0.25, 0.5, 0.40625, 0.28125, 0.5, 0.34375], "acc_lang_im": [0.15625, 0.15625, 0.21875, 0.3125, 0.09375, 0.25, 0.15625, 0.1875, 0.15625, 0.375, 0.1875, 0.40625, 0.4375, 0.1875, 0.3125, 0.34375, 0.40625, 0.34375, 0.34375, 0.28125, 0.40625, 0.40625, 0.25, 0.53125, 0.3125], "pos_score": [0.5470907688140869, 0.9664345979690552, 0.6715713739395142, 1.1593570709228516, 1.0720133781433105, 1.3677153587341309, 1.467079997062683, 1.087433934211731, 0.985210657119751, 2.109055519104004, 1.5560190677642822, 3.4191718101501465, 5.274816513061523, 6.434980392456055, 7.241518020629883, 8.445745468139648, 9.615839004516602, 9.866823196411133, 10.325376510620117, 10.447525978088379, 11.129655838012695, 11.236883163452148, 11.076772689819336, 11.818804740905762, 11.521645545959473], "neg_score": [-0.8004922270774841, -1.417384386062622, -1.7907449007034302, -1.6516531705856323, -1.4103114604949951, -2.4676315784454346, -1.4606988430023193, -2.514084815979004, -2.683277130126953, -2.1453354358673096, -2.502202272415161, -1.151351809501648, 0.9351257085800171, 1.6962441205978394, 2.845545530319214, 2.8639039993286133, 4.198978424072266, 4.320010185241699, 5.438871383666992, 4.940727710723877, 5.3349480628967285, 5.513100624084473, 6.109424114227295, 5.682128429412842, 6.141919136047363], "simple_val_auc": [0.5679290868653898, 0.5544848717579481, 0.5224123585977376, 0.5553448855181683, 0.5455567289076625, 0.5618929902878446, 0.5742931886910191, 0.6066817069073105, 0.59660154562473, 0.5859373749979999, 0.5983015728251653, 0.5940135042160675, 0.5956455303284852, 0.59792956687307, 0.6282660522568361, 0.6050136802188835, 0.6194419110705771, 0.6194079105265684, 0.6288180610889773, 0.6303420854733676, 0.6271860349765598, 0.626976031616506, 0.625910014560233, 0.6218619497911966, 0.6306420902734444]}