{"acc_im_lang": [0.1328125, 0.2734375, 0.34375, 0.3125, 0.4921875, 0.46875, 0.4921875, 0.5625, 0.515625, 0.75, 0.6796875, 0.640625, 0.5625, 0.6640625, 0.578125, 0.703125, 0.671875, 0.7421875, 0.640625, 0.6796875, 0.7109375, 0.71875, 0.75, 0.7734375, 0.6875], "acc_lang_im": [0.0703125, 0.1328125, 0.1328125, 0.1328125, 0.25, 0.21875, 0.2265625, 0.2890625, 0.2265625, 0.5078125, 0.4140625, 0.34375, 0.2734375, 0.3515625, 0.21875, 0.328125, 0.3203125, 0.4296875, 0.40625, 0.3828125, 0.4453125, 0.375, 0.3984375, 0.4921875, 0.46875], "pos_score": [0.8708549737930298, 1.0675543546676636, 1.7213307619094849, 1.8476289510726929, 3.178051233291626, 2.4084300994873047, 3.114279270172119, 3.9467990398406982, 6.745643615722656, 10.166912078857422, 10.811236381530762, 11.277491569519043, 11.421056747436523, 11.634149551391602, 11.703490257263184, 12.101485252380371, 13.002531051635742, 13.150758743286133, 13.356035232543945, 13.732950210571289, 13.601727485656738, 14.327596664428711, 13.861186981201172, 14.332036972045898, 14.499048233032227], "neg_score": [-0.7816237211227417, -1.5973244905471802, -1.898751974105835, -2.3894174098968506, -2.0747413635253906, -2.8852360248565674, -2.627899646759033, -2.49292254447937, 0.6348132491111755, 1.2520148754119873, 2.092008352279663, 3.0627217292785645, 3.077009916305542, 3.082624673843384, 3.4460954666137695, 2.870901584625244, 3.7700607776641846, 3.281902551651001, 3.9535300731658936, 4.169546127319336, 4.19396448135376, 3.194546937942505, 3.980957508087158, 3.900402307510376, 4.133932113647461], "simple_val_auc": [0.5343244845319535, 0.5647118665790866, 0.5917388936061135, 0.5856349829378875, 0.5976064980214358, 0.6078918278088403, 0.625989282109614, 0.6511719188067735, 0.6259572405837966, 0.6455205946907192, 0.6718847626523974, 0.6689189189189189, 0.6695957961518127, 0.6707693170348772, 0.6632956311379548, 0.6490371521491853, 0.6537672823979878, 0.6570675595571861, 0.668350181835659, 0.6514042198689501, 0.6614532434034509, 0.668173953443663, 0.6662394463224339, 0.6719027860106699, 0.6690631057850974], "train_acc": [0.567, 0.7626666666666667, 0.919, 0.936, 0.9224444444444444, 0.9397777777777778, 0.9383333333333334, 0.9382222222222222], "val_acc": [0.502, 0.57, 0.586, 0.59, 0.614, 0.568, 0.568, 0.588], "val_same_acc": [0.484, 0.556, 0.576, 0.538, 0.558, 0.568, 0.544, 0.548], "test_acc": [0.518, 0.587, 0.581, 0.58, 0.581, 0.5585, 0.569, 0.5615], "test_same_acc": [0.5025, 0.577, 0.589, 0.5835, 0.582, 0.562, 0.578, 0.5705], "test_acc_ci": [0.015491904272070624, 0.015285361310744342, 0.015269613944039319, 0.015286647335992285, 0.015287929326759724, 0.01538225237002046, 0.015326828735912724, 0.015359573483661583], "best_epoch": 5, "best_val_acc": 0.614, "best_val_same_acc": 0.558, "best_test_acc": 0.581, "best_test_same_acc": 0.582, "best_test_acc_ci": 0.015287929326759724, "has_same": true}