{"acc_im_lang": [0.15625, 0.34375, 0.3203125, 0.4375, 0.46875, 0.484375, 0.4921875, 0.578125, 0.5078125, 0.625, 0.5859375, 0.671875, 0.4921875, 0.5703125, 0.625, 0.5703125, 0.6953125, 0.65625, 0.6328125, 0.6015625, 0.6796875, 0.609375, 0.6796875, 0.5, 0.6171875], "acc_lang_im": [0.046875, 0.171875, 0.1796875, 0.328125, 0.2734375, 0.375, 0.3125, 0.328125, 0.46875, 0.4140625, 0.3515625, 0.5078125, 0.40625, 0.3046875, 0.484375, 0.53125, 0.6484375, 0.4453125, 0.5234375, 0.4375, 0.4453125, 0.5703125, 0.421875, 0.3671875, 0.5625], "pos_score": [0.91051185131073, 1.7064082622528076, 2.1665236949920654, 2.6351022720336914, 2.6767773628234863, 2.986685276031494, 2.726398468017578, 3.9278199672698975, 7.052099227905273, 9.364311218261719, 10.64106273651123, 11.191291809082031, 11.068259239196777, 11.368406295776367, 11.593676567077637, 11.492639541625977, 11.862683296203613, 11.332029342651367, 11.478788375854492, 12.007070541381836, 11.7978515625, 11.929835319519043, 11.86882495880127, 11.560070991516113, 11.878398895263672], "neg_score": [-0.8561837673187256, -1.9096726179122925, -1.8333468437194824, -1.9881287813186646, -2.0285754203796387, -2.2506535053253174, -2.400233030319214, -1.637328028678894, 0.9715796709060669, 2.8351376056671143, 3.8480169773101807, 3.3060691356658936, 4.3526177406311035, 4.086586952209473, 4.136088848114014, 4.515254497528076, 3.9414613246917725, 3.948345899581909, 4.1328606605529785, 4.507281303405762, 4.042524814605713, 3.954407215118408, 4.241295337677002, 4.712949752807617, 4.523862361907959], "simple_val_acc": [0.538032274691328, 0.5502096896834912, 0.5261613055832924, 0.5743548557205547, 0.60850002082942, 0.586387113931679, 0.6044677610344464, 0.6244677563699023, 0.664725819371881, 0.6324516300136043, 0.6626451779180957, 0.626370988638651, 0.6467096893143269, 0.6587258184263782, 0.6406290460286601, 0.6627258217786589, 0.6708225998537194, 0.7008387279760453, 0.6565967913875657, 0.6768225975200053, 0.666709696437082, 0.6726935645428396, 0.6527096908861592, 0.6707096901742682, 0.6667580826993912], "simple_val_auc": [0.4962719403510456, 0.5294004704075265, 0.5201603225651611, 0.5833973343573498, 0.5760372165954655, 0.5843573497175956, 0.604433670938735, 0.6001376022016353, 0.6282980527688443, 0.6460263364213827, 0.6470863533816542, 0.6114657834525352, 0.6421222739563833, 0.6672506760108161, 0.6492223875582008, 0.6488983823741181, 0.629918078689259, 0.6546684746955951, 0.670226723627578, 0.6702467239475831, 0.672210755372086, 0.6485223763580217, 0.6651746427942848, 0.6791308660938575, 0.6728187651002416], "simple_val_acc_ci": [0.04378681886706625, 0.04369295165821716, 0.043854955765467045, 0.04342731957633368, 0.042869723070439576, 0.04325508093054333, 0.04294656063536429, 0.0425317293982872, 0.04146524860190518, 0.04234409444669248, 0.04152633911213437, 0.042486001165984874, 0.04198521027528396, 0.04164601515730291, 0.04214382206489996, 0.04152633911213437, 0.04127691477005718, 0.04021776305498292, 0.041704603309771306, 0.041080898490481244, 0.041403317864854634, 0.041212431942194115, 0.0418193034322377, 0.04127691215252814, 0.041403317864854634], "train_acc": [0.5643333333333334, 0.5782222222222222, 0.6705555555555556, 0.6586666666666666, 0.7258888888888889, 0.7557777777777778, 0.7692222222222223, 0.7828888888888889, 0.7762222222222223, 0.7582222222222222, 0.8322222222222222, 0.7913333333333333, 0.8502222222222222, 0.8592222222222222, 0.8382222222222222, 0.8472222222222222, 0.868, 0.8752222222222222, 0.8773333333333333, 0.8854444444444445, 0.5032222222222222, 0.5433333333333333, 0.5524444444444444, 0.5542222222222222, 0.5933333333333334, 0.6021111111111112, 0.617, 0.6552222222222223, 0.6591111111111111, 0.6785555555555556, 0.7614444444444445, 0.86, 0.8826666666666667, 0.9037777777777778, 0.9106666666666666, 0.933, 0.941, 0.9441111111111111, 0.9516666666666667, 0.932, 0.5026666666666667, 0.5181111111111111, 0.5781111111111111, 0.5981111111111111, 0.6444444444444445, 0.7172222222222222, 0.7078888888888889, 0.7523333333333333, 0.7717777777777778, 0.8503333333333334, 0.9007777777777778, 0.9096666666666666, 0.924, 0.9328888888888889, 0.9296666666666666, 0.9427777777777778, 0.9456666666666667, 0.9508888888888889, 0.9596666666666667, 0.9578888888888889], "val_acc": [0.502, 0.502, 0.514, 0.504, 0.514, 0.5, 0.502, 0.498, 0.508, 0.502, 0.514, 0.518, 0.548, 0.55, 0.51, 0.52, 0.538, 0.532, 0.556, 0.552, 0.504, 0.518, 0.52, 0.502, 0.518, 0.516, 0.514, 0.506, 0.51, 0.532, 0.55, 0.572, 0.572, 0.578, 0.578, 0.582, 0.588, 0.576, 0.602, 0.594, 0.504, 0.502, 0.536, 0.506, 0.528, 0.54, 0.536, 0.548, 0.55, 0.566, 0.596, 0.552, 0.56, 0.538, 0.576, 0.558, 0.57, 0.558, 0.556, 0.538], "val_same_acc": [0.508, 0.502, 0.51, 0.508, 0.512, 0.528, 0.512, 0.524, 0.518, 0.524, 0.536, 0.538, 0.548, 0.526, 0.52, 0.552, 0.54, 0.546, 0.566, 0.566, 0.5, 0.516, 0.518, 0.514, 0.524, 0.52, 0.53, 0.512, 0.52, 0.522, 0.53, 0.558, 0.552, 0.582, 0.562, 0.53, 0.536, 0.54, 0.542, 0.554, 0.5, 0.5, 0.508, 0.528, 0.498, 0.52, 0.524, 0.534, 0.538, 0.536, 0.562, 0.526, 0.56, 0.528, 0.556, 0.54, 0.546, 0.532, 0.546, 0.516], "test_acc": [0.51, 0.5055, 0.51, 0.5105, 0.5215, 0.527, 0.5225, 0.5215, 0.533, 0.5285, 0.5545, 0.535, 0.5415, 0.5615, 0.539, 0.543, 0.5475, 0.5615, 0.551, 0.565, 0.5065, 0.522, 0.518, 0.511, 0.519, 0.521, 0.521, 0.5265, 0.5255, 0.53, 0.5555, 0.5745, 0.5825, 0.5865, 0.5725, 0.5735, 0.5745, 0.5735, 0.571, 0.58, 0.506, 0.5055, 0.5225, 0.526, 0.5395, 0.5305, 0.533, 0.552, 0.544, 0.5805, 0.593, 0.573, 0.587, 0.556, 0.565, 0.5495, 0.5535, 0.5585, 0.553, 0.55], "test_same_acc": [0.4985, 0.499, 0.5025, 0.4975, 0.5145, 0.512, 0.5225, 0.526, 0.534, 0.513, 0.546, 0.5285, 0.538, 0.552, 0.5455, 0.532, 0.552, 0.5505, 0.549, 0.5615, 0.498, 0.504, 0.515, 0.51, 0.523, 0.5125, 0.5205, 0.522, 0.519, 0.536, 0.561, 0.568, 0.5665, 0.5785, 0.585, 0.57, 0.5815, 0.578, 0.5715, 0.59, 0.498, 0.4985, 0.517, 0.5215, 0.525, 0.5555, 0.549, 0.555, 0.56, 0.578, 0.5885, 0.578, 0.567, 0.551, 0.5685, 0.556, 0.5575, 0.555, 0.5485, 0.5495], "test_acc_ci": [0.015494600762039658, 0.015495003645530386, 0.015493949928117104, 0.015494664681754169, 0.01548511641544874, 0.015483371980934904, 0.015479463734251261, 0.015477670185625484, 0.01546034252854703, 0.015481811514645179, 0.015416709440571294, 0.015463888798584917, 0.01544611627481161, 0.015395030749400927, 0.015439741771642427, 0.015451518938279176, 0.015418266762999008, 0.01539766818709898, 0.01541749006810123, 0.01537068182531276, 0.015495003645530386, 0.015489922285150434, 0.01548672112165774, 0.015491743475154758, 0.015481487770883005, 0.015486463372087252, 0.015481811514645179, 0.01547692555952247, 0.01547981078614981, 0.015461375242843049, 0.015389649208965095, 0.01533702935300706, 0.015322191093312995, 0.015282777152729798, 0.015301765237220181, 0.015334790535739313, 0.015305454138966277, 0.015316303887524564, 0.01533702935300706, 0.015269613944039319, 0.015495036573044928, 0.015495036573044928, 0.015483067653892105, 0.015477670185625484, 0.015462895070943216, 0.015437753087803936, 0.01544297793820868, 0.0154062031370484, 0.015411134883583363, 0.01529928585833339, 0.015237800555690444, 0.015317489347148246, 0.015310316404307262, 0.0154062031370484, 0.015356460457247301, 0.015408686737519198, 0.015399406738572756, 0.015395030749400927, 0.015415136385222154, 0.01541826676299901], "best_epoch": 11, "best_val_acc": 0.596, "best_val_same_acc": 0.562, "best_test_acc": 0.593, "best_test_same_acc": 0.5885, "best_test_acc_ci": 0.015237800555690444, "has_same": true}