{"acc_im_lang": [0.0234375, 0.0703125, 0.09375, 0.15625, 0.1015625, 0.171875, 0.203125, 0.2109375, 0.171875, 0.15625, 0.203125, 0.234375, 0.2578125, 0.2421875, 0.2265625, 0.2734375, 0.2109375, 0.171875, 0.3046875, 0.2421875, 0.2890625, 0.2109375, 0.28125, 0.28125, 0.265625], "acc_lang_im": [0.0078125, 0.0625, 0.0703125, 0.1328125, 0.1015625, 0.1484375, 0.1484375, 0.203125, 0.1953125, 0.15625, 0.1796875, 0.2734375, 0.25, 0.203125, 0.1953125, 0.203125, 0.1328125, 0.1875, 0.2421875, 0.234375, 0.265625, 0.2109375, 0.234375, 0.25, 0.2421875], "pos_score": [0.09542097896337509, 0.7919589281082153, 1.481938123703003, 5.171690940856934, 9.639171600341797, 11.559714317321777, 13.317747116088867, 13.741583824157715, 13.674751281738281, 14.224597930908203, 15.152345657348633, 15.555962562561035, 15.310615539550781, 15.73680305480957, 15.464820861816406, 15.65933609008789, 15.788681983947754, 16.006725311279297, 16.099416732788086, 15.997525215148926, 16.363759994506836, 16.056184768676758, 16.238744735717773, 16.307174682617188, 16.36316680908203], "neg_score": [-1.1749658584594727, -1.536028265953064, -1.1710866689682007, 1.150957703590393, 4.80717658996582, 6.476823329925537, 7.963307857513428, 8.174861907958984, 8.469038009643555, 8.786422729492188, 9.154224395751953, 9.17320728302002, 8.996919631958008, 8.988771438598633, 9.097790718078613, 8.811283111572266, 9.815470695495605, 9.596721649169922, 9.197532653808594, 8.937254905700684, 8.879108428955078, 9.304739952087402, 9.045633316040039, 8.874734878540039, 8.975172996520996], "simple_val_auc": [0.5586609385750172, 0.5538088609417751, 0.5803972863565816, 0.5728011648186371, 0.580433286932591, 0.5749691995071922, 0.6043136690187042, 0.5944095105521687, 0.6193619097905567, 0.47453959263348217, 0.6183658938543016, 0.6071417142674282, 0.6388502216035457, 0.6226139618233891, 0.6481543704699275, 0.6264340229443671, 0.6468823501176018, 0.6292140674250788, 0.6397742363877823, 0.6408102529640474, 0.6271340341445462, 0.649906398502376, 0.6339901438423015, 0.6415782652522439, 0.6309320949135186]}