{"acc_im_lang": [0.15625, 0.3203125, 0.40625, 0.484375, 0.5234375, 0.6015625, 0.5859375, 0.703125, 0.671875, 0.796875, 0.7578125, 0.578125, 0.609375, 0.7109375, 0.6171875, 0.7109375, 0.65625, 0.7109375, 0.7109375, 0.6015625, 0.640625, 0.828125, 0.7109375, 0.765625, 0.8203125], "acc_lang_im": [0.0703125, 0.140625, 0.1875, 0.296875, 0.34375, 0.3828125, 0.4453125, 0.5859375, 0.4375, 0.6328125, 0.625, 0.5390625, 0.5703125, 0.5703125, 0.40625, 0.65625, 0.4765625, 0.65625, 0.5625, 0.5078125, 0.4765625, 0.7265625, 0.65625, 0.640625, 0.7421875], "pos_score": [1.0068014860153198, 1.7166881561279297, 2.057837724685669, 6.23511266708374, 11.701147079467773, 13.222244262695312, 14.609058380126953, 14.915903091430664, 15.956510543823242, 17.05961799621582, 17.689943313598633, 17.686264038085938, 17.94290542602539, 18.075193405151367, 18.26778793334961, 18.478845596313477, 18.80228042602539, 18.777528762817383, 19.7985782623291, 19.21712875366211, 20.015941619873047, 20.597402572631836, 20.5621280670166, 20.63095474243164, 21.22119903564453], "neg_score": [-1.117566466331482, -1.8720899820327759, -2.603022336959839, 0.009928395040333271, 4.119375705718994, 5.662337303161621, 6.377889156341553, 6.326789379119873, 8.40385627746582, 6.829996585845947, 7.613863468170166, 8.065507888793945, 8.526422500610352, 7.909598350524902, 7.775277137756348, 7.18194580078125, 8.651680946350098, 7.485407829284668, 8.90726089477539, 8.433051109313965, 8.995376586914062, 7.647233963012695, 8.601649284362793, 7.94683313369751, 8.515103340148926], "simple_val_acc": [0.5483808577663216, 0.5559249892502043, 0.5384810497528404, 0.6234345324155306, 0.6540583433318556, 0.6675960336503473, 0.6564140195295372, 0.658456603728967, 0.6769591040859525, 0.685263610807539, 0.6716364691338772, 0.6446505417635856, 0.6908993537205392, 0.6733212210509023, 0.6640028800710481, 0.6718153798364401, 0.6966692654376864, 0.689304050770837, 0.6755427153717073, 0.6890804092932976, 0.6893040502722951, 0.6831315776203468, 0.6870825512899896, 0.6873061962146667, 0.6853977976240687], "simple_val_auc": [0.5729585542863551, 0.5620484147455101, 0.5617400150595171, 0.6091294317435396, 0.6352272545218604, 0.6039827616591102, 0.59774267450616, 0.6392684919655874, 0.6204661240968294, 0.6421482240984315, 0.6377985869687114, 0.6159182300261139, 0.6674890658293149, 0.650190647078614, 0.6348828081193227, 0.6553212964001347, 0.6579126548006214, 0.648921001618097, 0.6478956727919385, 0.6503108028004294, 0.6419920216600714, 0.6516124897867636, 0.6439866066422083, 0.6479797817972092, 0.6443270478540187], "simple_val_acc_ci": [0.04285766577506221, 0.042787962196540616, 0.042930156572784615, 0.04172342924984927, 0.04095319687936001, 0.040556803492302944, 0.04089883070594335, 0.040843715114472705, 0.04025068161624924, 0.03999165758508857, 0.04043668358414924, 0.04121388913564086, 0.039788991331488034, 0.04037545972223853, 0.040673848733235145, 0.04043668358414924, 0.03957900541936018, 0.03985735519691312, 0.04031346077727199, 0.03985735519691312, 0.03985735519691312, 0.040057603807339484, 0.039924910614779964, 0.039924910614779964, 0.03999165758508857], "train_acc": [0.6744444444444444, 0.7165555555555555, 0.8008888888888889, 0.8525555555555555, 0.9148888888888889, 0.9494444444444444, 0.9842222222222222, 0.99, 0.9846666666666667, 0.9886666666666667, 0.9892222222222222, 0.9922222222222222, 0.9908888888888889, 0.9903333333333333, 0.992, 0.9928888888888889, 0.9927777777777778, 0.9932222222222222, 0.9944444444444445, 0.9956666666666667], "val_acc": [0.502, 0.506, 0.526, 0.54, 0.57, 0.56, 0.596, 0.56, 0.564, 0.548, 0.546, 0.528, 0.538, 0.562, 0.536, 0.54, 0.54, 0.538, 0.526, 0.53], "val_same_acc": [0.486, 0.486, 0.512, 0.526, 0.576, 0.576, 0.572, 0.544, 0.534, 0.546, 0.57, 0.548, 0.554, 0.552, 0.56, 0.554, 0.524, 0.548, 0.562, 0.534], "test_acc": [0.515, 0.5165, 0.5275, 0.5445, 0.5645, 0.5765, 0.5685, 0.5565, 0.545, 0.538, 0.537, 0.529, 0.529, 0.536, 0.535, 0.5345, 0.5245, 0.5255, 0.5355, 0.5255], "test_same_acc": [0.5105, 0.5035, 0.5125, 0.5225, 0.5405, 0.5655, 0.569, 0.545, 0.551, 0.5455, 0.5385, 0.532, 0.5385, 0.5375, 0.529, 0.5405, 0.5325, 0.5335, 0.536, 0.527], "test_acc_ci": [0.015490121851522019, 0.015492061192752886, 0.015482759443975095, 0.01546034252854703, 0.015409506724746252, 0.015338142768927405, 0.015347983886328524, 0.015415136385222154, 0.015423593563109734, 0.01544104798175953, 0.015450934275149838, 0.01546630492069777, 0.015459820321562604, 0.015453249489185115, 0.015463393883620766, 0.015451518938279177, 0.01546996816738806, 0.015468167696918726, 0.015455502216848214, 0.015473791531974316], "best_epoch": 7, "best_val_acc": 0.596, "best_val_same_acc": 0.572, "best_test_acc": 0.5685, "best_test_same_acc": 0.569, "best_test_acc_ci": 0.015347983886328524, "has_same": true}