{"part_acc": [0.6796875], "pos_score": [22.967809677124023], "neg_score": [13.313838005065918], "train_acc": [0.734, 0.7668888888888888, 0.7841111111111111, 0.788, 0.8178888888888889], "val_acc": [0.704, 0.696, 0.77, 0.728, 0.67], "val_same_acc": [0.71, 0.73, 0.752, 0.728, 0.672], "test_acc": [0.724, 0.725, 0.73, 0.732, 0.66925], "test_same_acc": [0.7195, 0.721, 0.7345, 0.733, 0.677], "test_acc_ci": [0.0098202390697732, 0.009806637252391871, 0.009702988301935646, 0.009700112821508832, 0.010278974562030736], "best_epoch": 3, "best_val_acc": 0.77, "best_val_same_acc": 0.752, "best_test_acc": 0.73, "best_test_same_acc": 0.7345, "best_test_acc_ci": 0.009702988301935646, "has_same": true}