{"acc_im_lang": [0.15625, 0.3046875, 0.4140625, 0.3984375, 0.5703125, 0.5234375, 0.5703125, 0.65625, 0.546875, 0.7734375, 0.7578125, 0.640625, 0.5078125, 0.65625, 0.53125, 0.7421875, 0.796875, 0.6484375, 0.765625, 0.609375, 0.6328125, 0.8125, 0.75, 0.7890625, 0.765625], "acc_lang_im": [0.03125, 0.140625, 0.203125, 0.2890625, 0.3359375, 0.40625, 0.4296875, 0.6015625, 0.3671875, 0.5859375, 0.59375, 0.4921875, 0.5078125, 0.4765625, 0.4296875, 0.609375, 0.6796875, 0.5234375, 0.5390625, 0.6015625, 0.53125, 0.6015625, 0.7421875, 0.6953125, 0.7421875], "pos_score": [0.7373721599578857, 1.5153682231903076, 2.8504397869110107, 4.193179130554199, 5.806061744689941, 6.470737457275391, 7.435108184814453, 7.639971733093262, 7.821535110473633, 10.704976081848145, 11.437433242797852, 11.580605506896973, 11.488729476928711, 11.35405158996582, 11.84878921508789, 12.061920166015625, 12.298712730407715, 12.196281433105469, 12.359094619750977, 12.238740921020508, 12.056194305419922, 12.502019882202148, 12.642915725708008, 12.729968070983887, 12.984087944030762], "neg_score": [-1.0566096305847168, -1.696616530418396, -1.4787453413009644, -0.8742803335189819, -0.31048932671546936, 0.5595783591270447, 1.0910528898239136, 1.0103671550750732, 2.1770894527435303, 3.0903053283691406, 3.65718936920166, 4.033316612243652, 4.464369773864746, 4.019958972930908, 4.389825344085693, 4.050679683685303, 4.500422477722168, 4.2161431312561035, 4.538940906524658, 4.323535442352295, 4.417392730712891, 4.020613670349121, 4.397067070007324, 4.290042877197266, 4.389758586883545], "simple_val_acc": [0.5365726524716925, 0.5196207142430571, 0.6099863021064884, 0.6543714385204202, 0.6561009235549469, 0.6601413550221482, 0.6866352735838199, 0.6617813843532594, 0.6037243692153702, 0.6694597018849752, 0.6871720078865151, 0.6796278798142235, 0.6774511114793709, 0.688767307990707, 0.6949397842719696, 0.7162005212273491, 0.6794936910968359, 0.6873956498865905, 0.700530783271058, 0.6753190764508615, 0.6967587253818188, 0.6989354898802979, 0.6697727949696216, 0.6890804109719888, 0.6829526627081702], "simple_val_auc": [0.553437254682068, 0.528212563482273, 0.5889112289527227, 0.6320030759864784, 0.6079098511671126, 0.6358040019865746, 0.6439145132091191, 0.6198673480831157, 0.5771399734055336, 0.6254425735753536, 0.6372258446947243, 0.6378466492574375, 0.645981191624345, 0.6484844358288342, 0.6413812300741761, 0.6536791682019897, 0.6558860282926674, 0.6380629295567055, 0.6535349813358112, 0.6473749979974045, 0.6645172143097454, 0.6636560983034012, 0.6498141591502586, 0.6509516333167785, 0.6461494096348868], "simple_val_acc_ci": [0.04294270932518894, 0.04302662104873413, 0.04200303147949245, 0.04095319431285983, 0.04089883070594335, 0.04078785010494806, 0.039924910614779964, 0.04073122797786887, 0.042112449081875135, 0.04049712723000373, 0.039924910614779964, 0.040187111973169536, 0.04025067904974906, 0.03985735776341331, 0.03964982029246184, 0.038824608355011725, 0.040187111973169536, 0.039924910614779964, 0.03943488616797751, 0.04031346077727199, 0.03957900541936018, 0.0395073615666988, 0.04049712723000373, 0.03985735519691312, 0.040057603807339484], "train_acc": [0.6633333333333333, 0.697, 0.7618888888888888, 0.8172222222222222, 0.9018888888888889, 0.9215555555555556, 0.9541111111111111, 0.9792222222222222, 0.9927777777777778, 0.9956666666666667, 0.9956666666666667, 0.9975555555555555, 0.9964444444444445, 0.9965555555555555, 0.9971111111111111, 0.9962222222222222, 0.9967777777777778, 0.9966666666666667, 0.9957777777777778, 0.997], "val_acc": [0.5, 0.496, 0.51, 0.506, 0.556, 0.576, 0.606, 0.634, 0.582, 0.56, 0.56, 0.528, 0.554, 0.556, 0.534, 0.552, 0.55, 0.54, 0.544, 0.544], "val_same_acc": [0.49, 0.492, 0.486, 0.516, 0.558, 0.56, 0.608, 0.614, 0.578, 0.546, 0.554, 0.56, 0.568, 0.558, 0.548, 0.542, 0.544, 0.53, 0.544, 0.538], "test_acc": [0.5135, 0.5185, 0.5165, 0.5345, 0.558, 0.557, 0.5825, 0.594, 0.5835, 0.5455, 0.544, 0.5355, 0.5365, 0.5295, 0.53, 0.538, 0.52, 0.523, 0.5255, 0.5125], "test_same_acc": [0.5025, 0.5055, 0.5105, 0.5185, 0.5405, 0.5545, 0.581, 0.5945, 0.574, 0.5395, 0.553, 0.5455, 0.5505, 0.5355, 0.54, 0.547, 0.5395, 0.535, 0.542, 0.537], "test_acc_ci": [0.015493177027323998, 0.015490697285790594, 0.015489511519089295, 0.015473382277317394, 0.015419808357272146, 0.015398539436420588, 0.015286647335992285, 0.015217381731920903, 0.015301765237220181, 0.01543908279335272, 0.015422091268696345, 0.015444245009064059, 0.015436407713584144, 0.015462392360175058, 0.015457150772377165, 0.01543908279335272, 0.01546770784489415, 0.015469075718994979, 0.015459820321562604, 0.015476165383421054], "best_epoch": 8, "best_val_acc": 0.634, "best_val_same_acc": 0.614, "best_test_acc": 0.594, "best_test_same_acc": 0.5945, "best_test_acc_ci": 0.015217381731920903, "has_same": true}