{"acc_im_lang": [0.12109375, 0.30078125, 0.4296875, 0.453125, 0.43359375, 0.5234375, 0.5, 0.4453125, 0.48828125, 0.48828125, 0.515625, 0.453125, 0.53515625, 0.51171875, 0.609375, 0.63671875, 0.6640625, 0.515625, 0.64453125, 0.73046875, 0.59765625, 0.6015625, 0.61328125, 0.58203125, 0.69140625], "acc_lang_im": [0.04296875, 0.1015625, 0.265625, 0.25, 0.296875, 0.3046875, 0.3046875, 0.390625, 0.37890625, 0.33984375, 0.38671875, 0.3515625, 0.40234375, 0.45703125, 0.5390625, 0.46875, 0.515625, 0.44921875, 0.546875, 0.6015625, 0.54296875, 0.484375, 0.54296875, 0.5546875, 0.52734375], "pos_score": [2.3014371395111084, 7.649075508117676, 10.163522720336914, 11.01095199584961, 11.657279968261719, 12.06692123413086, 12.151254653930664, 11.64199161529541, 12.009769439697266, 12.463705062866211, 12.092364311218262, 12.458962440490723, 12.736080169677734, 12.366325378417969, 12.702710151672363, 12.697732925415039, 12.439336776733398, 12.261765480041504, 12.4144287109375, 12.957780838012695, 12.635068893432617, 12.601716995239258, 12.622488021850586, 12.68751335144043, 12.859658241271973], "neg_score": [-0.0405292846262455, 2.918766975402832, 4.210663318634033, 4.436954021453857, 4.870996475219727, 4.873340606689453, 5.154022216796875, 5.026041030883789, 5.206011772155762, 5.458215236663818, 4.821809768676758, 5.2757368087768555, 4.834713459014893, 4.853643417358398, 4.83657693862915, 4.615133285522461, 4.745363712310791, 4.766961097717285, 4.606439590454102, 4.4659647941589355, 4.653164863586426, 4.507566452026367, 4.6614837646484375, 4.429497718811035, 4.629218578338623], "simple_val_acc": [0.4940161406417047, 0.590306460927571, 0.6507580779165991, 0.6726451727680622, 0.6545322725445993, 0.6567419437266165, 0.6586613079078736, 0.6426935537303649, 0.439677423299801, 0.6346290475629991, 0.6747258221218663, 0.6707096907063839, 0.6567096955853124, 0.6586451827047333, 0.6727419451513598, 0.6486935558049909, 0.6505645318040925, 0.6485484088736195, 0.6767580701266566, 0.6446290453105203, 0.6847419394302752, 0.6648064607045343, 0.6467258186532605, 0.6547580757717932, 0.662741946373255], "simple_val_auc": [0.5267724283588537, 0.5713851421622745, 0.6135018160290565, 0.6293180690891055, 0.6318741099857597, 0.6444663114609833, 0.6503924062785005, 0.6452183234931759, 0.46167138674218794, 0.6434702955247282, 0.6692707083313333, 0.6709747355957695, 0.643218291492664, 0.6596985551768827, 0.6722827565241043, 0.6772868365893855, 0.6711467383478137, 0.6764348229571673, 0.6741267860285765, 0.6597745563929024, 0.6822189155026481, 0.6600865613849821, 0.6548784780556489, 0.6655546488743821, 0.6655726491623866], "simple_val_acc_ci": [0.04391166191455677, 0.0431917498154572, 0.04187542063729376, 0.041212431942194115, 0.041762366940592585, 0.041704603309771306, 0.04164601515730291, 0.0420917594123245, 0.0435949513710163, 0.0422952199444859, 0.04114709841739355, 0.04127691215252814, 0.041704605927300346, 0.04164601515730291, 0.041212431942194115, 0.041930721173289824, 0.04187542063729376, 0.041930721173289824, 0.041080898490481244, 0.042038890560805196, 0.040807413821482307, 0.04146524860190518, 0.04198521027528396, 0.041762366940592585, 0.04152633911213437], "train_acc": [0.6417777777777778, 0.7656666666666667, 0.8687777777777778, 0.9523333333333334, 0.9904444444444445, 0.9932222222222222, 0.9957777777777778, 0.9962222222222222, 0.9974444444444445, 0.9971111111111111, 0.9973333333333333, 0.9968888888888889, 0.9974444444444445, 0.9973333333333333, 0.9977777777777778, 0.9982222222222222, 0.9987777777777778, 0.9973333333333333, 0.9983333333333333, 0.9986666666666667], "val_acc": [0.508, 0.518, 0.568, 0.568, 0.566, 0.59, 0.566, 0.558, 0.558, 0.548, 0.536, 0.57, 0.542, 0.546, 0.542, 0.526, 0.528, 0.526, 0.516, 0.514], "val_same_acc": [0.496, 0.51, 0.546, 0.544, 0.558, 0.562, 0.546, 0.56, 0.552, 0.53, 0.538, 0.552, 0.53, 0.518, 0.504, 0.5, 0.508, 0.512, 0.512, 0.512], "test_acc": [0.5135, 0.52, 0.55, 0.5795, 0.576, 0.565, 0.564, 0.5515, 0.537, 0.5385, 0.53, 0.532, 0.5225, 0.525, 0.5225, 0.5205, 0.517, 0.5115, 0.514, 0.512], "test_same_acc": [0.4995, 0.5165, 0.546, 0.564, 0.5735, 0.5625, 0.5515, 0.5525, 0.5455, 0.5385, 0.5365, 0.5385, 0.5375, 0.5375, 0.5285, 0.533, 0.524, 0.525, 0.5285, 0.5235], "test_acc_ci": [0.01549385113843553, 0.015484835380946095, 0.015423593563109734, 0.015334790535739313, 0.015321021668772613, 0.015368697875064109, 0.015391458864415682, 0.015411134883583363, 0.015442338533233882, 0.01544915684107065, 0.015460860835509774, 0.015456605156857695, 0.015467244098416495, 0.015464866936866932, 0.015474995957996243, 0.01547296913249038, 0.015482131374587937, 0.015484835380946095, 0.015481160143057757, 0.015485393568618137], "best_epoch": 6, "best_val_acc": 0.59, "best_val_same_acc": 0.562, "best_test_acc": 0.565, "best_test_same_acc": 0.5625, "best_test_acc_ci": 0.015368697875064109, "has_same": true}