{"acc_im_lang": [0.140625, 0.3984375, 0.359375, 0.4140625, 0.515625, 0.6484375, 0.5859375, 0.6953125, 0.5703125, 0.65625, 0.578125, 0.65625, 0.46875, 0.578125, 0.6875, 0.6953125, 0.765625, 0.7109375, 0.640625, 0.671875, 0.671875, 0.640625, 0.6875, 0.4609375, 0.671875], "acc_lang_im": [0.109375, 0.25, 0.25, 0.2421875, 0.4375, 0.3515625, 0.34375, 0.359375, 0.4375, 0.5859375, 0.3984375, 0.359375, 0.4375, 0.390625, 0.625, 0.5703125, 0.671875, 0.5859375, 0.5234375, 0.4609375, 0.5859375, 0.6015625, 0.53125, 0.375, 0.609375], "pos_score": [1.4639631509780884, 2.479694366455078, 2.986392021179199, 3.2509541511535645, 7.656306266784668, 8.897377014160156, 9.430030822753906, 9.857789993286133, 10.027975082397461, 10.428482055664062, 10.818778038024902, 10.526116371154785, 10.818344116210938, 10.432331085205078, 10.858823776245117, 10.595635414123535, 11.058770179748535, 10.487457275390625, 10.394655227661133, 11.09439468383789, 10.764822006225586, 10.599166870117188, 10.682382583618164, 10.38177490234375, 10.583778381347656], "neg_score": [-1.0439976453781128, -1.7689621448516846, -1.3359755277633667, -1.923370599746704, 1.4869933128356934, 1.769827961921692, 2.2970449924468994, 2.2744357585906982, 2.3825950622558594, 2.563993215560913, 2.8563926219940186, 1.8514254093170166, 2.8289520740509033, 2.1042425632476807, 2.158825159072876, 2.5248520374298096, 1.8070440292358398, 1.7058656215667725, 1.8326671123504639, 2.5794506072998047, 1.472261667251587, 1.3415707349777222, 1.7961740493774414, 2.0462892055511475, 1.7243139743804932], "simple_val_acc": [0.5080483980654709, 0.5441935602392881, 0.5201451775123996, 0.5302096929189659, 0.5100967869335605, 0.6004032371765182, 0.5623387276818675, 0.5682580829599211, 0.5823387250054267, 0.6123709806199036, 0.630564537838582, 0.5804516284129312, 0.6005000175747179, 0.5804032390338759, 0.5823225941090815, 0.6064032478842043, 0.5763064666299089, 0.5802742132371472, 0.5763225984097489, 0.5763548555220327, 0.5701935672589367, 0.5883225954184609, 0.5704032398731478, 0.5722096927877396, 0.6043064652551566], "simple_val_acc_ci": [0.043909183114557326, 0.04374310613212356, 0.04387941919186072, 0.04383509657265206, 0.04390599496418845, 0.04302037495424955, 0.04357318399953227, 0.0435035315518182, 0.04331543853264175, 0.04278983608418503, 0.04239218630771655, 0.04334451404520123, 0.04302037495424955, 0.04334451404520123, 0.04331543853264175, 0.04290852532090607, 0.043400450640753645, 0.04334451404520123, 0.043400448023224604, 0.043400448023224604, 0.04347885610557241, 0.04322378575335921, 0.04347885610557241, 0.043453452986253915, 0.04294656063536429], "train_acc": [0.9234444444444444, 0.9374444444444444, 0.9493333333333334, 0.9614444444444444, 0.9472222222222222, 0.9715555555555555, 0.9621111111111111, 0.9676666666666667, 0.9607777777777777, 0.971, 0.9736666666666667, 0.9728888888888889, 0.9861111111111112, 0.9604444444444444, 0.9822222222222222, 0.9824444444444445, 0.9868888888888889, 0.9881111111111112, 0.988, 0.9878888888888889], "val_acc": [0.542, 0.542, 0.544, 0.544, 0.55, 0.528, 0.57, 0.534, 0.568, 0.516, 0.542, 0.54, 0.516, 0.56, 0.534, 0.532, 0.518, 0.528, 0.532, 0.528], "val_same_acc": [0.522, 0.542, 0.534, 0.544, 0.544, 0.516, 0.546, 0.544, 0.552, 0.538, 0.544, 0.53, 0.514, 0.55, 0.546, 0.536, 0.518, 0.528, 0.53, 0.524], "test_acc": [0.522, 0.525, 0.5305, 0.529, 0.5325, 0.511, 0.532, 0.5165, 0.5285, 0.5235, 0.5295, 0.523, 0.516, 0.552, 0.519, 0.5315, 0.5225, 0.517, 0.515, 0.5135], "test_same_acc": [0.544, 0.5475, 0.559, 0.541, 0.546, 0.5315, 0.5575, 0.5275, 0.56, 0.5435, 0.5465, 0.5365, 0.533, 0.545, 0.5355, 0.5175, 0.5325, 0.5205, 0.528, 0.5265], "test_acc_ci": [0.015461375242843049, 0.015454383662087593, 0.015432975700589954, 0.015457150772377165, 0.01544734423048182, 0.015481160143057756, 0.015432975700589954, 0.01548015395272282, 0.015434360264520199, 0.01546034252854703, 0.015450345704870166, 0.01546770784489415, 0.015476547415363674, 0.015422091268696345, 0.015472131171076596, 0.015476547415363674, 0.015471706353857676, 0.015484261667092816, 0.015480828630922828, 0.015482759443975095], "best_epoch": 9, "best_val_acc": 0.568, "best_val_same_acc": 0.552, "best_test_acc": 0.5285, "best_test_same_acc": 0.56, "best_test_acc_ci": 0.015434360264520199, "has_same": true}