{"acc_im_lang": [0.0234375, 0.09375, 0.11328125, 0.12109375, 0.125, 0.140625, 0.15625, 0.16015625, 0.1328125, 0.13671875, 0.1640625, 0.17578125, 0.15234375, 0.171875, 0.140625, 0.171875, 0.140625, 0.203125, 0.13671875, 0.171875, 0.21484375, 0.1875, 0.21875, 0.1796875, 0.16796875], "acc_lang_im": [0.02734375, 0.0625, 0.06640625, 0.08984375, 0.09765625, 0.1015625, 0.1640625, 0.1171875, 0.09375, 0.11328125, 0.12109375, 0.12109375, 0.1328125, 0.11328125, 0.10546875, 0.11328125, 0.1171875, 0.14453125, 0.08984375, 0.1015625, 0.15625, 0.12109375, 0.14453125, 0.1640625, 0.08984375], "pos_score": [0.5936340689659119, 1.5787770748138428, 2.445838212966919, 7.699109077453613, 9.808507919311523, 10.592182159423828, 11.426822662353516, 11.751254081726074, 12.567732810974121, 12.568193435668945, 12.973784446716309, 13.326276779174805, 14.09844970703125, 13.79045295715332, 13.936468124389648, 14.134230613708496, 14.01656723022461, 14.676321983337402, 14.782087326049805, 14.988138198852539, 15.037113189697266, 15.133819580078125, 15.23747444152832, 15.177061080932617, 15.073493957519531], "neg_score": [-1.53000807762146, -1.9724828004837036, -1.9642857313156128, 2.5950815677642822, 4.307497024536133, 5.169650554656982, 5.808223247528076, 5.716908931732178, 6.212987899780273, 6.87849235534668, 6.609735012054443, 6.774744987487793, 6.854499816894531, 6.912442684173584, 6.903910160064697, 7.04971981048584, 6.8611907958984375, 6.862464904785156, 7.239560127258301, 6.782892227172852, 6.993736743927002, 6.984968185424805, 6.9110870361328125, 6.957696437835693, 7.302857398986816], "simple_val_auc": [0.5680690891054258, 0.569781116497864, 0.5966495463927423, 0.5676650826413223, 0.5884454151266421, 0.5943855101681627, 0.6362541800668811, 0.5992815885054161, 0.6000856013696219, 0.6128698059168947, 0.6220219523512377, 0.6265940255044081, 0.6139658234531753, 0.629754076065217, 0.6286300580809293, 0.6350501608025729, 0.6302780844493512, 0.6288980623689979, 0.6263420214723436, 0.6347421558744939, 0.6295780732491719, 0.6355901694427111, 0.6343941503064049, 0.6303220851533625, 0.6353301652826445]}