{"acc_im_lang": [0.0390625, 0.0625, 0.15625, 0.1171875, 0.1640625, 0.171875, 0.1640625, 0.21875, 0.1875, 0.2109375, 0.296875, 0.203125, 0.296875, 0.1953125, 0.2890625, 0.2890625, 0.234375, 0.21875, 0.2734375, 0.25, 0.2578125, 0.21875, 0.234375, 0.2578125, 0.2421875], "acc_lang_im": [0.03125, 0.0390625, 0.1015625, 0.0703125, 0.1796875, 0.15625, 0.109375, 0.140625, 0.1875, 0.2109375, 0.234375, 0.2265625, 0.2734375, 0.109375, 0.2109375, 0.21875, 0.1484375, 0.1875, 0.234375, 0.234375, 0.203125, 0.171875, 0.1796875, 0.1953125, 0.1796875], "pos_score": [2.6129612922668457, 4.208002090454102, 4.903715133666992, 5.517729759216309, 6.2917656898498535, 6.320043563842773, 7.063285827636719, 9.832096099853516, 9.863844871520996, 10.526870727539062, 11.245019912719727, 11.535669326782227, 11.648279190063477, 11.832239151000977, 12.154645919799805, 12.234265327453613, 11.69701862335205, 12.045967102050781, 12.673257827758789, 12.410089492797852, 12.379138946533203, 12.404489517211914, 12.638655662536621, 12.61833381652832, 12.644006729125977], "neg_score": [1.075494408607483, 1.7739182710647583, 1.779054045677185, 1.6466830968856812, 1.9545549154281616, 2.0860652923583984, 2.2391269207000732, 4.317349433898926, 4.010545253753662, 4.6388468742370605, 4.630282878875732, 5.193264961242676, 4.84268045425415, 5.435490131378174, 5.410118579864502, 5.459990501403809, 4.955679893493652, 5.110316753387451, 5.252514362335205, 5.192598342895508, 4.763643264770508, 5.295096397399902, 5.284450531005859, 4.880163669586182, 4.984825611114502], "simple_val_auc": [0.5560848973583578, 0.5914054624873998, 0.5975895614329829, 0.5956255300084801, 0.6084457351317621, 0.5889974239587834, 0.6505944095105521, 0.6091617465879454, 0.6015056240899854, 0.6211339381430101, 0.6206159298548777, 0.6416422662762604, 0.6174338789420631, 0.6467063473015568, 0.639586233379734, 0.6317861085777372, 0.6337821405142482, 0.6287420598729581, 0.6419222707563321, 0.6408622537960609, 0.6464503432054912, 0.6514344229507671, 0.6417702683242932, 0.6408282532520521, 0.6387062192995088]}