{"acc_im_lang": [0.15625, 0.3125, 0.4609375, 0.4609375, 0.53125, 0.640625, 0.6015625, 0.625, 0.640625, 0.6875, 0.6171875, 0.6328125, 0.5625, 0.59375, 0.6796875, 0.5390625, 0.6484375, 0.6015625, 0.625, 0.6953125, 0.59375, 0.7421875, 0.625, 0.4765625, 0.6328125], "acc_lang_im": [0.0625, 0.140625, 0.3359375, 0.265625, 0.3671875, 0.375, 0.2734375, 0.34375, 0.46875, 0.59375, 0.40625, 0.40625, 0.4609375, 0.40625, 0.6328125, 0.5078125, 0.5625, 0.515625, 0.421875, 0.4921875, 0.578125, 0.609375, 0.515625, 0.3984375, 0.6171875], "pos_score": [1.4186854362487793, 4.272090911865234, 8.048307418823242, 9.55743408203125, 10.355558395385742, 11.168338775634766, 10.682000160217285, 10.98129940032959, 11.15931510925293, 11.60946273803711, 11.983869552612305, 12.286499977111816, 11.926546096801758, 12.363605499267578, 12.307290077209473, 12.440826416015625, 12.750541687011719, 12.599149703979492, 12.272846221923828, 13.07005500793457, 12.9939546585083, 13.214224815368652, 13.158830642700195, 12.806367874145508, 13.039957046508789], "neg_score": [-0.2446773797273636, 0.2328149974346161, 2.9530742168426514, 3.791750907897949, 3.7906923294067383, 3.773334503173828, 3.8872735500335693, 3.7420170307159424, 3.842015266418457, 4.011914253234863, 4.539372444152832, 3.50541615486145, 4.6008782386779785, 4.324974060058594, 3.937570810317993, 4.776419162750244, 3.9224956035614014, 4.271202087402344, 4.290761470794678, 4.842592239379883, 4.200596809387207, 3.9938578605651855, 4.555063247680664, 4.779511451721191, 4.733811855316162], "simple_val_acc": [0.504112918732147, 0.5060806580772323, 0.6065806608512516, 0.6325484023026882, 0.6004838839543443, 0.6246774324423844, 0.616548401998416, 0.6667580783343123, 0.6366290458354258, 0.6326290483590096, 0.6246129222012335, 0.6165967866393827, 0.7029838842365049, 0.6528387243363165, 0.6447419513473588, 0.6707580766490391, 0.6628225999138048, 0.6586935634632265, 0.6607742128881715, 0.7049838887568443, 0.6829032391886558, 0.6889354997844466, 0.6767903389815362, 0.680741953435444, 0.6748064691943507], "simple_val_acc_ci": [0.04391343136418678, 0.043911659297027734, 0.04290852532090607, 0.04234409444669248, 0.04302037495424955, 0.0425317293982872, 0.04270688658895546, 0.041403317864854634, 0.04224555233098066, 0.04234409444669248, 0.0425317293982872, 0.0427068892064845, 0.04013996223937205, 0.04181930604976673, 0.042038890560805196, 0.04127691477005718, 0.04152633911213437, 0.04164601515730291, 0.04158659724812931, 0.04006122958342347, 0.04087709767954484, 0.04066539454844126, 0.041080898490481244, 0.04094590204785044, 0.04114709841739355], "train_acc": [0.7377777777777778, 0.7341111111111112, 0.7522222222222222, 0.7478888888888889, 0.7536666666666667, 0.7613333333333333, 0.7464444444444445, 0.7493333333333333, 0.7473333333333333, 0.7592222222222222, 0.7592222222222222, 0.7573333333333333, 0.7665555555555555, 0.7678888888888888, 0.7624444444444445, 0.7625555555555555, 0.7673333333333333, 0.7707777777777778, 0.7812222222222223, 0.7618888888888888], "val_acc": [0.52, 0.53, 0.52, 0.532, 0.538, 0.554, 0.558, 0.554, 0.538, 0.546, 0.54, 0.56, 0.554, 0.56, 0.558, 0.542, 0.564, 0.58, 0.546, 0.584], "val_same_acc": [0.5, 0.542, 0.512, 0.534, 0.526, 0.532, 0.532, 0.552, 0.522, 0.524, 0.526, 0.536, 0.526, 0.524, 0.526, 0.532, 0.538, 0.514, 0.514, 0.526], "test_acc": [0.5195, 0.5375, 0.5355, 0.529, 0.532, 0.54, 0.536, 0.5225, 0.53, 0.5415, 0.537, 0.528, 0.5375, 0.537, 0.541, 0.5475, 0.528, 0.5345, 0.545, 0.5515], "test_same_acc": [0.5295, 0.516, 0.5175, 0.5275, 0.5245, 0.5345, 0.5285, 0.5225, 0.5165, 0.5275, 0.522, 0.527, 0.5315, 0.522, 0.5245, 0.5285, 0.5305, 0.5255, 0.5275, 0.518], "test_acc_ci": [0.015476547415363674, 0.01547296913249038, 0.015473382277317394, 0.015470408552297508, 0.01547040855229751, 0.015452099694701687, 0.015462895070943216, 0.015479463734251261, 0.015478399263974292, 0.015458230296511952, 0.015468167696918726, 0.015471706353857676, 0.015458230296511952, 0.015468167696918726, 0.015461885750936075, 0.015450345704870166, 0.01546862365483756, 0.015467244098416495, 0.015454383662087593, 0.015457692485458495], "best_epoch": 20, "best_val_acc": 0.584, "best_val_same_acc": 0.526, "best_test_acc": 0.5515, "best_test_same_acc": 0.518, "best_test_acc_ci": 0.015457692485458495, "has_same": true}