{"acc_im_lang": [0.0625, 0.265625, 0.3203125, 0.390625, 0.5078125, 0.5859375, 0.5703125, 0.578125, 0.5546875, 0.53125, 0.5703125, 0.625, 0.4296875, 0.46875, 0.6171875, 0.546875, 0.6875, 0.6796875, 0.6015625, 0.6484375, 0.6875, 0.6796875, 0.6484375, 0.5625, 0.6015625], "acc_lang_im": [0.03125, 0.1796875, 0.1171875, 0.265625, 0.3125, 0.421875, 0.296875, 0.328125, 0.3671875, 0.4375, 0.3984375, 0.4765625, 0.3359375, 0.3203125, 0.4453125, 0.453125, 0.59375, 0.5234375, 0.4921875, 0.40625, 0.4140625, 0.578125, 0.5625, 0.4453125, 0.5], "pos_score": [0.24978932738304138, 3.614710807800293, 4.166312217712402, 5.338593482971191, 6.315380573272705, 7.075895309448242, 8.816536903381348, 9.953136444091797, 10.165743827819824, 10.210660934448242, 10.271978378295898, 10.620633125305176, 10.440552711486816, 10.103464126586914, 10.513200759887695, 10.362899780273438, 10.652320861816406, 11.13255786895752, 10.551936149597168, 11.21643352508545, 11.132526397705078, 11.227043151855469, 10.769401550292969, 10.872354507446289, 11.02375602722168], "neg_score": [-0.5665479302406311, 0.5886369943618774, 0.3315921127796173, 0.7689995169639587, 0.9299067854881287, 1.2312082052230835, 2.870159864425659, 3.681654930114746, 4.107125759124756, 3.993821144104004, 4.169745445251465, 3.605940341949463, 4.275064945220947, 3.556042432785034, 3.7271344661712646, 4.129377841949463, 3.244746446609497, 3.9297616481781006, 3.6824655532836914, 4.155807018280029, 3.666933059692383, 3.48492431640625, 3.435678482055664, 3.9900219440460205, 4.057002067565918], "simple_val_acc": [0.4798871087585726, 0.5603387267320387, 0.5944677552383754, 0.618451629782396, 0.6345806608305824, 0.7048387288162785, 0.6405484025305317, 0.6425645306119996, 0.6466129204448192, 0.6286129179452696, 0.7007742089792606, 0.6465967932064687, 0.6386613037345871, 0.6726290497356846, 0.6627742066066111, 0.6707419470827426, 0.6667419537969174, 0.670548406716316, 0.6907580830637485, 0.6767096910539173, 0.6626290466737363, 0.6867258265576055, 0.6847419552283902, 0.6847258226092785, 0.6626129183115498], "simple_val_auc": [0.5212163394614314, 0.5854573673178771, 0.600757612121794, 0.6172098753580058, 0.6458103329653274, 0.6335941375062002, 0.6396702347237555, 0.6494983919742716, 0.6549344789516631, 0.6454823277172435, 0.6697387158194531, 0.6697507160114562, 0.6576825229203668, 0.6390542248675978, 0.64589833437335, 0.6639466231459703, 0.6465703451255219, 0.6585905374485992, 0.6729547672762765, 0.663886622185955, 0.6620585929374869, 0.6703107249715995, 0.6583065329045265, 0.6681626906030497, 0.6490783852541641], "simple_val_acc_ci": [0.04387941919186072, 0.0435949513710163, 0.04312544518738335, 0.04266426012856374, 0.0422952199444859, 0.040061232200952514, 0.04214382206489996, 0.04209175679479547, 0.04198521027528396, 0.042439485057441974, 0.04021776305498292, 0.04198521027528396, 0.04219508637111868, 0.04121242932466508, 0.04152633911213437, 0.04127691215252814, 0.041403320482383675, 0.04127691477005718, 0.04059304604581755, 0.041080898490481244, 0.04152633911213437, 0.04073684785613381, 0.040807413821482307, 0.040807413821482307, 0.04152633911213437], "train_acc": [0.37166666666666665, 0.5373333333333333, 0.5962222222222222, 0.6306666666666667, 0.6594444444444445, 0.7055555555555556, 0.7204444444444444, 0.7351111111111112, 0.735, 0.7532222222222222, 0.77, 0.7835555555555556, 0.7935555555555556, 0.7922222222222223, 0.7931111111111111, 0.8002222222222222, 0.8161111111111111, 0.8177777777777778, 0.8365555555555556, 0.8253333333333334], "val_acc": [0.492, 0.504, 0.518, 0.528, 0.544, 0.556, 0.566, 0.544, 0.552, 0.564, 0.56, 0.58, 0.582, 0.55, 0.57, 0.552, 0.54, 0.548, 0.55, 0.566], "val_same_acc": [0.504, 0.524, 0.526, 0.538, 0.546, 0.542, 0.558, 0.56, 0.564, 0.572, 0.566, 0.576, 0.592, 0.564, 0.594, 0.584, 0.582, 0.572, 0.568, 0.562], "test_acc": [0.4925, 0.5045, 0.515, 0.524, 0.5315, 0.5295, 0.52, 0.5255, 0.5215, 0.526, 0.533, 0.5285, 0.521, 0.542, 0.542, 0.544, 0.5365, 0.537, 0.527, 0.527], "test_same_acc": [0.498, 0.5015, 0.516, 0.521, 0.5255, 0.519, 0.5435, 0.535, 0.546, 0.5285, 0.542, 0.5445, 0.538, 0.537, 0.5345, 0.534, 0.5315, 0.5405, 0.53, 0.5345], "test_acc_ci": [0.01549446129992908, 0.01549488161942517, 0.01548771332056479, 0.015479463734251261, 0.01546996816738806, 0.01547692555952247, 0.015463888798584917, 0.015466776457135468, 0.015459820321562604, 0.015472131171076596, 0.015451518938279176, 0.015453818528117898, 0.015468167696918726, 0.015446732207816644, 0.015449753226993629, 0.015447952343271905, 0.015459294214161267, 0.015448556546648623, 0.01546996816738806, 0.015465829488747118], "best_epoch": 13, "best_val_acc": 0.582, "best_val_same_acc": 0.592, "best_test_acc": 0.521, "best_test_same_acc": 0.538, "best_test_acc_ci": 0.015468167696918726, "has_same": true}