{"part_acc": [0.65625], "pos_score": [14.923847198486328], "neg_score": [5.73432731628418], "train_acc": [0.6378888888888888, 0.6773333333333333, 0.6985555555555556, 0.6967777777777778, 0.7036666666666667, 0.7167777777777777, 0.7155555555555555, 0.7232222222222222, 0.7241111111111111, 0.729, 0.7308888888888889, 0.7294444444444445], "val_acc": [0.63, 0.634, 0.656, 0.652, 0.662, 0.66, 0.674, 0.698, 0.678, 0.662, 0.682, 0.684], "val_same_acc": [0.612, 0.644, 0.644, 0.662, 0.656, 0.688, 0.67, 0.682, 0.652, 0.674, 0.676, 0.7], "test_acc": [0.627, 0.6465, 0.66925, 0.65, 0.656, 0.66725, 0.66675, 0.67125, 0.67175, 0.671, 0.665, 0.672], "test_same_acc": [0.61975, 0.6525, 0.658, 0.66075, 0.66675, 0.66825, 0.67575, 0.67425, 0.683, 0.6725, 0.6775, 0.68125], "test_acc_ci": [0.010617941807237173, 0.010455496638132498, 0.010353431212495448, 0.010414283663405513, 0.010370375312488696, 0.010321683098579415, 0.010294046079530631, 0.010282003768113489, 0.01024412027076386, 0.010290045208234025, 0.010294046079530633, 0.010250341127097917], "best_epoch": 12, "best_val_acc": 0.684, "best_val_same_acc": 0.7, "best_test_acc": 0.672, "best_test_same_acc": 0.68125, "best_test_acc_ci": 0.010250341127097917, "has_same": true}