{"acc_im_lang": [0.140625, 0.3359375, 0.359375, 0.421875, 0.4609375, 0.546875, 0.4609375, 0.59375, 0.625, 0.59375, 0.5390625, 0.6640625, 0.421875, 0.5546875, 0.6875, 0.5234375, 0.6953125, 0.6328125, 0.6328125, 0.59375, 0.6484375, 0.6875, 0.671875, 0.5234375, 0.5859375], "acc_lang_im": [0.046875, 0.1484375, 0.1640625, 0.234375, 0.2265625, 0.3515625, 0.2890625, 0.3125, 0.4140625, 0.4453125, 0.375, 0.453125, 0.328125, 0.4140625, 0.5859375, 0.5, 0.59375, 0.515625, 0.4921875, 0.3828125, 0.515625, 0.6875, 0.546875, 0.3671875, 0.5], "pos_score": [6.909792423248291, 8.744315147399902, 11.569646835327148, 12.689806938171387, 13.375574111938477, 13.605670928955078, 13.77507209777832, 13.863924980163574, 14.590901374816895, 14.111274719238281, 14.287013053894043, 14.767189025878906, 14.646970748901367, 14.42394733428955, 14.664958953857422, 14.253171920776367, 14.570472717285156, 14.670778274536133, 14.443961143493652, 14.824488639831543, 14.838934898376465, 14.881628036499023, 14.756902694702148, 14.522985458374023, 14.576465606689453], "neg_score": [4.966337203979492, 5.268558025360107, 7.109678268432617, 7.4757256507873535, 7.83485221862793, 7.890037536621094, 8.202425956726074, 7.5882649421691895, 7.809165954589844, 7.323298931121826, 7.893440246582031, 7.256781101226807, 8.343029975891113, 7.400145053863525, 7.207993507385254, 7.841078758239746, 7.013387203216553, 7.217817306518555, 7.454413414001465, 7.776968479156494, 7.215575695037842, 6.954683780670166, 7.18039608001709, 7.716182708740234, 7.606515407562256], "simple_val_acc": [0.5383548529412477, 0.526258080757914, 0.45393549762810426, 0.5059838829242415, 0.5301774354668394, 0.49995162822402295, 0.5802903438239329, 0.4942258189474383, 0.5301129154476427, 0.578177432141477, 0.4918548540203802, 0.4900161437541246, 0.5221290461935343, 0.4658064661444195, 0.4877580802998235, 0.40748388620874576, 0.44570968837266967, 0.4719677544000649, 0.4577258171578569, 0.45370968861060756, 0.4639193682973423, 0.4538064658214007, 0.487806462443644, 0.4798709785125909, 0.43569355832280654], "simple_val_acc_ci": [0.04378681624953721, 0.043854955765467045, 0.04372710779464035, 0.043911659297027734, 0.04383509657265206, 0.04391485006492564, 0.04334451404520123, 0.04391166191455677, 0.043835099190181095, 0.043372848797042826, 0.04390918573208636, 0.04390599234665941, 0.043871977556804304, 0.04381238427318513, 0.04390210008097918, 0.0431589731168373, 0.04365591362232261, 0.0438453834617733, 0.04375838988417927, 0.04372710779464035, 0.043799956245310405, 0.04372711041216939, 0.04390210008097918, 0.04387941919186072, 0.04355069680756265]}