{"acc_im_lang": [0.0234375, 0.0546875, 0.078125, 0.1484375, 0.203125, 0.1640625, 0.1484375, 0.2109375, 0.1015625, 0.203125, 0.234375, 0.2890625, 0.2421875, 0.2421875, 0.3359375, 0.375, 0.359375, 0.34375, 0.359375, 0.3203125, 0.3984375, 0.4375, 0.4296875, 0.40625, 0.390625, 0.34375, 0.3359375, 0.4375, 0.4296875, 0.625, 0.4609375, 0.34375, 0.3984375, 0.3515625, 0.4375, 0.4921875, 0.4140625, 0.515625, 0.4375, 0.5, 0.5546875, 0.546875, 0.5234375, 0.484375, 0.46875, 0.46875, 0.484375, 0.4375, 0.5390625, 0.5859375, 0.3984375, 0.3828125, 0.5625, 0.5859375, 0.515625, 0.6640625, 0.5625, 0.6015625, 0.3828125, 0.6484375, 0.546875, 0.6796875, 0.53125, 0.53125, 0.4140625, 0.6015625, 0.4296875, 0.6015625, 0.4765625, 0.5234375, 0.5625, 0.609375, 0.6640625, 0.6484375, 0.453125, 0.53125, 0.6875, 0.5078125, 0.625, 0.515625, 0.53125, 0.5625, 0.671875, 0.671875, 0.640625, 0.625, 0.515625, 0.6171875, 0.5703125, 0.5625, 0.6328125, 0.5703125, 0.5703125, 0.6171875, 0.6796875, 0.53125, 0.5625, 0.6953125, 0.7421875, 0.6796875], "acc_lang_im": [0.0078125, 0.0078125, 0.03125, 0.03125, 0.0625, 0.046875, 0.0546875, 0.078125, 0.0859375, 0.0859375, 0.1171875, 0.125, 0.0703125, 0.15625, 0.2109375, 0.1640625, 0.140625, 0.09375, 0.21875, 0.1875, 0.21875, 0.1875, 0.328125, 0.3359375, 0.25, 0.203125, 0.171875, 0.25, 0.296875, 0.390625, 0.265625, 0.2109375, 0.3125, 0.203125, 0.2109375, 0.375, 0.28125, 0.34375, 0.2578125, 0.3046875, 0.3828125, 0.40625, 0.2734375, 0.359375, 0.421875, 0.421875, 0.453125, 0.421875, 0.453125, 0.5234375, 0.25, 0.2109375, 0.5, 0.3515625, 0.328125, 0.4453125, 0.53125, 0.5078125, 0.4140625, 0.4375, 0.375, 0.625, 0.3984375, 0.3359375, 0.3046875, 0.4296875, 0.328125, 0.5, 0.3125, 0.3515625, 0.3359375, 0.53125, 0.515625, 0.5859375, 0.515625, 0.4609375, 0.34375, 0.3828125, 0.5, 0.359375, 0.46875, 0.40625, 0.484375, 0.4375, 0.6328125, 0.484375, 0.3828125, 0.5546875, 0.46875, 0.5, 0.5859375, 0.453125, 0.4296875, 0.53125, 0.4375, 0.40625, 0.5078125, 0.546875, 0.6171875, 0.4453125], "pos_score": [0.23723924160003662, 0.33655497431755066, 0.9384205341339111, 1.1741092205047607, 2.275242805480957, 0.6595312356948853, 0.8569886684417725, 0.7960712909698486, 0.756267786026001, 0.9597978591918945, 1.240192174911499, 1.5636849403381348, 2.1877493858337402, 2.0732007026672363, 2.989025831222534, 2.988812208175659, 3.3102006912231445, 2.950894355773926, 3.302597761154175, 3.135594367980957, 4.663173675537109, 3.9686684608459473, 4.210516452789307, 3.7842235565185547, 4.036902904510498, 4.153439521789551, 3.587364912033081, 4.794464111328125, 4.646360397338867, 4.780487060546875, 4.774806976318359, 4.4274797439575195, 5.344472408294678, 4.82490348815918, 5.172901153564453, 4.926324844360352, 5.479536056518555, 5.499179363250732, 5.070241928100586, 5.57503080368042, 5.443941593170166, 5.68756628036499, 5.720885276794434, 5.770413875579834, 5.91548490524292, 5.832894802093506, 6.864750862121582, 6.846709251403809, 6.873922348022461, 7.520198822021484, 6.567519187927246, 6.818840980529785, 7.543112754821777, 7.141782760620117, 7.668704986572266, 7.861764430999756, 8.096386909484863, 7.930231094360352, 7.772530555725098, 8.07168197631836, 8.271368980407715, 9.104681015014648, 8.233098030090332, 7.8066816329956055, 8.177080154418945, 8.492942810058594, 8.168059349060059, 8.517101287841797, 8.912009239196777, 8.986339569091797, 9.097482681274414, 8.70846176147461, 9.094940185546875, 8.926410675048828, 9.000755310058594, 9.224864959716797, 8.899711608886719, 8.803390502929688, 9.570907592773438, 8.664073944091797, 8.584321975708008, 9.695686340332031, 9.238213539123535, 9.569867134094238, 9.329553604125977, 9.484461784362793, 8.937703132629395, 9.73499870300293, 9.096181869506836, 8.83087158203125, 9.613372802734375, 9.647612571716309, 9.212413787841797, 9.526077270507812, 9.424359321594238, 9.135354995727539, 9.14790153503418, 9.80916690826416, 9.673711776733398, 9.75956916809082], "neg_score": [0.24315418303012848, 0.23291073739528656, 0.3325381278991699, 0.5017282366752625, 0.8001051545143127, -1.2604312896728516, -1.456947922706604, -1.865931510925293, -1.9892737865447998, -2.066359043121338, -2.0398941040039062, -2.1078076362609863, -1.9349786043167114, -1.6861743927001953, -1.0936039686203003, -1.2793344259262085, -1.1557753086090088, -1.398501992225647, -1.4601094722747803, -1.6437112092971802, -1.1136292219161987, -1.5461243391036987, -1.5676295757293701, -1.6348015069961548, -1.7411189079284668, -1.2933590412139893, -1.3863673210144043, -0.8657979369163513, -1.2970292568206787, -1.29118812084198, -1.1421245336532593, -0.9581305980682373, -0.6271303296089172, -1.0156652927398682, -0.9151634573936462, -1.349299430847168, -0.47264334559440613, -1.6346662044525146, -1.5387641191482544, -0.6984577775001526, -1.5810006856918335, -0.5608934760093689, -0.49079909920692444, -0.4598892629146576, -0.3939931094646454, -1.7195862531661987, -0.4674839377403259, -0.3240630030632019, -0.836409866809845, 0.24660855531692505, 0.5029981136322021, 0.5054877996444702, 0.3275585174560547, 0.12201551347970963, 0.6867288947105408, 0.06970542669296265, 0.06438950449228287, 0.39378198981285095, 0.3990260660648346, 0.10322033613920212, 0.733849048614502, 0.4170933663845062, 0.5746194124221802, 0.8153225779533386, 1.254657506942749, 0.3511710464954376, 1.4539718627929688, 0.6357710957527161, 1.5868468284606934, 1.0895732641220093, 1.0211294889450073, 0.8885402083396912, 0.763670802116394, 0.607084333896637, 1.148527979850769, 0.81711745262146, 0.7895771861076355, 0.9465699195861816, 1.320339560508728, 1.565058946609497, 0.5031781792640686, 1.0526987314224243, 1.1217271089553833, 0.9854922890663147, 0.9487642645835876, 1.0825724601745605, 1.6309280395507812, 1.0271079540252686, 0.8689677715301514, 0.5768852829933167, 0.7908517122268677, 1.065438985824585, 1.1825838088989258, 1.2810380458831787, 1.0594559907913208, 1.4526973962783813, 0.711760938167572, 0.3355378806591034, 0.5922434329986572, 1.3621357679367065], "simple_val_acc": [0.5061451744735241, 0.5200967879449168, 0.4660000142565658, 0.5058709808395755, 0.44964517541422, 0.5302580769523497, 0.45377420574522787, 0.506016148466737, 0.528112914109903, 0.4818871132313244, 0.5421129198670387, 0.5242419488728046, 0.5341290486546293, 0.5059032396284804, 0.5020484005486773, 0.5160645328356374, 0.534161301994516, 0.534193565499398, 0.5362096899776689, 0.5021774333499132, 0.5784032388002642, 0.5461129198026273, 0.5241613072017508, 0.5863387264296893, 0.5642096939346483, 0.5842903360065914, 0.5160484024041122, 0.5642096959626482, 0.550145176854345, 0.4919354980376459, 0.5159193682968617, 0.5281290473308294, 0.5783064694572841, 0.5260161442247129, 0.5562096909462444, 0.5321774354485734, 0.5903871168330792, 0.544225821061961, 0.5060161448875742, 0.5240484037879974, 0.5701774375419463, 0.5741451785372149, 0.6085322719495143, 0.5702096956050204, 0.5862742107923954, 0.5803387241103957, 0.6003709822686449, 0.5480967888678274, 0.5281774353284028, 0.5783064710670902, 0.6023709797753442, 0.5762419498995428, 0.5782903408984984, 0.5701935640616762, 0.5802742095781911, 0.5943225945282367, 0.5902580805603534, 0.5781774333600075, 0.5882580810338258, 0.5802419534368861, 0.6124838861664457, 0.6164193705743359, 0.566322593270771, 0.6084032443641655, 0.554064535395753, 0.5823225927958565, 0.6063548538910766, 0.5199193713938998, 0.6324516321007283, 0.562096788083834, 0.5823548564218706, 0.6003709798979182, 0.5481774331086104, 0.5923064720846953, 0.582258083004144, 0.594354853201297, 0.5803387251775112, 0.5781613036634461, 0.5843064669250481, 0.5983871110802697, 0.5783548540352814, 0.5781935650605348, 0.630532276531381, 0.6104677614858074, 0.5842903342511385, 0.5822742056923529, 0.5802258232043636, 0.5743064660079056, 0.5682419519453279, 0.5841451764327864, 0.5963709836578177, 0.5903548550533672, 0.5681935628614119, 0.5924032408796971, 0.5923225961313132, 0.6183709832473148, 0.5983064656671017, 0.6063871085115018, 0.5903225951641797, 0.6145000152501368],