{"acc_im_lang": [0.1328125, 0.3359375, 0.4375, 0.515625, 0.6328125, 0.6875, 0.6640625, 0.6328125, 0.6484375, 0.6015625, 0.609375, 0.6171875, 0.5078125, 0.65625, 0.640625, 0.6484375, 0.7109375, 0.703125, 0.6875, 0.6875, 0.6796875, 0.7109375, 0.7109375, 0.515625, 0.6640625], "acc_lang_im": [0.0390625, 0.1875, 0.3125, 0.3984375, 0.3828125, 0.4296875, 0.28125, 0.375, 0.5234375, 0.5234375, 0.53125, 0.4765625, 0.4375, 0.5, 0.5703125, 0.484375, 0.6328125, 0.515625, 0.546875, 0.4921875, 0.4921875, 0.6171875, 0.5234375, 0.4453125, 0.703125], "pos_score": [0.9082514643669128, 1.8264737129211426, 3.367495536804199, 8.640227317810059, 10.527055740356445, 11.323719024658203, 11.494993209838867, 11.72848129272461, 12.214921951293945, 12.016292572021484, 12.534710884094238, 12.365455627441406, 12.031440734863281, 12.52769947052002, 12.83949089050293, 12.452253341674805, 12.641475677490234, 12.399398803710938, 12.41411018371582, 12.75752067565918, 12.834306716918945, 12.852754592895508, 12.93019962310791, 12.343043327331543, 12.843254089355469], "neg_score": [-0.9364270567893982, -1.955983281135559, -1.1921029090881348, 2.934922695159912, 4.2392401695251465, 4.580946445465088, 4.8799967765808105, 4.880435943603516, 5.5213727951049805, 5.340088844299316, 5.595986843109131, 4.756712913513184, 5.237783908843994, 5.216204643249512, 5.246583938598633, 5.564927101135254, 4.905174732208252, 4.9724040031433105, 5.0359930992126465, 5.200151443481445, 4.969825744628906, 4.730835437774658, 5.111886024475098, 5.210964202880859, 5.237682342529297], "simple_val_acc": [0.5341774366445118, 0.5421451778652207, 0.606500017068559, 0.6305322768447861, 0.610500018007813, 0.6145161434565821, 0.5220806585704127, 0.6526935629777371, 0.6547258209220825, 0.6767903455813085, 0.6686935663588585, 0.6304677628778642, 0.6727742116739672, 0.6506774355048133, 0.6627419498985814, 0.6566774347482189, 0.6787903406591185, 0.6485484049844166, 0.6747903397986965, 0.6627096915610375, 0.6788064671889429, 0.6666935703071856, 0.6787742107750908, 0.6324354936845841, 0.6567258219055592], "simple_val_acc_ci": [0.04381238427318513, 0.043758392501708314, 0.04290852532090607, 0.04239218630771655, 0.04283016173655193, 0.042748746113338905, 0.043871977556804304, 0.0418193034322377, 0.041762366940592585, 0.041080898490481244, 0.041340541665924664, 0.04239218630771655, 0.041212431942194115, 0.04187542063729376, 0.04152633911213437, 0.041704603309771306, 0.04101383739651526, 0.041930721173289824, 0.04114709841739355, 0.04152633911213437, 0.04101383477898623, 0.041403317864854634, 0.04101383477898623, 0.04234409444669248, 0.041704603309771306], "train_acc": [0.5022222222222222, 0.5353333333333333, 0.5988888888888889, 0.6494444444444445, 0.6943333333333334, 0.7448888888888889, 0.7636666666666667, 0.7705555555555555, 0.7784444444444445, 0.8062222222222222, 0.8043333333333333, 0.8345555555555556, 0.8374444444444444, 0.8392222222222222, 0.8517777777777777, 0.8477777777777777, 0.8578888888888889, 0.8615555555555555, 0.8718888888888889, 0.8703333333333333], "val_acc": [0.504, 0.508, 0.514, 0.532, 0.546, 0.552, 0.576, 0.56, 0.576, 0.576, 0.602, 0.552, 0.56, 0.576, 0.578, 0.57, 0.574, 0.572, 0.556, 0.578], "val_same_acc": [0.5, 0.5, 0.51, 0.532, 0.548, 0.564, 0.55, 0.558, 0.542, 0.566, 0.552, 0.578, 0.554, 0.56, 0.592, 0.58, 0.574, 0.55, 0.57, 0.548], "test_acc": [0.506, 0.508, 0.5125, 0.5205, 0.535, 0.531, 0.5395, 0.553, 0.55, 0.5465, 0.547, 0.5465, 0.548, 0.5585, 0.535, 0.5455, 0.547, 0.5455, 0.546, 0.5415], "test_same_acc": [0.498, 0.499, 0.503, 0.5215, 0.5305, 0.534, 0.5375, 0.546, 0.5365, 0.544, 0.5425, 0.5385, 0.537, 0.547, 0.5455, 0.539, 0.545, 0.553, 0.5495, 0.54], "test_acc_ci": [0.015495036573044928, 0.015494780898741355, 0.015493299066854678, 0.015481487770883005, 0.015461885750936075, 0.015462392360175058, 0.01544915684107065, 0.01541903952585893, 0.015437082359532842, 0.015431575453433133, 0.015432975700589954, 0.01543908279335272, 0.015439082793352718, 0.015408686737519198, 0.015444872675907691, 0.015439741771642427, 0.015429445667294726, 0.015419808357272148, 0.015424338818082283, 0.015443613429991052], "best_epoch": 15, "best_val_acc": 0.578, "best_val_same_acc": 0.592, "best_test_acc": 0.535, "best_test_same_acc": 0.5455, "best_test_acc_ci": 0.015444872675907691, "has_same": true}