{"acc_im_lang": [0.0546875, 0.1015625, 0.15625, 0.1328125, 0.125, 0.1796875, 0.171875, 0.1875, 0.21875, 0.171875, 0.171875, 0.2265625, 0.2578125, 0.2109375, 0.2578125, 0.21875, 0.2734375, 0.21875, 0.2578125, 0.296875, 0.3046875, 0.25, 0.25, 0.25, 0.2109375], "acc_lang_im": [0.03125, 0.0625, 0.1328125, 0.1328125, 0.125, 0.140625, 0.15625, 0.1484375, 0.1796875, 0.171875, 0.125, 0.2265625, 0.203125, 0.1796875, 0.1875, 0.2265625, 0.2265625, 0.1484375, 0.2265625, 0.2265625, 0.2578125, 0.1796875, 0.15625, 0.21875, 0.21875], "pos_score": [0.7227081656455994, 1.1340030431747437, 1.609546184539795, 5.476701259613037, 7.758469581604004, 8.78363037109375, 10.129142761230469, 10.523823738098145, 11.170387268066406, 11.457326889038086, 11.978525161743164, 12.221746444702148, 12.359639167785645, 12.710686683654785, 13.089313507080078, 13.123958587646484, 13.52725601196289, 13.770278930664062, 13.739740371704102, 13.93358039855957, 14.159919738769531, 13.999248504638672, 13.773930549621582, 14.104040145874023, 13.94571304321289], "neg_score": [-1.0930448770523071, -2.0958399772644043, -2.171400785446167, 0.784492552280426, 2.642211437225342, 3.5943708419799805, 4.943703651428223, 4.889991760253906, 5.496944427490234, 5.922492980957031, 6.115627288818359, 6.502870082855225, 6.118597984313965, 6.4078850746154785, 6.578723907470703, 6.957332611083984, 6.75177526473999, 6.657369613647461, 6.731955528259277, 6.52719259262085, 6.243110656738281, 6.90601110458374, 6.868671417236328, 6.515431880950928, 6.799586772918701], "simple_val_auc": [0.5898854381670107, 0.5232763724219587, 0.5765532248515977, 0.5764332229315668, 0.6019976319621114, 0.5965415446647147, 0.6040896654346469, 0.5923654778476456, 0.5785812573001168, 0.6224619593913503, 0.6110977775644411, 0.6188499015984255, 0.6111217779484472, 0.6368421894750317, 0.6244059904958479, 0.6225899614393829, 0.6172378758060129, 0.6416142658282533, 0.6293020688331012, 0.6258340133442135, 0.6261380182082914, 0.6357381718107491, 0.6275300404806476, 0.6387182194915118, 0.6391782268516296], "val_acc": [0.534, 0.56, 0.578, 0.596, 0.546, 0.57, 0.6, 0.602, 0.6, 0.572, 0.592, 0.588, 0.618, 0.614, 0.624, 0.604, 0.612, 0.598, 0.614, 0.618, 0.638, 0.638, 0.63, 0.6, 0.618], "val_same_acc": [0.49, 0.534, 0.544, 0.55, 0.572, 0.584, 0.552, 0.55, 0.558, 0.526, 0.548, 0.564, 0.572, 0.58, 0.554, 0.61, 0.58, 0.568, 0.578, 0.6, 0.604, 0.582, 0.594, 0.57, 0.6], "test_acc": [0.479, 0.4955, 0.5265, 0.5445, 0.553, 0.586, 0.5565, 0.5815, 0.5885, 0.5635, 0.572, 0.572, 0.59, 0.5875, 0.598, 0.599, 0.583, 0.582, 0.601, 0.5785, 0.601, 0.592, 0.5795, 0.606, 0.586], "test_same_acc": [0.499, 0.5185, 0.539, 0.548, 0.557, 0.581, 0.5635, 0.586, 0.5985, 0.584, 0.5725, 0.574, 0.602, 0.602, 0.6125, 0.621, 0.6155, 0.5925, 0.6205, 0.601, 0.6125, 0.6135, 0.617, 0.6305, 0.6135], "test_acc_ci": [0.015491410252136503, 0.015493641934677593, 0.015461885750936075, 0.015428727892311797, 0.015401129504033138, 0.015277560377887564, 0.01538319082635329, 0.0152762460825623, 0.01522182456540608, 0.015325675331775755, 0.015332535732063371, 0.015329123536588779, 0.015206871920286568, 0.01521439939580265, 0.015147973758064145, 0.015115527116180898, 0.015186820594680113, 0.015257420980460621, 0.01511026650244793, 0.015243487723450955, 0.015137889607702916, 0.015164449115447617, 0.015193064166750566, 0.015055585899426167, 0.015183674126343728], "best_epoch": 21, "best_val_acc": 0.638, "best_val_same_acc": 0.604, "best_test_acc": 0.601, "best_test_same_acc": 0.6125, "best_test_acc_ci": 0.015137889607702916, "has_same": true}