{"acc_im_lang": [0.15625, 0.2734375, 0.265625, 0.34375, 0.484375, 0.65625, 0.3984375, 0.5390625, 0.5234375, 0.5703125, 0.5625, 0.5390625, 0.4921875, 0.484375, 0.4765625, 0.6796875, 0.6484375, 0.515625, 0.6875, 0.578125, 0.640625, 0.7109375, 0.6484375, 0.59375, 0.5625], "acc_lang_im": [0.0390625, 0.1484375, 0.171875, 0.171875, 0.3515625, 0.4140625, 0.2578125, 0.34375, 0.3671875, 0.3828125, 0.3671875, 0.4296875, 0.328125, 0.34375, 0.375, 0.484375, 0.6171875, 0.5390625, 0.625, 0.46875, 0.4765625, 0.5234375, 0.5234375, 0.4296875, 0.46875], "pos_score": [1.4427160024642944, 2.1682441234588623, 2.6510422229766846, 4.357815742492676, 5.827861309051514, 6.53907585144043, 5.428585052490234, 6.862349510192871, 6.478338241577148, 6.5017499923706055, 7.051482200622559, 7.267080307006836, 7.254805564880371, 7.555819511413574, 9.001415252685547, 8.829008102416992, 9.735767364501953, 9.915491104125977, 10.107202529907227, 10.055865287780762, 10.331690788269043, 10.189851760864258, 10.45598030090332, 10.220423698425293, 10.30465030670166], "neg_score": [0.16477662324905396, -0.7622029185295105, -0.6506484746932983, 0.23516522347927094, 0.889354944229126, 0.7812362313270569, 0.7712996602058411, 1.2122840881347656, 1.2840373516082764, 0.8436158895492554, 1.2426210641860962, 0.6980104446411133, 1.5185350179672241, 1.1947931051254272, 2.189375638961792, 2.752260208129883, 2.304546356201172, 2.790632724761963, 2.870697498321533, 3.0870001316070557, 2.805685043334961, 2.7110767364501953, 3.0421974658966064, 3.3268067836761475, 3.322092056274414], "simple_val_acc": [0.5159677566554277, 0.5140483989374292, 0.528080656703922, 0.5905000140503529, 0.5662258172751434, 0.5242419534926452, 0.6165322734377077, 0.6365806612059954, 0.6548225926679949, 0.6466129237663362, 0.6588064673504521, 0.6728387274535433, 0.6627903372943401, 0.6808871111821744, 0.6769032425044044, 0.6667580859401534, 0.6748064680036998, 0.6969032435647904, 0.6687580780396538, 0.6808064689549707, 0.6687419491895745, 0.666758081089585, 0.6747903408802325, 0.6547580771330864, 0.6747903379432617], "simple_val_auc": [0.5309564953039249, 0.5255244083905343, 0.574195187122994, 0.5989855837693404, 0.5873173970783532, 0.5370125922014752, 0.6211779388470215, 0.6522064353029648, 0.6503944063105009, 0.6423342773484377, 0.6365221843549496, 0.6432222915566649, 0.6446503144050304, 0.6417982687723003, 0.6675786812589002, 0.6416862669802716, 0.6578345253524055, 0.6507464119425911, 0.6479743675898815, 0.6598745579929278, 0.6581185298964783, 0.6617345877534041, 0.6532144514312228, 0.6459503352053633, 0.6563985023760381], "simple_val_acc_ci": [0.04389217964592333, 0.04389749322987145, 0.0438453834617733, 0.0431917498154572, 0.04352747408993321, 0.04386382657137846, 0.0427068892064845, 0.04224555233098066, 0.041762366940592585, 0.04198521027528396, 0.04164601515730291, 0.04121242932466508, 0.04152633911213437, 0.04094590204785044, 0.041080898490481244, 0.041403317864854634, 0.04114709579986451, 0.040370603193069066, 0.041340541665924664, 0.04094590466537948, 0.041340541665924664, 0.041403320482383675, 0.04114709841739355, 0.041762364323063544, 0.04114709579986451], "train_acc": [0.6091111111111112, 0.595, 0.6673333333333333, 0.695, 0.7496666666666667, 0.8292222222222222, 0.8603333333333333, 0.9443333333333334, 0.9651111111111111, 0.9747777777777777, 0.9801111111111112, 0.983, 0.9855555555555555, 0.9875555555555555, 0.9852222222222222, 0.9883333333333333, 0.9883333333333333, 0.99, 0.9891111111111112, 0.9915555555555555], "val_acc": [0.51, 0.504, 0.512, 0.514, 0.518, 0.544, 0.554, 0.59, 0.614, 0.576, 0.566, 0.572, 0.586, 0.588, 0.58, 0.576, 0.574, 0.58, 0.576, 0.58], "val_same_acc": [0.498, 0.498, 0.51, 0.504, 0.508, 0.544, 0.516, 0.568, 0.54, 0.544, 0.574, 0.558, 0.558, 0.562, 0.558, 0.576, 0.56, 0.544, 0.572, 0.566], "test_acc": [0.5115, 0.5075, 0.5135, 0.5085, 0.5155, 0.54, 0.547, 0.575, 0.587, 0.5845, 0.5815, 0.575, 0.5675, 0.5665, 0.5755, 0.556, 0.5725, 0.5605, 0.552, 0.555], "test_same_acc": [0.5, 0.4995, 0.5055, 0.508, 0.514, 0.522, 0.5375, 0.5795, 0.566, 0.5715, 0.561, 0.555, 0.549, 0.5595, 0.559, 0.5415, 0.5575, 0.5545, 0.549, 0.5375], "test_acc_ci": [0.01549413588345604, 0.015494780898741357, 0.015492363405884849, 0.015493051112514927, 0.01548841673558017, 0.01546535016092426, 0.015439741771642425, 0.015309106864053176, 0.015312723438369804, 0.015305454138966277, 0.01533702935300706, 0.015363668507228343, 0.015389649208965095, 0.015371667847048997, 0.015354365209118872, 0.015421334228107503, 0.015363668507228343, 0.015392357762864012, 0.015415924879811787, 0.015428727892311797], "best_epoch": 8, "best_val_acc": 0.59, "best_val_same_acc": 0.568, "best_test_acc": 0.575, "best_test_same_acc": 0.5795, "best_test_acc_ci": 0.015309106864053176, "has_same": true}