{"acc_im_lang": [0.03125, 0.1015625, 0.171875, 0.21875, 0.171875, 0.203125, 0.2109375, 0.2109375, 0.2578125, 0.2734375, 0.34375, 0.328125, 0.3515625, 0.3203125, 0.4453125, 0.359375, 0.375, 0.390625, 0.4921875, 0.4609375, 0.6328125, 0.5078125, 0.59375, 0.4296875, 0.5234375, 0.453125, 0.4609375, 0.5625, 0.5, 0.6640625, 0.6484375, 0.3828125, 0.5703125, 0.53125, 0.5703125, 0.65625, 0.5234375, 0.625, 0.6015625, 0.7109375, 0.78125, 0.6015625, 0.5859375, 0.7421875, 0.53125, 0.65625, 0.6171875, 0.59375, 0.6796875, 0.6953125, 0.578125, 0.609375, 0.6953125, 0.5625, 0.5703125, 0.7734375, 0.6640625, 0.6484375, 0.65625, 0.734375, 0.6796875, 0.78125, 0.640625, 0.6171875, 0.4921875, 0.734375, 0.609375, 0.734375, 0.5859375, 0.609375, 0.6875, 0.578125, 0.65625, 0.65625, 0.7109375, 0.6875, 0.671875, 0.6328125, 0.6953125, 0.6015625, 0.6328125, 0.671875, 0.75, 0.6484375, 0.6796875, 0.7109375, 0.5390625, 0.71875, 0.609375, 0.671875, 0.7265625, 0.65625, 0.6484375, 0.7109375, 0.734375, 0.5546875, 0.6328125, 0.703125, 0.890625, 0.6796875, 0.71875, 0.78125, 0.6484375, 0.625, 0.6328125, 0.8359375, 0.734375, 0.6875, 0.7890625, 0.796875, 0.765625, 0.71875, 0.8984375, 0.6328125, 0.59375, 0.6640625, 0.7578125, 0.7734375, 0.7578125, 0.46875], "acc_lang_im": [0.0078125, 0.0234375, 0.078125, 0.109375, 0.0703125, 0.078125, 0.0859375, 0.1015625, 0.09375, 0.1640625, 0.125, 0.2578125, 0.1484375, 0.125, 0.15625, 0.171875, 0.1484375, 0.2734375, 0.2890625, 0.2890625, 0.328125, 0.375, 0.390625, 0.3203125, 0.3828125, 0.25, 0.3671875, 0.3359375, 0.3515625, 0.3984375, 0.3984375, 0.234375, 0.4296875, 0.34375, 0.28125, 0.453125, 0.375, 0.484375, 0.421875, 0.453125, 0.609375, 0.4296875, 0.3515625, 0.546875, 0.453125, 0.4375, 0.5390625, 0.515625, 0.5234375, 0.5390625, 0.3828125, 0.390625, 0.6328125, 0.46875, 0.5, 0.625, 0.59375, 0.5703125, 0.5546875, 0.5, 0.5390625, 0.71875, 0.46875, 0.4296875, 0.421875, 0.53125, 0.375, 0.5546875, 0.5390625, 0.46875, 0.515625, 0.546875, 0.5390625, 0.4921875, 0.59375, 0.6484375, 0.484375, 0.4921875, 0.578125, 0.5, 0.59375, 0.640625, 0.6015625, 0.40625, 0.703125, 0.6015625, 0.5546875, 0.6875, 0.5078125, 0.484375, 0.6171875, 0.6484375, 0.5703125, 0.6015625, 0.609375, 0.4296875, 0.5390625, 0.6328125, 0.734375, 0.546875, 0.78125, 0.6796875, 0.6796875, 0.5078125, 0.578125, 0.6953125, 0.5625, 0.59375, 0.6328125, 0.7421875, 0.8515625, 0.5234375, 0.7109375, 0.515625, 0.5546875, 0.5625, 0.6796875, 0.71875, 0.65625, 0.328125], "pos_score": [0.45212268829345703, 1.3277766704559326, 2.3972065448760986, 2.5889439582824707, 2.765310764312744, 2.642045497894287, 2.7350196838378906, 2.673849582672119, 3.130857467651367, 3.3168044090270996, 4.068526268005371, 3.608046054840088, 3.9578893184661865, 4.450555801391602, 5.26258659362793, 5.569052696228027, 5.916339874267578, 6.533322334289551, 7.556882858276367, 8.19205093383789, 8.638959884643555, 8.715292930603027, 9.620034217834473, 9.185391426086426, 10.238765716552734, 9.966508865356445, 9.091447830200195, 9.771275520324707, 9.553732872009277, 10.190488815307617, 10.314401626586914, 9.450891494750977, 10.549337387084961, 10.297685623168945, 10.272577285766602, 10.989688873291016, 10.210193634033203, 11.230366706848145, 10.80485725402832, 10.287723541259766, 11.193246841430664, 10.747586250305176, 10.302762985229492, 11.891585350036621, 11.433754920959473, 12.017436981201172, 10.985189437866211, 11.60767936706543, 11.5551176071167, 10.788341522216797, 10.784307479858398, 11.297201156616211, 11.709709167480469, 11.371793746948242, 12.137022018432617, 12.154031753540039, 12.339324951171875, 12.01065731048584, 12.115923881530762, 12.051971435546875, 12.235458374023438, 12.67823600769043, 12.748316764831543, 12.008319854736328, 12.178688049316406, 12.50794792175293, 12.34276008605957, 12.441282272338867, 12.816133499145508, 12.83264446258545, 12.531505584716797, 12.711125373840332, 12.678692817687988, 13.045719146728516, 14.03680419921875, 13.686516761779785, 12.542364120483398, 13.05052661895752, 13.280377388000488, 12.92772102355957, 13.530228614807129, 14.04296588897705, 13.075767517089844, 13.185426712036133, 13.839826583862305, 14.232090950012207, 13.710061073303223, 13.799678802490234, 13.41975212097168, 12.886124610900879, 14.142112731933594, 14.060998916625977, 14.197591781616211, 14.00840950012207, 14.421792984008789, 13.955451965332031, 14.34777545928955, 14.71554183959961, 14.123634338378906, 14.007759094238281, 13.926797866821289, 14.096872329711914, 14.697216033935547, 14.409019470214844, 14.751670837402344, 14.685352325439453, 14.710676193237305, 14.502904891967773, 14.71483039855957, 14.413042068481445, 15.015138626098633, 14.676971435546875, 14.954017639160156, 14.679068565368652, 14.899433135986328, 14.580618858337402, 15.162839889526367, 15.082454681396484, 14.894979476928711, 14.258917808532715], "neg_score": [0.42696914076805115, 0.5313260555267334, 1.0631866455078125, 1.136830449104309, 0.7126520276069641, 0.40204742550849915, -0.010629418306052685, -0.25348854064941406, -0.1804659217596054, -0.524425745010376, -0.38829347491264343, -0.9714365005493164, -0.7838215827941895, -0.11983194947242737, 0.23060400784015656, 0.22348405420780182, -9.523668268229812e-05, 0.6036946773529053, 1.1430705785751343, 1.7598555088043213, 0.9746254682540894, 1.5737919807434082, 1.4602714776992798, 2.047468423843384, 2.3409299850463867, 2.2452609539031982, 2.3229448795318604, 2.0934956073760986, 1.8999764919281006, 2.06442928314209, 2.379300832748413, 2.715888500213623, 2.232466459274292, 2.4485549926757812, 2.290742874145508, 2.1718688011169434, 2.5838327407836914, 2.187819480895996, 1.8253296613693237, 1.9932129383087158, 1.562076210975647, 2.3331260681152344, 2.542374610900879, 3.1484835147857666, 2.8395848274230957, 2.815598726272583, 1.9728296995162964, 2.426833152770996, 1.869147777557373, 2.2946524620056152, 3.2582826614379883, 2.7894861698150635, 2.515925407409668, 2.8318305015563965, 3.0436437129974365, 2.3888421058654785, 2.4496567249298096, 2.487746000289917, 2.7074363231658936, 1.9537898302078247, 3.050837755203247, 1.6954535245895386, 2.897423505783081, 3.0791213512420654, 3.4068071842193604, 2.5824456214904785, 3.4026660919189453, 2.512467622756958, 3.3808183670043945, 3.268338441848755, 2.656841516494751, 3.158806800842285, 2.4155709743499756, 2.9177908897399902, 3.866389036178589, 3.148569107055664, 3.0119659900665283, 3.6804261207580566, 3.4408297538757324, 4.213255882263184, 3.2232797145843506, 3.4516236782073975, 3.2325024604797363, 3.3128371238708496, 3.203199863433838, 3.6841301918029785, 4.1132121086120605, 3.7026259899139404, 3.5932095050811768, 3.311695098876953, 3.447084665298462, 3.8314149379730225, 4.314932346343994, 4.200182914733887, 4.224876880645752, 4.54735803604126, 4.064863681793213, 3.340740442276001, 3.5980734825134277, 4.068776607513428, 3.3177881240844727, 4.240803241729736, 4.038740158081055, 4.80094051361084, 3.86513090133667, 4.392425060272217, 4.658181667327881, 3.7661490440368652, 4.467626571655273, 3.511964797973633, 3.664950370788574, 4.4068217277526855, 3.8268399238586426, 4.0686516761779785, 4.553016662597656, 4.122008323669434, 3.8101565837860107, 4.135744094848633, 4.713668346405029, 4.8756842613220215],