{"acc_im_lang": [0.0625, 0.078125, 0.15625, 0.203125, 0.1171875, 0.171875, 0.2109375, 0.171875, 0.1640625, 0.1875, 0.25, 0.2421875, 0.2421875, 0.2265625, 0.34375, 0.25, 0.234375, 0.1953125, 0.2734375, 0.296875, 0.265625, 0.2109375, 0.234375, 0.296875, 0.2421875], "acc_lang_im": [0.046875, 0.0546875, 0.1328125, 0.203125, 0.109375, 0.1171875, 0.171875, 0.203125, 0.171875, 0.140625, 0.1328125, 0.2265625, 0.140625, 0.2421875, 0.2109375, 0.2265625, 0.1953125, 0.171875, 0.2421875, 0.21875, 0.203125, 0.1796875, 0.2578125, 0.1953125, 0.203125], "pos_score": [0.9317154884338379, 1.262792706489563, 5.9091033935546875, 10.001480102539062, 10.99728012084961, 11.295681953430176, 12.374567031860352, 13.120767593383789, 13.72403335571289, 13.224931716918945, 13.946136474609375, 14.193777084350586, 14.295585632324219, 14.667601585388184, 14.527088165283203, 14.25344467163086, 14.564947128295898, 14.661333084106445, 14.82526969909668, 14.796428680419922, 14.875606536865234, 14.845695495605469, 14.638117790222168, 15.115472793579102, 15.02328109741211], "neg_score": [-0.9610348343849182, -2.114988327026367, 1.375518798828125, 5.322412014007568, 6.485089302062988, 6.306390762329102, 6.936477184295654, 7.5898661613464355, 7.78804874420166, 8.140921592712402, 7.766635417938232, 8.195958137512207, 7.868869304656982, 8.033358573913574, 7.774248123168945, 8.179999351501465, 8.300028800964355, 7.9798431396484375, 7.867105960845947, 7.883732318878174, 7.712684154510498, 8.155521392822266, 7.686619758605957, 7.450085639953613, 7.68195104598999], "simple_val_auc": [0.5677970847533561, 0.6114357829725275, 0.6220499527992448, 0.5724811596985551, 0.6099977599641595, 0.6035336565385047, 0.6231539704635274, 0.5967295476727628, 0.623581977311637, 0.62425798812781, 0.6154038464615433, 0.5968295492727884, 0.6039816637066193, 0.6109017744283909, 0.6104457671322742, 0.6048696779148466, 0.6106817709083344, 0.5991815869053905, 0.6294020704331269, 0.6204739275828413, 0.6256420102721644, 0.6069777116433863, 0.6194499111985792, 0.603269652314437, 0.6146418342693484], "val_acc": [0.532, 0.576, 0.57, 0.592, 0.556, 0.59, 0.582, 0.562, 0.586, 0.59, 0.568, 0.606, 0.59, 0.588, 0.584, 0.622, 0.598, 0.596, 0.652, 0.596, 0.61, 0.614, 0.62, 0.606, 0.626], "val_same_acc": [0.478, 0.538, 0.532, 0.542, 0.558, 0.58, 0.548, 0.586, 0.574, 0.59, 0.56, 0.516, 0.59, 0.57, 0.572, 0.61, 0.596, 0.574, 0.586, 0.59, 0.62, 0.602, 0.586, 0.59, 0.6], "test_acc": [0.4815, 0.509, 0.5545, 0.5695, 0.564, 0.554, 0.571, 0.571, 0.5995, 0.581, 0.5665, 0.569, 0.5955, 0.583, 0.5825, 0.598, 0.5795, 0.5915, 0.603, 0.5845, 0.5985, 0.6075, 0.6065, 0.584, 0.6025], "test_same_acc": [0.4995, 0.5235, 0.559, 0.5415, 0.58, 0.5605, 0.584, 0.589, 0.601, 0.6005, 0.597, 0.5935, 0.613, 0.607, 0.611, 0.6175, 0.601, 0.6015, 0.624, 0.6075, 0.624, 0.6155, 0.607, 0.6075, 0.6165], "test_acc_ci": [0.015492363405884849, 0.01548697499110139, 0.015395030749400926, 0.015399406738572756, 0.015333665132641968, 0.015393252709385366, 0.015307893307049144, 0.015295536603859312, 0.015180511189515326, 0.015237800555690443, 0.015286647335992285, 0.015289207284061525, 0.015154613580523921, 0.01521290209000242, 0.01520230626500466, 0.015131083767364453, 0.015240652281808674, 0.015203832250455806, 0.015090655621940353, 0.015206871920286566, 0.015106738541955376, 0.015104968291923024, 0.015137889607702916, 0.015208385607124774, 0.015119013324288062], "best_epoch": 19, "best_val_acc": 0.652, "best_val_same_acc": 0.586, "best_test_acc": 0.603, "best_test_same_acc": 0.624, "best_test_acc_ci": 0.015090655621940353, "has_same": true}