{"part_acc": [0.15625, 0.1875, 0.1484375, 0.1171875, 0.1640625, 0.171875, 0.171875, 0.171875, 0.1796875, 0.1640625, 0.1796875, 0.25, 0.1875, 0.1875, 0.15625, 0.234375, 0.15625, 0.140625, 0.1796875, 0.21875, 0.203125, 0.2421875, 0.25, 0.2421875, 0.2109375, 0.15625, 0.15625, 0.3125, 0.2890625, 0.3359375, 0.3125, 0.265625, 0.359375, 0.3203125, 0.34375, 0.2578125, 0.296875, 0.3359375, 0.4453125, 0.578125, 0.453125, 0.375, 0.46875, 0.453125, 0.34375, 0.3984375, 0.4453125, 0.3828125, 0.4375, 0.3828125, 0.4765625, 0.4765625, 0.5, 0.4375, 0.421875, 0.34375, 0.421875, 0.484375, 0.4921875, 0.4609375, 0.4375, 0.53125, 0.5, 0.546875, 0.3515625, 0.4765625, 0.609375, 0.5390625, 0.4765625, 0.6953125, 0.4765625, 0.5859375, 0.625, 0.4765625, 0.5390625, 0.453125, 0.625, 0.65625, 0.5546875, 0.640625, 0.65625, 0.4921875, 0.609375, 0.6328125, 0.6640625, 0.6171875, 0.515625, 0.5234375, 0.625, 0.609375, 0.515625, 0.6328125, 0.640625, 0.5625, 0.703125, 0.640625, 0.4609375, 0.5703125, 0.578125, 0.4296875], "pos_score": [-4.126503944396973, -0.1459190547466278, 2.467576742172241, 2.912555456161499, 3.6228551864624023, 4.590304851531982, 6.019913196563721, 6.186986923217773, 5.629754543304443, 6.293337821960449, 6.6696367263793945, 7.721606254577637, 6.833574295043945, 7.138401031494141, 7.572765827178955, 7.163780212402344, 8.036764144897461, 7.5642805099487305, 7.668242931365967, 8.156646728515625, 8.056123733520508, 8.373584747314453, 7.617431163787842, 8.07535171508789, 8.171472549438477, 7.83436393737793, 8.067330360412598, 8.459283828735352, 8.99781608581543, 8.960973739624023, 8.517677307128906, 9.5822172164917, 9.77420425415039, 9.583093643188477, 9.316181182861328, 9.962547302246094, 9.384568214416504, 10.370294570922852, 9.40473461151123, 10.374397277832031, 10.38798713684082, 10.186595916748047, 10.91452407836914, 10.408308982849121, 11.260710716247559, 11.208185195922852, 11.447257995605469, 10.874876976013184, 11.547935485839844, 11.791757583618164, 11.831903457641602, 12.544255256652832, 11.721903800964355, 11.849808692932129, 11.722396850585938, 12.328142166137695, 13.054665565490723, 13.177275657653809, 13.613622665405273, 12.991582870483398, 13.864749908447266, 13.454315185546875, 14.683379173278809, 14.350079536437988, 13.489243507385254, 13.706806182861328, 14.409521102905273, 14.722907066345215, 14.342275619506836, 15.234607696533203, 15.190268516540527, 15.838301658630371, 14.748017311096191, 14.968423843383789, 15.689045906066895, 16.489055633544922, 15.686765670776367, 16.65959358215332, 16.211170196533203, 16.488178253173828, 15.735576629638672, 16.99748992919922, 16.581260681152344, 16.616073608398438, 16.65094757080078, 16.690589904785156, 16.892322540283203, 16.855335235595703, 17.225482940673828, 17.584938049316406, 17.380462646484375, 17.89141845703125, 17.309967041015625, 17.635494232177734, 17.470348358154297, 17.529022216796875, 17.452585220336914, 17.336788177490234, 17.45481300354004, 16.484004974365234], "neg_score": [-5.237005233764648, -2.1986615657806396, 0.3145575225353241, 0.4406988322734833, 1.2497929334640503, 0.8801355361938477, 2.8288400173187256, 2.417821168899536, 1.6096560955047607, 2.517043113708496, 2.262238025665283, 3.432831048965454, 3.072516679763794, 3.034529447555542, 3.01106595993042, 3.221606731414795, 3.9207520484924316, 3.5481717586517334, 3.6860251426696777, 3.3580775260925293, 3.49525785446167, 3.7400693893432617, 3.3259449005126953, 4.336136341094971, 3.5610709190368652, 3.511079788208008, 3.995777130126953, 3.4902777671813965, 3.233027219772339, 3.9752464294433594, 3.6733059883117676, 4.1149492263793945, 4.248330116271973, 3.9193828105926514, 4.089476108551025, 4.492376327514648, 3.651005268096924, 4.51984977722168, 3.6963794231414795, 3.672100305557251, 4.1955742835998535, 4.529385566711426, 4.726134300231934, 3.9820358753204346, 5.156866073608398, 5.075822830200195, 4.952413558959961, 5.502856731414795, 5.284438610076904, 5.651398181915283, 5.5711541175842285, 5.7838239669799805, 5.35239315032959, 5.231474876403809, 5.723568439483643, 6.540804386138916, 6.014142036437988, 6.667963027954102, 6.509547710418701, 6.878747463226318, 7.2388105392456055, 6.186160087585449, 7.195976734161377, 7.449047088623047, 7.465831756591797, 6.455057144165039, 6.922857761383057, 7.123012065887451, 7.880132675170898, 6.585962772369385, 7.067695140838623, 7.285682678222656, 6.721800804138184, 7.739184856414795, 8.170903205871582, 8.485033988952637, 8.393723487854004, 8.25966739654541, 7.8913350105285645, 8.683650970458984, 7.789456844329834, 9.14613151550293, 8.283787727355957, 8.142760276794434, 8.013507843017578, 8.170145034790039, 8.56655216217041, 9.46994400024414, 9.066596984863281, 8.444379806518555, 8.881442070007324, 9.689291000366211, 7.991247177124023, 9.133852005004883, 7.942620754241943, 9.137301445007324, 9.607049942016602, 9.03892993927002, 8.647014617919922, 9.086488723754883], "train_acc": [0.7287777777777777, 0.759, 0.7845555555555556, 0.8263333333333334, 0.8462222222222222, 0.871, 0.8724444444444445, 0.8781111111111111], "val_acc": [0.502, 0.5, 0.502, 0.494, 0.49, 0.492, 0.494, 0.492], "val_same_acc": [0.524, 0.51, 0.522, 0.506, 0.51, 0.506, 0.51, 0.504], "test_acc": [0.5125, 0.509, 0.51725, 0.50575, 0.50775, 0.50525, 0.5055, 0.5045], "test_same_acc": [0.51175, 0.506, 0.51425, 0.5055, 0.5065, 0.50375, 0.50375, 0.50425], "test_acc_ci": [0.0109535109940546, 0.010955500387932995, 0.010951295831430178, 0.010956039712043533, 0.010955620582462454, 0.010956289333072581, 0.010956264336984343, 0.010956313644281776], "best_epoch": 1, "best_val_acc": 0.502, "best_val_same_acc": 0.524, "best_test_acc": 0.5125, "best_test_same_acc": 0.51175, "best_test_acc_ci": 0.0109535109940546, "has_same": true}