{"acc_im_lang": [0.0546875, 0.125, 0.2109375, 0.1953125, 0.171875, 0.140625, 0.1875, 0.203125, 0.21875, 0.171875, 0.2421875, 0.2578125, 0.234375, 0.25, 0.1875, 0.21875, 0.2734375, 0.2421875, 0.2421875, 0.234375, 0.296875, 0.2578125, 0.2265625, 0.2109375, 0.234375], "acc_lang_im": [0.046875, 0.1015625, 0.171875, 0.1796875, 0.1171875, 0.1875, 0.1640625, 0.1796875, 0.15625, 0.1875, 0.203125, 0.2578125, 0.1953125, 0.2265625, 0.109375, 0.21875, 0.2265625, 0.2109375, 0.2265625, 0.203125, 0.234375, 0.234375, 0.2890625, 0.171875, 0.203125], "pos_score": [0.9005682468414307, 1.631725549697876, 2.6240336894989014, 7.9294657707214355, 9.74052619934082, 10.694707870483398, 11.55639362335205, 11.453670501708984, 12.87919807434082, 12.61846923828125, 13.03345775604248, 13.501861572265625, 13.449113845825195, 13.091594696044922, 13.261761665344238, 13.686332702636719, 14.370138168334961, 13.958057403564453, 14.459997177124023, 14.220861434936523, 14.525811195373535, 14.231603622436523, 14.250641822814941, 14.388446807861328, 14.35241985321045], "neg_score": [-1.0911264419555664, -1.907791256904602, -1.8535500764846802, 2.9797987937927246, 4.783640384674072, 5.272495746612549, 5.835166931152344, 6.075084686279297, 6.859999656677246, 6.999251842498779, 6.465487957000732, 6.729561805725098, 6.492872714996338, 6.187215328216553, 7.344803333282471, 7.006656169891357, 7.250133991241455, 6.8641743659973145, 6.7975382804870605, 6.863374710083008, 6.730820655822754, 7.257254123687744, 6.656355857849121, 7.037001609802246, 6.81083345413208], "simple_val_auc": [0.5601969631514104, 0.5727411638586217, 0.5630650090401447, 0.6101337621401942, 0.6445143122289956, 0.6248019968319493, 0.6337741403862462, 0.6250300004800077, 0.6342901486423782, 0.6388942223075569, 0.6401502424038784, 0.656574505192083, 0.6600425606809709, 0.6471743547896766, 0.6487263796220739, 0.647898366373862, 0.651398422374758, 0.6601985631770109, 0.659918558696939, 0.6470223523576377, 0.6414782636522185, 0.6495423926782828, 0.6524184386950191, 0.6380022080353286, 0.6625106001696027]}