{"acc_im_lang": [0.0390625, 0.0390625, 0.03125, 0.0859375, 0.1640625, 0.1484375, 0.09375, 0.1484375, 0.171875, 0.125, 0.171875, 0.1875, 0.234375, 0.1796875, 0.3125, 0.28125, 0.2578125, 0.2578125, 0.328125, 0.3359375, 0.3359375, 0.375, 0.359375, 0.4609375, 0.390625, 0.390625, 0.359375, 0.3984375, 0.5234375, 0.5234375, 0.4921875, 0.3515625, 0.3984375, 0.4765625, 0.3671875, 0.3984375, 0.5078125, 0.421875, 0.46875, 0.46875, 0.5703125, 0.4375, 0.4609375, 0.484375, 0.4140625, 0.453125], "acc_lang_im": [0.015625, 0.0078125, 0.0078125, 0.046875, 0.03125, 0.03125, 0.0546875, 0.0703125, 0.03125, 0.109375, 0.125, 0.1015625, 0.140625, 0.1015625, 0.125, 0.140625, 0.1328125, 0.15625, 0.1484375, 0.1640625, 0.125, 0.109375, 0.1953125, 0.265625, 0.1796875, 0.1953125, 0.1171875, 0.25, 0.2265625, 0.2578125, 0.3203125, 0.0859375, 0.2265625, 0.1953125, 0.1171875, 0.2734375, 0.3046875, 0.3046875, 0.296875, 0.2109375, 0.3203125, 0.28125, 0.296875, 0.2421875, 0.3359375, 0.3046875], "pos_score": [-0.4161466956138611, 0.1463734656572342, 0.06695982813835144, 0.1507471799850464, 0.3748815059661865, 0.8998442888259888, 0.3502705693244934, 0.10178058594465256, 0.34366410970687866, 0.08471498638391495, 0.3520753085613251, 0.884326159954071, 1.4439642429351807, 1.5214587450027466, 1.6473329067230225, 1.8818928003311157, 2.188800811767578, 2.2179055213928223, 2.7467503547668457, 4.563023090362549, 6.7984619140625, 6.685018539428711, 6.490815162658691, 7.440042972564697, 7.900578498840332, 6.8403215408325195, 7.41506814956665, 8.333612442016602, 8.975055694580078, 8.783063888549805, 8.706668853759766, 9.059393882751465, 8.552702903747559, 8.578373908996582, 8.42291259765625, 8.334503173828125, 9.139673233032227, 8.861531257629395, 8.873244285583496, 8.502950668334961, 9.222947120666504, 8.989782333374023, 8.586645126342773, 8.94239616394043, 8.860610961914062, 8.981023788452148], "neg_score": [-0.44962427020072937, 0.1010793074965477, -0.25834277272224426, -0.4551980793476105, -0.5454907417297363, -0.449929416179657, -1.3929073810577393, -1.7282788753509521, -1.564229965209961, -2.1404900550842285, -2.3373959064483643, -1.9311387538909912, -2.2748000621795654, -1.7189910411834717, -1.6269869804382324, -2.1327219009399414, -1.8103095293045044, -1.8797452449798584, -1.5311968326568604, -0.5487788915634155, 1.1108142137527466, 1.003583312034607, 1.1822962760925293, 1.9151315689086914, 2.055161237716675, 0.98101806640625, 2.328688144683838, 2.1812491416931152, 2.637446403503418, 2.385866641998291, 2.89577054977417, 3.8440933227539062, 2.0727429389953613, 1.9479495286941528, 2.455378293991089, 1.7726161479949951, 2.6331589221954346, 1.2879564762115479, 2.4370007514953613, 1.57279372215271, 2.0704691410064697, 2.0187885761260986, 1.699472188949585, 2.2990024089813232, 2.747370481491089, 1.2956372499465942], "simple_val_acc": [0.5279516267079499, 0.5622419525322415, 0.576258076849003, 0.5341129171559887, 0.5482742087398806, 0.5102096919576007, 0.49990324052206936, 0.5221774334816202, 0.5380806541986043, 0.5401774310690741, 0.5582258227207968, 0.5420806564703102, 0.5683064690664892, 0.5441774304158264, 0.5803871103183877, 0.5601451752015179, 0.5763548507988453, 0.6105484054011683, 0.6225645294650908, 0.6346290483013276, 0.5764193695038557, 0.5784355015985427, 0.630612919695435, 0.5823548523552956, 0.6386129190210372, 0.5964516289243775, 0.6427258223189461, 0.6347258222540539, 0.6266935671135303, 0.6426451759434515, 0.5884193692149655, 0.6144677570755444, 0.5444677544303478, 0.6124677589228076, 0.6146290497126118, 0.6065161438238236, 0.6285967895859672, 0.5824032399822627, 0.5864193712266222, 0.6065967868763593, 0.6366129151924003, 0.6305322732612971, 0.5822903358681548, 0.6145645351020559, 0.6225806612689648, 0.6405806546725572], "simple_val_acc_ci": [0.0438453834617733, 0.04357318399953227, 0.043400450640753645, 0.04381238427318513, 0.0437103870191425, 0.04390599234665941, 0.04391485006492564, 0.043871977556804304, 0.04378681886706625, 0.04377296166833652, 0.04361599892201476, 0.04375838988417927, 0.0435035315518182, 0.04374310613212356, 0.04334451404520123, 0.0435949513710163, 0.043400448023224604, 0.04283016173655193, 0.04257668284199413, 0.0422952199444859, 0.043400450640753645, 0.043372848797042826, 0.04239218630771655, 0.04331543853264175, 0.04219508898864772, 0.043091173879682476, 0.04209175679479547, 0.0422952199444859, 0.042486001165984874, 0.0420917594123245, 0.043223783135830175, 0.042748746113338905, 0.04374310613212356, 0.04278983608418503, 0.042748746113338905, 0.04290852532090607, 0.042439485057441974, 0.04331543853264175, 0.04325507831301429, 0.04290852532090607, 0.04224555233098066, 0.04239218630771655, 0.04331543853264175, 0.042748746113338905, 0.04257668284199413, 0.042143819447370924]}