{"acc_im_lang": [0.0234375, 0.0625, 0.15625, 0.125, 0.125, 0.1484375, 0.140625, 0.171875, 0.21875, 0.2890625, 0.34375, 0.3984375, 0.3046875, 0.2890625, 0.4296875, 0.46875, 0.3671875, 0.421875, 0.4375, 0.40625, 0.5234375, 0.4375, 0.5234375, 0.484375, 0.4921875, 0.421875, 0.4609375, 0.375, 0.5, 0.5625, 0.53125, 0.4765625, 0.5, 0.484375, 0.4609375, 0.6015625, 0.578125, 0.578125, 0.5625, 0.515625, 0.6640625, 0.5859375, 0.546875, 0.625, 0.625, 0.5859375, 0.6484375, 0.5859375, 0.515625, 0.609375, 0.5859375, 0.4375, 0.671875, 0.5859375, 0.5390625, 0.609375, 0.578125, 0.609375, 0.5546875, 0.6328125, 0.609375, 0.8125, 0.7265625, 0.4765625, 0.5, 0.6484375, 0.578125, 0.625, 0.59375, 0.5625, 0.671875, 0.6875, 0.6328125, 0.7421875, 0.65625, 0.59375, 0.7109375, 0.625, 0.7578125, 0.59375], "acc_lang_im": [0.015625, 0.0234375, 0.0859375, 0.046875, 0.0859375, 0.0390625, 0.0546875, 0.1015625, 0.109375, 0.125, 0.1640625, 0.2578125, 0.1328125, 0.171875, 0.21875, 0.21875, 0.2109375, 0.1953125, 0.2421875, 0.3125, 0.2734375, 0.2578125, 0.3671875, 0.3671875, 0.328125, 0.3359375, 0.2109375, 0.2578125, 0.3125, 0.3359375, 0.3359375, 0.2421875, 0.359375, 0.296875, 0.21875, 0.4765625, 0.234375, 0.421875, 0.4453125, 0.2890625, 0.484375, 0.40625, 0.296875, 0.3125, 0.4765625, 0.4453125, 0.5078125, 0.4765625, 0.46875, 0.4921875, 0.4375, 0.296875, 0.4921875, 0.3984375, 0.4375, 0.484375, 0.4921875, 0.5859375, 0.421875, 0.46875, 0.4296875, 0.7109375, 0.46875, 0.359375, 0.328125, 0.4140625, 0.4140625, 0.4453125, 0.5234375, 0.4375, 0.4921875, 0.5234375, 0.5078125, 0.5234375, 0.578125, 0.515625, 0.390625, 0.484375, 0.59375, 0.5390625], "pos_score": [0.09463246166706085, 0.5981059074401855, 1.3845497369766235, 1.9819817543029785, 2.871534824371338, 2.5142900943756104, 2.211052179336548, 1.575674295425415, 1.7452077865600586, 2.609469413757324, 2.574601650238037, 2.7602672576904297, 3.5256876945495605, 3.6522202491760254, 4.049745559692383, 4.5735321044921875, 4.1971845626831055, 4.512412071228027, 4.922562599182129, 4.774690628051758, 5.639029502868652, 5.676729679107666, 6.559160232543945, 6.660395622253418, 7.747777462005615, 7.736710548400879, 7.670187473297119, 8.739781379699707, 9.103967666625977, 9.673455238342285, 8.86231803894043, 9.317832946777344, 9.833688735961914, 9.516504287719727, 9.587695121765137, 9.864190101623535, 10.229620933532715, 10.222284317016602, 10.165473937988281, 9.707629203796387, 10.122092247009277, 10.082250595092773, 10.230941772460938, 10.358011245727539, 10.505026817321777, 10.2194185256958, 10.825803756713867, 10.183664321899414, 10.723478317260742, 10.654277801513672, 10.064626693725586, 9.973302841186523, 10.315014839172363, 10.07191276550293, 10.106210708618164, 10.70350456237793, 10.186037063598633, 10.443419456481934, 10.212072372436523, 10.01412582397461, 10.024965286254883, 10.833135604858398, 10.426559448242188, 9.994423866271973, 10.177016258239746, 9.773894309997559, 10.830440521240234, 10.636610984802246, 10.439837455749512, 10.440279006958008, 10.363561630249023, 10.507941246032715, 10.159473419189453, 10.475061416625977, 10.510019302368164, 10.446473121643066, 10.428812980651855, 10.069279670715332, 10.173619270324707, 10.085165023803711], "neg_score": [0.08805201202630997, 0.21894817054271698, 0.48670950531959534, 0.740820586681366, 1.0971826314926147, 0.6783927083015442, -0.18262486159801483, -1.2707769870758057, -1.3291672468185425, -1.185124158859253, -1.3089309930801392, -1.4426958560943604, -1.3712928295135498, -0.5452486276626587, -0.8835986852645874, -0.7594937682151794, -1.0092934370040894, -0.9115324020385742, -0.6998465657234192, -0.6118908524513245, -0.7787123322486877, -0.1160559132695198, 0.327985942363739, 0.7267543077468872, 1.5911768674850464, 1.2859803438186646, 1.7505497932434082, 2.5058693885803223, 2.675595998764038, 3.059990644454956, 2.3123528957366943, 2.8133130073547363, 2.8955204486846924, 3.082313060760498, 3.043130874633789, 2.5804831981658936, 3.4620518684387207, 2.605628728866577, 2.7035531997680664, 2.6954281330108643, 2.0125203132629395, 2.777007818222046, 3.1217052936553955, 3.0417592525482178, 2.990332841873169, 2.2611775398254395, 2.6210556030273438, 2.4965598583221436, 2.3440279960632324, 2.963090419769287, 3.1769609451293945, 3.214951992034912, 2.363075017929077, 2.9468016624450684, 2.642122745513916, 2.452651262283325, 2.2078068256378174, 2.531278371810913, 2.5701773166656494, 1.8942126035690308, 2.3197453022003174, 1.5424069166183472, 2.076324701309204, 2.4950408935546875, 2.83276104927063, 1.5570327043533325, 3.165081739425659, 2.5131001472473145, 2.7731597423553467, 2.1378321647644043, 1.7957899570465088, 1.937438726425171, 1.6211698055267334, 1.7050418853759766, 1.824029564857483, 1.3608957529067993, 1.8351664543151855, 2.0004982948303223, 1.6661125421524048, 2.2213852405548096], "simple_val_acc": [0.5158225922579727, 0.5139032443463802, 0.4740967883799345, 0.5203548539574108, 0.5583709817336452, 0.5543548558085196, 0.5321935592192796, 0.4400161385233364, 0.6205484039043226, 0.5663871112634098, 0.606516142560109, 0.5281451754781508, 0.5340967890889414, 0.5723548523778876, 0.556241948431538, 0.5803064682392343, 0.5623387246516443, 0.5302742085154017, 0.5159354967142065, 0.5822096919518325, 0.5802419478633711, 0.554161307789145, 0.5522258232283976, 0.5741935659156692, 0.5943709838923908, 0.6165000175429929, 0.6186290470880846, 0.582403244237746, 0.6407096926348825, 0.5945322721360191, 0.5181451804935933, 0.6166451749388249, 0.6346613082664628, 0.6387096927560145, 0.6144838892134927, 0.6265967873555998, 0.5944838857650756, 0.6526129206322855, 0.6206129215994189, 0.590483887612339, 0.6286935653753819, 0.6207258211749216, 0.6466451791183603, 0.6286451819308343, 0.5863225966240129, 0.6426129239119829, 0.6306613088163637, 0.5824355020484617, 0.6386129184124931, 0.6466935623797678, 0.6146290472053713, 0.6026129187335891, 0.6106290478091085, 0.636725823268775, 0.6145645316238365, 0.6165806601066743, 0.5744516295954104, 0.6164838920288509, 0.6487419486238111, 0.6186613046161591, 0.6024838889885333, 0.6547580816188165, 0.6304677618607397, 0.6285484041388958, 0.6245806598942126, 0.6346935668251207, 0.6386129155408952, 0.5643871126362393, 0.6086451806257809, 0.6125483989427167, 0.6385806559170446, 0.6104354977434681, 0.6084838847114193, 0.6084193702094978, 0.5825322748302452, 0.6004193709430194, 0.6085161484436643, 0.6166129168781542, 0.616580662637949, 0.6084677580397937],