{"acc_im_lang": [0.0625, 0.1015625, 0.1328125, 0.1328125, 0.1796875, 0.1640625, 0.203125, 0.1875, 0.203125, 0.2109375, 0.2421875, 0.2265625, 0.234375, 0.2109375, 0.265625, 0.3203125, 0.375, 0.2421875, 0.40625, 0.3046875, 0.4375, 0.359375, 0.4453125, 0.4140625, 0.375, 0.3203125, 0.3671875, 0.4375, 0.5390625, 0.5234375, 0.46875, 0.3828125, 0.4609375, 0.359375, 0.4140625, 0.5546875, 0.4921875, 0.546875, 0.4765625, 0.4609375, 0.625, 0.5546875, 0.53125, 0.4765625, 0.515625, 0.4375, 0.484375, 0.5625, 0.5, 0.53125, 0.3984375, 0.3671875, 0.59375, 0.5625, 0.4921875, 0.5859375, 0.515625, 0.4921875, 0.3671875, 0.625, 0.40625, 0.6484375, 0.5625, 0.515625, 0.3671875, 0.4765625, 0.375, 0.4765625, 0.46875, 0.4609375, 0.3984375, 0.453125, 0.59375, 0.5078125, 0.4765625, 0.6171875, 0.5703125, 0.546875, 0.578125, 0.46875, 0.4375, 0.6015625, 0.609375, 0.5859375, 0.53125, 0.6015625, 0.4375, 0.6484375, 0.6171875, 0.4453125, 0.5546875, 0.53125, 0.5546875, 0.484375, 0.6328125, 0.5, 0.5703125, 0.5859375, 0.6171875, 0.546875], "acc_lang_im": [0.03125, 0.0234375, 0.078125, 0.0859375, 0.109375, 0.0703125, 0.078125, 0.0859375, 0.015625, 0.203125, 0.1171875, 0.1171875, 0.0859375, 0.09375, 0.1015625, 0.1171875, 0.1796875, 0.109375, 0.2265625, 0.171875, 0.2109375, 0.1796875, 0.2265625, 0.3046875, 0.2578125, 0.2109375, 0.1015625, 0.1796875, 0.2421875, 0.25, 0.21875, 0.2421875, 0.2890625, 0.2421875, 0.203125, 0.328125, 0.265625, 0.3671875, 0.3671875, 0.3203125, 0.4375, 0.3125, 0.3203125, 0.265625, 0.3046875, 0.3046875, 0.4765625, 0.3828125, 0.4375, 0.359375, 0.203125, 0.1875, 0.421875, 0.234375, 0.3046875, 0.40625, 0.3359375, 0.4453125, 0.2734375, 0.3984375, 0.296875, 0.421875, 0.3984375, 0.21875, 0.296875, 0.328125, 0.234375, 0.3203125, 0.2890625, 0.3125, 0.1875, 0.3828125, 0.4140625, 0.3125, 0.4296875, 0.421875, 0.34375, 0.296875, 0.4296875, 0.390625, 0.453125, 0.5, 0.5, 0.4140625, 0.578125, 0.515625, 0.3125, 0.46875, 0.4765625, 0.421875, 0.3828125, 0.421875, 0.4453125, 0.3046875, 0.515625, 0.3359375, 0.3828125, 0.40625, 0.5390625, 0.34375], "pos_score": [1.293607234954834, 1.972745418548584, 3.1586289405822754, 3.9024593830108643, 4.348213195800781, 4.626040458679199, 4.7227630615234375, 4.984270095825195, 4.801472187042236, 5.081662178039551, 5.196808815002441, 5.481073379516602, 5.515261173248291, 5.508400917053223, 5.4999871253967285, 5.735795021057129, 5.680285453796387, 5.7661027908325195, 5.847221851348877, 5.920564651489258, 6.075237274169922, 5.972264289855957, 5.779088020324707, 5.925063610076904, 6.125166416168213, 5.970773696899414, 5.682648658752441, 6.098873138427734, 6.2825422286987305, 6.2735795974731445, 6.291126251220703, 6.039506912231445, 6.19425106048584, 6.138246536254883, 6.054384231567383, 6.364065170288086, 6.102377891540527, 6.582494735717773, 6.22731876373291, 6.192807674407959, 6.597592830657959, 6.377275466918945, 6.317971229553223, 6.361417770385742, 6.374659061431885, 6.236688613891602, 6.575568199157715, 6.2910051345825195, 6.525232315063477, 6.3140716552734375, 5.974037170410156, 5.726509094238281, 6.244316101074219, 6.110823154449463, 6.074704170227051, 6.5477752685546875, 6.1935014724731445, 6.271451950073242, 6.003455638885498, 6.4586310386657715, 6.0838823318481445, 6.446564674377441, 6.206110000610352, 5.966626167297363, 6.0026469230651855, 6.184812545776367, 5.722034454345703, 6.134285926818848, 6.076113700866699, 6.19075870513916, 6.150508880615234, 6.225441932678223, 6.073724269866943, 6.24462890625, 6.162814617156982, 6.380847930908203, 6.1074371337890625, 6.024458885192871, 6.19816255569458, 5.969883918762207, 6.266631126403809, 6.513906955718994, 5.940264701843262, 6.244921684265137, 6.05717658996582, 6.32072639465332, 5.947441101074219, 6.288187503814697, 6.232906341552734, 5.905928134918213, 6.124929428100586, 6.226701259613037, 6.135461807250977, 6.021634101867676, 6.0617356300354, 5.993847846984863, 6.043784141540527, 6.281703948974609, 6.2636613845825195, 6.18846321105957], "neg_score": [1.276618480682373, 1.6944518089294434, 2.0635879039764404, 2.369915246963501, 2.396148920059204, 2.5608019828796387, 2.5105011463165283, 2.6567599773406982, 2.6554722785949707, 2.5832440853118896, 2.6867425441741943, 2.6925716400146484, 2.3870997428894043, 2.6717567443847656, 2.632464647293091, 2.5634922981262207, 2.489738702774048, 2.5783612728118896, 2.6626596450805664, 2.532639741897583, 2.4746015071868896, 2.5498383045196533, 2.2777700424194336, 2.484680652618408, 2.72786283493042, 2.62402081489563, 2.489596366882324, 2.4981069564819336, 2.6493725776672363, 2.4352893829345703, 2.4768576622009277, 2.6786153316497803, 2.648073434829712, 2.4908206462860107, 2.3721539974212646, 2.3110783100128174, 2.3379366397857666, 2.2158467769622803, 2.2405359745025635, 2.3868298530578613, 2.191922903060913, 2.377967119216919, 2.346223831176758, 2.399573802947998, 2.3983821868896484, 2.0343923568725586, 2.160068988800049, 2.15948486328125, 2.104678153991699, 2.1851513385772705, 2.3193063735961914, 2.1655495166778564, 2.216677188873291, 2.1409945487976074, 2.2729148864746094, 2.0018560886383057, 2.1021728515625, 2.0199034214019775, 2.0554263591766357, 1.9133714437484741, 1.966597557067871, 1.8798168897628784, 1.8842403888702393, 2.022366523742676, 2.2274274826049805, 2.0045955181121826, 2.1559605598449707, 2.1120963096618652, 2.1183953285217285, 2.2443020343780518, 1.9373914003372192, 2.043583393096924, 1.9035388231277466, 1.9153850078582764, 2.021843910217285, 1.8401902914047241, 1.8700913190841675, 1.9380714893341064, 1.900309681892395, 2.175246000289917, 1.892182469367981, 1.880547046661377, 1.8406081199645996, 1.958526849746704, 1.7440035343170166, 1.8375800848007202, 2.0420897006988525, 1.9473621845245361, 1.9922863245010376, 1.806716799736023, 1.9032189846038818, 1.8890552520751953, 1.9984922409057617, 1.9834190607070923, 1.9837690591812134, 2.0189478397369385, 1.883001685142517, 1.71755850315094, 1.8589539527893066, 2.0085055828094482], "simple_val_acc": [0.5099193713583292, 0.46188711112305036, 0.516048403734161, 0.48190323841956356, 0.5260161428711108, 0.5300161463772097, 0.5000161438887157, 0.5160322713438541, 0.5162096896782037, 0.5724193666370646, 0.558096787893003, 0.534112916137903, 0.5903548571380877, 0.5401774294116805, 0.4961613048271787, 0.5121451774008812, 0.46796775398619717, 0.6206129196949544, 0.5041935656272596, 0.45198388330734546, 0.4559838827574445, 0.5865161465002644, 0.4980806571951797, 0.4539032404672715, 0.42158065853412113, 0.44188711011457826, 0.5342580757761194, 0.6125000168738827, 0.4920967881391125, 0.44779033455685263, 0.4357903319621278, 0.5744354951223059, 0.5623548528878919, 0.5843548565487708, 0.6305484057083246, 0.46195162504671083, 0.6225806605979319, 0.6526129205798911, 0.6326451734314043, 0.43383872090135855, 0.6507742120359212, 0.6347096923041728, 0.6486774374808997, 0.6667580807891584, 0.6567903385027762, 0.6566774349203033, 0.6566935616125984, 0.6446129173602788, 0.654741950498954, 0.6267419478258779, 0.6647419517655526, 0.6347903387950313, 0.5463225963442556, 0.6527419507450635, 0.6466290502125217, 0.6225645300577725, 0.6808225966336265, 0.6426129227847822, 0.6707903349649522, 0.6707258256058539, 0.6307419459396792, 0.6687742123949911, 0.6346129190830454, 0.686758082593641, 0.6907580817351417, 0.6928871157400069, 0.6947903399323263, 0.6728387232576647, 0.6466451787189129, 0.6747580806036149, 0.6808225951752356, 0.6989193684112641, 0.6807903398222501, 0.6847903361032086, 0.6929032436916904, 0.7068387285740145, 0.6989193690707607, 0.6908871113677179, 0.6888548517486741, 0.7069516352838086, 0.6768871145546436, 0.6928226017144419, 0.6928709827555763, 0.42375807665528786, 0.6787580801892665, 0.6567258291340643, 0.6767903394035755, 0.6948064657420882, 0.6828064644182882, 0.6949516273813863, 0.6929355037914169, 0.7029838882703935, 0.7129516305000552, 0.6848387258398918, 0.7129677580960335, 0.6787096943446705, 0.7149677614569664, 0.6025000167517893, 0.7068387286951465, 0.556177434619396],