{"acc_im_lang": [0.1171875, 0.34375, 0.3984375, 0.4765625, 0.5078125, 0.625, 0.609375, 0.65625, 0.609375, 0.6328125, 0.6328125, 0.7265625, 0.4609375, 0.546875, 0.75, 0.515625, 0.6875, 0.71875, 0.7109375, 0.59375, 0.6796875, 0.71875, 0.7109375, 0.5390625, 0.6640625], "acc_lang_im": [0.0625, 0.1171875, 0.2578125, 0.34375, 0.40625, 0.4296875, 0.3203125, 0.4140625, 0.515625, 0.546875, 0.40625, 0.4921875, 0.4453125, 0.3671875, 0.59375, 0.4609375, 0.6640625, 0.5078125, 0.5234375, 0.46875, 0.484375, 0.5859375, 0.6015625, 0.421875, 0.6171875], "pos_score": [2.9516806602478027, 4.32702112197876, 6.391677379608154, 8.093243598937988, 9.435248374938965, 9.703655242919922, 9.955101013183594, 10.551494598388672, 10.686653137207031, 10.735527992248535, 10.90680980682373, 10.921491622924805, 10.764486312866211, 10.579475402832031, 11.099693298339844, 10.38525104522705, 11.015579223632812, 10.439752578735352, 10.480947494506836, 10.718542098999023, 10.836933135986328, 10.683744430541992, 10.544696807861328, 10.412921905517578, 10.552043914794922], "neg_score": [0.8255834579467773, 0.34319645166397095, 1.3171775341033936, 1.867919921875, 2.7695119380950928, 2.5980145931243896, 2.723820686340332, 2.7491164207458496, 2.5757174491882324, 2.7796223163604736, 3.005239248275757, 1.8759751319885254, 2.9388740062713623, 2.323496103286743, 1.9749666452407837, 2.544382095336914, 1.8103035688400269, 1.6425485610961914, 1.7306915521621704, 2.0276894569396973, 1.2675904035568237, 1.093062162399292, 1.4487067461013794, 1.8430780172348022, 1.5456717014312744], "simple_val_acc": [0.5382742112692325, 0.5825161455533197, 0.532096790592036, 0.5340806624115475, 0.5501935651436929, 0.5520806612434888, 0.548322595612176, 0.5984193690861426, 0.5863387321925932, 0.5983225983698521, 0.6044838847517967, 0.6064838907612908, 0.5803226008636335, 0.5762903389315451, 0.5902580803714452, 0.6205322729392397, 0.5943871146834666, 0.5963871124381981, 0.6003871138927437, 0.6285161428614969, 0.5985000195234053, 0.5864032431610169, 0.6184677558055809, 0.5943387259509294, 0.5944516351732515], "simple_val_acc_ci": [0.04378681886706625, 0.04331543853264175, 0.04382409509810331, 0.04381238427318513, 0.04369295165821716, 0.04367478862421912, 0.0437103870191425, 0.04305615395867659, 0.04325507831301429, 0.043056151341147555, 0.04294656063536429, 0.04290852532090607, 0.04334451404520123, 0.043400450640753645, 0.0431917498154572, 0.04262085887957663, 0.04312544518738335, 0.043091171262153435, 0.04302037495424955, 0.042439485057441974, 0.043056151341147555, 0.04325507831301429, 0.04266426012856374, 0.04312544518738335, 0.04312544518738335], "train_acc": [0.9217777777777778, 0.934, 0.9448888888888889, 0.9523333333333334, 0.9555555555555556, 0.9545555555555556, 0.9654444444444444, 0.9725555555555555, 0.9756666666666667, 0.9782222222222222, 0.9817777777777777, 0.9721111111111111, 0.9816666666666667, 0.9807777777777777, 0.98, 0.9843333333333333, 0.9882222222222222, 0.9872222222222222, 0.9894444444444445, 0.9883333333333333, 0.6974444444444444, 0.7334444444444445, 0.7553333333333333, 0.7736666666666666, 0.7923333333333333, 0.8013333333333333, 0.8245555555555556, 0.8312222222222222, 0.8424444444444444, 0.869, 0.872, 0.87, 0.8965555555555556, 0.8986666666666666, 0.9032222222222223, 0.9205555555555556, 0.914, 0.9252222222222222, 0.9261111111111111, 0.9301111111111111], "val_acc": [0.508, 0.514, 0.548, 0.528, 0.53, 0.556, 0.538, 0.524, 0.534, 0.514, 0.532, 0.554, 0.534, 0.524, 0.546, 0.526, 0.508, 0.52, 0.528, 0.526, 0.568, 0.578, 0.596, 0.59, 0.568, 0.578, 0.564, 0.566, 0.542, 0.558, 0.558, 0.562, 0.594, 0.552, 0.56, 0.562, 0.578, 0.55, 0.55, 0.54], "val_same_acc": [0.554, 0.52, 0.582, 0.56, 0.554, 0.556, 0.534, 0.526, 0.538, 0.522, 0.526, 0.548, 0.508, 0.524, 0.528, 0.512, 0.536, 0.508, 0.518, 0.524, 0.53, 0.564, 0.568, 0.584, 0.594, 0.558, 0.578, 0.568, 0.552, 0.562, 0.544, 0.558, 0.542, 0.538, 0.58, 0.514, 0.572, 0.542, 0.532, 0.534], "test_acc": [0.5395, 0.5185, 0.53, 0.514, 0.529, 0.533, 0.516, 0.5215, 0.5135, 0.513, 0.515, 0.528, 0.513, 0.511, 0.5185, 0.5175, 0.5, 0.504, 0.5115, 0.511, 0.5635, 0.5665, 0.569, 0.555, 0.536, 0.562, 0.5485, 0.5575, 0.5625, 0.559, 0.54, 0.5595, 0.5575, 0.5525, 0.5365, 0.5275, 0.556, 0.538, 0.5425, 0.539], "test_same_acc": [0.5385, 0.5355, 0.5415, 0.5445, 0.535, 0.5455, 0.5335, 0.5185, 0.525, 0.5225, 0.5265, 0.535, 0.523, 0.5235, 0.523, 0.5195, 0.5105, 0.522, 0.522, 0.529, 0.5655, 0.5705, 0.5635, 0.5805, 0.556, 0.5715, 0.5545, 0.5595, 0.576, 0.5645, 0.564, 0.5365, 0.559, 0.5545, 0.561, 0.5335, 0.555, 0.5465, 0.5485, 0.553], "test_acc_ci": [0.015447952343271905, 0.015472552097181642, 0.015455502216848214, 0.01546862365483756, 0.015463393883620766, 0.01544734423048182, 0.015476165383421054, 0.015482759443975097, 0.015483672425332438, 0.015485393568618137, 0.015481811514645179, 0.015464379816209895, 0.01548511641544874, 0.015485936231787858, 0.015481811514645179, 0.01548455046489888, 0.015494306340556195, 0.015489922285150434, 0.015486463372087252, 0.015482759443975095, 0.015365692171197496, 0.015349057401026293, 0.015358539786548721, 0.01535225403564571, 0.015429445667294725, 0.015356460457247301, 0.015412747292419997, 0.015388738450568323, 0.015345824897182945, 0.015376538452298031, 0.015411134883583363, 0.015423593563109734, 0.015389649208965095, 0.015406203137048402, 0.015421334228107503, 0.01546630492069777, 0.015399406738572756, 0.015439741771642425, 0.015430869447312423, 0.015429445667294726], "best_epoch": 4, "best_val_acc": 0.59, "best_val_same_acc": 0.584, "best_test_acc": 0.555, "best_test_same_acc": 0.5805, "best_test_acc_ci": 0.01535225403564571, "has_same": true}