{"acc_im_lang": [0.0390625, 0.125, 0.1640625, 0.21875, 0.1796875, 0.203125, 0.265625, 0.203125, 0.1640625, 0.2265625, 0.234375, 0.203125, 0.2734375, 0.3359375, 0.2734375, 0.328125, 0.234375, 0.234375, 0.2734375, 0.25, 0.2578125, 0.2578125, 0.2578125, 0.2734375, 0.2421875], "acc_lang_im": [0.03125, 0.1171875, 0.1875, 0.1640625, 0.21875, 0.1796875, 0.1953125, 0.2109375, 0.15625, 0.1875, 0.2109375, 0.2109375, 0.234375, 0.1953125, 0.1953125, 0.2109375, 0.2109375, 0.1796875, 0.1953125, 0.203125, 0.1875, 0.2265625, 0.2421875, 0.171875, 0.2421875], "pos_score": [1.9769395589828491, 8.047913551330566, 10.313804626464844, 11.674005508422852, 12.509033203125, 12.967748641967773, 13.210193634033203, 13.311617851257324, 13.365769386291504, 13.812129020690918, 14.30312728881836, 14.341876983642578, 14.677583694458008, 14.640700340270996, 14.7657470703125, 14.750999450683594, 14.442536354064941, 14.854721069335938, 14.78639030456543, 14.890335083007812, 15.175919532775879, 15.203699111938477, 15.276290893554688, 15.671895980834961, 15.294137954711914], "neg_score": [0.19453275203704834, 4.648955821990967, 6.047226905822754, 6.519115924835205, 7.143627166748047, 7.697844982147217, 7.75182580947876, 7.663867473602295, 7.886735916137695, 8.060857772827148, 7.691132545471191, 7.905892848968506, 8.089987754821777, 7.859560489654541, 8.016139030456543, 8.152327537536621, 7.782357215881348, 8.263506889343262, 8.139248847961426, 8.035958290100098, 7.817691326141357, 7.968673229217529, 7.844134330749512, 7.928263187408447, 7.778656959533691], "simple_val_auc": [0.5743931902910446, 0.5649130386086177, 0.6033376534024544, 0.6257420118721899, 0.6086097377558041, 0.6148018368293893, 0.4845357525720412, 0.645402326437223, 0.6291160658570537, 0.6247359957759324, 0.6596385542168675, 0.6352821645146323, 0.6284900558408935, 0.6368181890910254, 0.650226403622458, 0.6405662490599849, 0.6487543800700811, 0.6384422150754411, 0.6447903166450664, 0.6571705147282356, 0.629398070369126, 0.639242227875646, 0.6485023760380165, 0.639082225315605, 0.6459423350773612]}