{"acc_im_lang": [0.203125, 0.3203125, 0.3515625, 0.46875, 0.546875, 0.5859375, 0.5859375, 0.640625, 0.5, 0.7890625, 0.7421875, 0.625, 0.5625, 0.6796875, 0.5703125, 0.65625, 0.7578125, 0.6484375, 0.7109375, 0.5859375, 0.609375, 0.75, 0.7109375, 0.78125, 0.796875], "acc_lang_im": [0.0390625, 0.140625, 0.21875, 0.203125, 0.3984375, 0.34375, 0.421875, 0.546875, 0.296875, 0.7109375, 0.609375, 0.5390625, 0.484375, 0.5390625, 0.5, 0.609375, 0.5859375, 0.5703125, 0.578125, 0.53125, 0.5, 0.59375, 0.65625, 0.65625, 0.7421875], "pos_score": [1.042358636856079, 1.7110142707824707, 2.2356550693511963, 3.272982597351074, 7.895227432250977, 10.590078353881836, 12.775012016296387, 14.375065803527832, 13.94389820098877, 15.923521041870117, 17.253358840942383, 17.46182632446289, 17.286418914794922, 17.532245635986328, 17.93496322631836, 18.08123016357422, 18.98145866394043, 18.809921264648438, 19.61019515991211, 19.579181671142578, 19.634681701660156, 20.558320999145508, 20.906917572021484, 21.05485725402832, 21.09276580810547], "neg_score": [-0.9698708653450012, -1.8186873197555542, -2.239570379257202, -2.2745184898376465, 0.7294872403144836, 3.1832284927368164, 4.937112808227539, 5.831657409667969, 7.388759136199951, 6.3331990242004395, 7.406586647033691, 7.975825786590576, 8.384068489074707, 8.073967933654785, 8.178923606872559, 7.776479244232178, 8.719094276428223, 8.19406795501709, 9.061928749084473, 9.057723999023438, 9.235026359558105, 8.139941215515137, 9.377029418945312, 8.944968223571777, 9.066411972045898], "simple_val_auc": [0.553241000336436, 0.5611993143113475, 0.6340537336387959, 0.6420160528044345, 0.649896265560166, 0.660580111824925, 0.6275212675627613, 0.6468863647286884, 0.6379147374997998, 0.6510717890385941, 0.6581569714349798, 0.669800060878899, 0.6549408032810522, 0.6576042551146285, 0.6581769973886157, 0.6680938496291193, 0.6621421362085262, 0.6632876207565005, 0.6773137986830933, 0.6723313414184783, 0.6635719892981304, 0.667120588282414, 0.6797769909803104, 0.6601635719892981, 0.6690550954036432], "train_acc": [0.6071111111111112, 0.6607777777777778, 0.684, 0.7871111111111111, 0.8695555555555555, 0.901, 0.9551111111111111, 0.9755555555555555, 0.9894444444444445], "val_acc": [0.486, 0.496, 0.5, 0.522, 0.55, 0.566, 0.58, 0.582, 0.554], "val_same_acc": [0.484, 0.488, 0.48, 0.504, 0.532, 0.518, 0.532, 0.53, 0.556], "test_acc": [0.5095, 0.5145, 0.5165, 0.536, 0.5695, 0.56, 0.5825, 0.577, 0.547], "test_same_acc": [0.4995, 0.502, 0.501, 0.5205, 0.5395, 0.5445, 0.5525, 0.5635, 0.552], "test_acc_ci": [0.015494532968114918, 0.015493051112514927, 0.015492787656680766, 0.01547040855229751, 0.015402836488776996, 0.015410322773225746, 0.015353311613459816, 0.015341459056263195, 0.01541903952585893], "best_epoch": 7, "best_val_acc": 0.58, "best_val_same_acc": 0.532, "best_test_acc": 0.5825, "best_test_same_acc": 0.5525, "best_test_acc_ci": 0.015353311613459816, "has_same": true}