{"part_acc": [0.015625, 0.1015625, 0.1015625, 0.1328125, 0.1171875, 0.1640625, 0.203125, 0.171875, 0.2109375, 0.1640625, 0.2578125, 0.2421875, 0.140625, 0.171875, 0.25, 0.34375, 0.234375, 0.2109375, 0.3203125, 0.34375, 0.2421875, 0.3515625, 0.390625, 0.2890625, 0.359375, 0.3203125, 0.4296875, 0.5234375, 0.5078125, 0.5234375, 0.4765625, 0.4296875, 0.578125, 0.53125, 0.59375, 0.5625, 0.5234375, 0.484375, 0.6171875, 0.609375, 0.6171875, 0.5625, 0.640625, 0.5546875, 0.5546875, 0.65625, 0.59375, 0.546875, 0.546875, 0.609375, 0.5859375, 0.5234375, 0.59375, 0.5, 0.5625, 0.6484375, 0.5, 0.6484375, 0.578125, 0.6484375, 0.5625, 0.7890625, 0.625, 0.6484375, 0.5546875, 0.5546875, 0.703125, 0.7890625, 0.5390625, 0.75, 0.578125, 0.6171875, 0.7578125, 0.6796875, 0.6953125, 0.609375, 0.625, 0.7109375, 0.6796875, 0.765625, 0.7109375, 0.6796875, 0.7265625, 0.734375, 0.734375, 0.75, 0.5234375, 0.578125, 0.609375, 0.6953125, 0.625, 0.6796875, 0.6171875, 0.6015625, 0.796875, 0.796875, 0.6875, 0.703125, 0.6953125, 0.578125, 0.640625, 0.7109375, 0.734375, 0.7265625, 0.734375, 0.65625, 0.6796875, 0.7578125, 0.7578125, 0.703125, 0.703125, 0.6640625, 0.703125, 0.7265625, 0.75, 0.6171875, 0.6171875, 0.765625, 0.6953125, 0.6796875, 0.8125, 0.796875, 0.8828125, 0.671875, 0.71875, 0.7734375, 0.7109375, 0.796875, 0.7265625, 0.75, 0.78125, 0.75, 0.765625, 0.765625, 0.7265625, 0.7578125, 0.65625, 0.6796875, 0.8828125, 0.90625, 0.7109375, 0.7421875, 0.8046875, 0.7109375, 0.8515625, 0.78125, 0.6484375, 0.8125, 0.8671875, 0.796875], "pos_score": [-2.1589956283569336, -2.539956569671631, 0.18406036496162415, 2.93270206451416, 4.0756072998046875, 5.7276763916015625, 5.642810821533203, 6.94773530960083, 7.400329113006592, 7.719669342041016, 6.786869049072266, 7.751246452331543, 8.123653411865234, 8.67432689666748, 9.051095008850098, 9.821085929870605, 9.90452766418457, 10.715717315673828, 11.90432071685791, 12.334463119506836, 12.982601165771484, 13.575780868530273, 14.733135223388672, 14.428021430969238, 14.759456634521484, 15.549266815185547, 15.96170425415039, 17.247953414916992, 17.54004669189453, 18.032100677490234, 17.583663940429688, 18.299758911132812, 18.290294647216797, 18.999034881591797, 19.116771697998047, 19.46756362915039, 19.406143188476562, 19.418506622314453, 19.238750457763672, 19.884517669677734, 19.96961784362793, 19.924007415771484, 19.89577865600586, 19.82468605041504, 20.514896392822266, 20.14134979248047, 21.28371238708496, 20.278629302978516, 20.45330810546875, 20.973854064941406, 20.202749252319336, 20.991989135742188, 19.884159088134766, 19.913408279418945, 20.132823944091797, 20.80878257751465, 20.421655654907227, 20.688135147094727, 20.235061645507812, 19.927867889404297, 20.815025329589844, 21.25853157043457, 21.525650024414062, 21.371158599853516, 21.159122467041016, 21.335948944091797, 21.761934280395508, 21.44308853149414, 21.280948638916016, 21.993423461914062, 21.263141632080078, 21.810283660888672, 21.78815460205078, 21.872722625732422, 22.327152252197266, 21.961856842041016, 21.988353729248047, 21.816036224365234, 21.53396987915039, 22.139911651611328, 21.592796325683594, 21.468505859375, 21.960308074951172, 21.88850212097168, 21.6849422454834, 21.876419067382812, 21.655406951904297, 20.639934539794922, 21.180721282958984, 21.361194610595703, 21.59805679321289, 21.432376861572266, 20.657094955444336, 21.30807876586914, 22.8854923248291, 21.983667373657227, 21.5456485748291, 21.925302505493164, 21.521089553833008, 20.943355560302734, 20.91056251525879, 20.714336395263672, 21.975440979003906, 22.295747756958008, 22.25537109375, 21.8746337890625, 22.11618423461914, 21.87164878845215, 21.874399185180664, 21.643117904663086, 21.468231201171875, 21.764892578125, 21.926551818847656, 21.225990295410156, 22.214797973632812, 22.278583526611328, 21.685081481933594, 21.961750030517578, 22.08976936340332, 22.014968872070312, 22.735511779785156, 22.11709213256836, 22.411165237426758, 22.203811645507812, 22.21805191040039, 22.668251037597656, 21.732234954833984, 22.427017211914062, 22.480022430419922, 22.88637351989746, 22.39622688293457, 21.985614776611328, 22.38334846496582, 22.069665908813477, 21.788124084472656, 22.578994750976562, 21.334232330322266, 22.17505645751953, 22.567264556884766, 22.412288665771484, 22.16176414489746, 22.138582229614258, 21.92144775390625, 22.012744903564453, 22.610919952392578, 22.487228393554688, 22.01072883605957, 22.908008575439453, 22.903427124023438, 21.741819381713867], "neg_score": [-2.1681935787200928, -3.017249822616577, -0.6471045613288879, 1.5694191455841064, 2.598367929458618, 3.459698438644409, 3.5993223190307617, 4.37799072265625, 4.530074596405029, 4.831667900085449, 3.122791290283203, 3.9757635593414307, 4.817343235015869, 5.162700176239014, 4.858301639556885, 5.9051384925842285, 6.0943474769592285, 6.854691982269287, 7.743648052215576, 7.526486396789551, 8.27076530456543, 8.2135009765625, 9.33084774017334, 10.060615539550781, 9.41291618347168, 10.403244018554688, 10.553568840026855, 11.23730182647705, 10.50324821472168, 11.451497077941895, 11.078142166137695, 11.560256004333496, 11.359216690063477, 11.573088645935059, 11.821365356445312, 11.897296905517578, 11.477753639221191, 12.180752754211426, 11.466034889221191, 11.675300598144531, 11.916654586791992, 12.548530578613281, 12.093589782714844, 11.55991268157959, 12.24039363861084, 11.859600067138672, 12.728792190551758, 13.145963668823242, 12.194761276245117, 12.757335662841797, 12.311079025268555, 12.790409088134766, 11.68159008026123, 11.538607597351074, 12.46318531036377, 12.646149635314941, 12.113683700561523, 12.350852966308594, 11.333107948303223, 11.875092506408691, 12.508540153503418, 11.494739532470703, 12.379889488220215, 12.797483444213867, 13.352211952209473, 12.538881301879883, 12.60211181640625, 12.323124885559082, 12.904807090759277, 11.339095115661621, 11.28507137298584, 12.034735679626465, 11.7011137008667, 12.396917343139648, 13.32591724395752, 12.410124778747559, 12.788554191589355, 12.027647018432617, 12.064123153686523, 12.570353507995605, 12.166994094848633, 12.6199951171875, 11.68351936340332, 11.900749206542969, 11.193320274353027, 11.632112503051758, 12.198652267456055, 11.907371520996094, 12.052578926086426, 11.436633110046387, 11.935888290405273, 12.137558937072754, 10.760125160217285, 11.834452629089355, 11.591340065002441, 12.544204711914062, 12.307726860046387, 12.338292121887207, 11.571581840515137, 12.245945930480957, 11.985820770263672, 11.648856163024902, 12.107562065124512, 12.158575057983398, 11.224089622497559, 12.423147201538086, 12.10784912109375, 12.064596176147461, 11.215309143066406, 11.173519134521484, 12.128994941711426, 12.331204414367676, 11.481622695922852, 12.236616134643555, 11.38469409942627, 12.403202056884766, 12.365140914916992, 12.032245635986328, 12.772452354431152, 11.87637996673584, 11.358915328979492, 11.246121406555176, 11.90254020690918, 11.98011302947998, 11.528772354125977, 12.928196907043457, 12.436057090759277, 11.07342529296875, 12.08435344696045, 12.335217475891113, 13.029879570007324, 12.185857772827148, 11.101700782775879, 11.230424880981445, 11.872883796691895, 12.155780792236328, 11.26710319519043, 12.263154029846191, 10.53632640838623, 11.276216506958008, 12.421126365661621, 12.297197341918945, 11.539525032043457, 12.166876792907715, 11.248820304870605, 11.464414596557617, 12.022828102111816, 10.691367149353027, 10.692910194396973, 11.45761489868164], "train_acc": [0.509, 0.5032222222222222, 0.5557777777777778, 0.5576666666666666, 0.6404444444444445, 0.6792222222222222, 0.7058888888888889, 0.7076666666666667], "val_acc": [0.53, 0.508, 0.524, 0.528, 0.546, 0.548, 0.526, 0.532], "val_same_acc": [0.51, 0.492, 0.502, 0.51, 0.582, 0.548, 0.54, 0.568], "test_acc": [0.511, 0.495, 0.52425, 0.522, 0.56175, 0.55875, 0.5565, 0.56475], "test_same_acc": [0.4985, 0.4965, 0.5175, 0.5175, 0.56225, 0.55875, 0.54875, 0.54825],