{"acc_im_lang": [0.1640625, 0.3359375, 0.3359375, 0.390625, 0.5078125, 0.5234375, 0.59375, 0.5546875, 0.484375, 0.765625, 0.6328125, 0.6015625, 0.6171875, 0.53125, 0.59375, 0.6484375, 0.765625, 0.703125, 0.71875, 0.65625, 0.6015625, 0.78125, 0.71875, 0.6953125, 0.6953125], "acc_lang_im": [0.0078125, 0.1875, 0.2421875, 0.2109375, 0.3125, 0.3359375, 0.3984375, 0.484375, 0.375, 0.6015625, 0.5625, 0.5859375, 0.53125, 0.4453125, 0.390625, 0.546875, 0.5703125, 0.515625, 0.546875, 0.5625, 0.4921875, 0.6484375, 0.6171875, 0.6015625, 0.671875], "pos_score": [1.0633642673492432, 1.6219489574432373, 2.2781925201416016, 4.250119209289551, 6.079376220703125, 6.851503372192383, 8.285569190979004, 8.030492782592773, 7.749168395996094, 8.936277389526367, 9.075297355651855, 9.204408645629883, 9.465958595275879, 9.38199520111084, 9.707115173339844, 9.57386589050293, 10.010866165161133, 9.991466522216797, 10.210158348083496, 10.081968307495117, 9.974116325378418, 10.966832160949707, 10.974285125732422, 11.175244331359863, 11.45379638671875], "neg_score": [-0.4066224694252014, -1.2335011959075928, -1.2721800804138184, -0.46885383129119873, 0.5859969854354858, 0.8453766107559204, 2.0410044193267822, 1.9011869430541992, 2.360781192779541, 1.6829071044921875, 1.999192714691162, 2.3887341022491455, 2.7632222175598145, 2.6824440956115723, 2.3640952110290527, 2.1617543697357178, 2.6184184551239014, 2.1754322052001953, 2.957906723022461, 2.6672444343566895, 2.9386136531829834, 2.570505380630493, 3.1655189990997314, 3.0665509700775146, 3.095871686935425], "simple_val_acc": [0.5523765658549182, 0.5465171879778602, 0.5943165726151907, 0.5999970337614161, 0.6272960483262721, 0.6214366782370435, 0.6237476257978803, 0.6619602984838536, 0.538078497003547, 0.6410126571964743, 0.6674618499023832, 0.6735001345398793, 0.6542372472707771, 0.672039016653812, 0.6624523074777605, 0.6583224178610889, 0.6560561946608332, 0.6738579631658654, 0.6950292371565348, 0.6928971980063898, 0.7142473895205825, 0.7027522790288367, 0.6989802184669329, 0.7024391854354287, 0.7140684790877299], "simple_val_auc": [0.53903458882712, 0.5611392364504397, 0.6003400406927378, 0.5852645027956231, 0.596831493615726, 0.5909658917957674, 0.5977346641247057, 0.630084589628158, 0.5347250036046716, 0.6107915858953203, 0.6260113106586136, 0.6203679969240135, 0.6346384914849644, 0.6351711818516798, 0.6490371521491853, 0.6465819702334226, 0.6509035710280524, 0.6450800237107291, 0.65500088114196, 0.663347698617408, 0.6658909947291689, 0.6627949822970569, 0.6653302680273635, 0.662794982297057, 0.6795186561784072], "simple_val_acc_ci": [0.04282411648464525, 0.042873465150200435, 0.04228111690752634, 0.04218196273938306, 0.04163722307513879, 0.041765471089378066, 0.04172342924984927, 0.04073122797786887, 0.0429301591392848, 0.04131302020528249, 0.04055680092580276, 0.04037545972223853, 0.04095319687936001, 0.04043668358414924, 0.04073122797786887, 0.040843715114472705, 0.04089883070594335, 0.04037545972223853, 0.03964982029246184, 0.03971981645200452, 0.0389039003782241, 0.03936157409019594, 0.0395073615666988, 0.03936157409019594, 0.03890389781172392], "train_acc": [0.6856666666666666, 0.7298888888888889, 0.7757777777777778, 0.8325555555555556, 0.8905555555555555, 0.9496666666666667, 0.9777777777777777, 0.9863333333333333, 0.9902222222222222, 0.989, 0.9913333333333333, 0.9944444444444445, 0.9941111111111111, 0.9936666666666667, 0.9934444444444445, 0.991, 0.994, 0.9941111111111111, 0.9932222222222222, 0.9901111111111112], "val_acc": [0.49, 0.498, 0.504, 0.494, 0.536, 0.562, 0.558, 0.58, 0.548, 0.552, 0.542, 0.544, 0.542, 0.542, 0.54, 0.564, 0.544, 0.544, 0.536, 0.544], "val_same_acc": [0.512, 0.51, 0.51, 0.512, 0.518, 0.576, 0.63, 0.588, 0.578, 0.562, 0.584, 0.564, 0.558, 0.552, 0.582, 0.556, 0.554, 0.558, 0.58, 0.57], "test_acc": [0.5145, 0.519, 0.5195, 0.5365, 0.5545, 0.596, 0.5905, 0.577, 0.5675, 0.55, 0.5575, 0.545, 0.5405, 0.536, 0.5445, 0.541, 0.537, 0.5405, 0.541, 0.5385], "test_same_acc": [0.506, 0.505, 0.5055, 0.5275, 0.537, 0.57, 0.559, 0.561, 0.5625, 0.561, 0.5415, 0.5405, 0.545, 0.5415, 0.535, 0.543, 0.5405, 0.5375, 0.5405, 0.55], "test_acc_ci": [0.015491904272070624, 0.015490697285790594, 0.015490317540321763, 0.015463393883620766, 0.0154301595187801, 0.015280176844526374, 0.015321021668772613, 0.015346906385327303, 0.015363668507228343, 0.015399406738572756, 0.01541903952585893, 0.015438419898908049, 0.015438419898908049, 0.015448556546648623, 0.01544611627481161, 0.015440396834278577, 0.015448556546648624, 0.015447952343271905, 0.015443613429991052, 0.015434360264520199], "best_epoch": 7, "best_val_acc": 0.558, "best_val_same_acc": 0.63, "best_test_acc": 0.5905, "best_test_same_acc": 0.559, "best_test_acc_ci": 0.015321021668772613, "has_same": true}