{"acc_im_lang": [0.0625, 0.1015625, 0.1640625, 0.1484375, 0.140625, 0.1953125, 0.1640625, 0.2578125, 0.234375, 0.234375, 0.21875, 0.2265625, 0.2734375, 0.2109375, 0.2890625, 0.25, 0.1640625, 0.21875, 0.28125, 0.234375, 0.2734375, 0.2578125, 0.296875, 0.265625, 0.34375], "acc_lang_im": [0.046875, 0.09375, 0.1484375, 0.140625, 0.125, 0.1484375, 0.1640625, 0.1953125, 0.1875, 0.1796875, 0.1875, 0.1953125, 0.15625, 0.1953125, 0.1953125, 0.2109375, 0.125, 0.2421875, 0.2265625, 0.2109375, 0.25, 0.2109375, 0.203125, 0.2734375, 0.3515625], "pos_score": [0.7925432920455933, 1.466027021408081, 3.7316336631774902, 8.66415023803711, 10.335221290588379, 10.991393089294434, 12.131562232971191, 12.526674270629883, 12.874124526977539, 13.069123268127441, 14.0582275390625, 14.046186447143555, 14.048422813415527, 14.326980590820312, 14.308420181274414, 14.366717338562012, 14.722625732421875, 14.853314399719238, 14.815790176391602, 15.062873840332031, 15.305801391601562, 15.30075454711914, 15.016349792480469, 15.519454956054688, 15.531021118164062], "neg_score": [-1.2478998899459839, -2.0590124130249023, -0.41498246788978577, 3.453949213027954, 5.28988790512085, 5.954017639160156, 6.848239898681641, 6.965742588043213, 7.157277584075928, 7.6697211265563965, 7.889670372009277, 7.829184055328369, 7.600695610046387, 7.674583435058594, 7.58060884475708, 7.848291397094727, 8.345335960388184, 7.960068702697754, 7.721132755279541, 8.006653785705566, 7.755770683288574, 8.373903274536133, 7.871931552886963, 7.961365222930908, 8.084331512451172], "simple_val_auc": [0.5589089425430807, 0.5458207331317302, 0.5825493207891327, 0.5943935102961647, 0.5979515672250757, 0.6259100145602331, 0.6019736315781052, 0.6305060880974096, 0.6024136386182178, 0.6161498583977345, 0.628410054560873, 0.6270620329925278, 0.6476863629818077, 0.6461623385974176, 0.6503504056064897, 0.631410102561641, 0.6473383574137186, 0.6393182290916655, 0.6214259428150851, 0.6379222067553081, 0.6430902894446311, 0.6331901310420966, 0.641238259812157, 0.6446583145330326, 0.6474983599737596]}