{"part_acc": [0.046875, 0.0625, 0.1484375, 0.1328125, 0.1328125, 0.1640625, 0.2109375, 0.0859375, 0.25, 0.171875, 0.2109375, 0.1796875, 0.1953125, 0.1953125, 0.171875, 0.2578125, 0.1796875, 0.171875, 0.140625, 0.3046875, 0.234375, 0.2734375, 0.234375, 0.1484375, 0.2890625, 0.1875, 0.2421875, 0.3359375, 0.359375, 0.296875, 0.2890625, 0.359375, 0.4765625, 0.3984375, 0.4296875, 0.453125, 0.328125, 0.4296875, 0.5703125, 0.5625, 0.5546875, 0.3984375, 0.546875, 0.5859375, 0.40625, 0.546875, 0.6171875, 0.4453125, 0.4765625, 0.5703125, 0.5625, 0.5703125, 0.578125, 0.484375, 0.4375, 0.453125, 0.53125, 0.515625, 0.5390625, 0.53125, 0.484375, 0.6875, 0.5546875, 0.515625, 0.46875, 0.578125, 0.6875, 0.671875, 0.5078125, 0.6796875, 0.5859375, 0.59375, 0.671875, 0.5, 0.578125, 0.6328125, 0.546875, 0.546875, 0.671875, 0.59375, 0.5859375, 0.546875, 0.6796875, 0.609375, 0.6640625, 0.65625, 0.5625, 0.4453125, 0.5546875, 0.6328125, 0.46875, 0.6015625, 0.6796875, 0.578125, 0.6484375, 0.671875, 0.5078125, 0.65625, 0.625, 0.46875, 0.640625, 0.6171875, 0.7578125, 0.640625, 0.7734375, 0.703125, 0.6015625, 0.7578125, 0.75, 0.671875, 0.625, 0.671875, 0.734375, 0.546875, 0.75, 0.671875, 0.5859375, 0.6875, 0.6484375, 0.59375, 0.78125, 0.75, 0.703125, 0.6953125, 0.65625, 0.734375, 0.6171875, 0.6796875, 0.671875, 0.671875, 0.6328125, 0.6796875, 0.765625, 0.71875, 0.7265625, 0.734375, 0.6484375, 0.6328125, 0.796875, 0.796875, 0.6953125, 0.765625, 0.7265625, 0.6171875, 0.6953125, 0.7421875, 0.7578125, 0.7421875, 0.8125, 0.796875], "pos_score": [1.7948979139328003, 0.6809492707252502, 2.5634260177612305, 4.492008209228516, 6.356789588928223, 7.993892669677734, 8.514822006225586, 8.246461868286133, 8.309420585632324, 8.423727989196777, 8.694639205932617, 8.80030345916748, 8.859954833984375, 8.489202499389648, 8.984853744506836, 9.553874015808105, 9.333549499511719, 9.14077377319336, 9.441387176513672, 10.458626747131348, 9.91922378540039, 10.174678802490234, 8.762879371643066, 9.129597663879395, 10.545082092285156, 9.499732971191406, 10.639559745788574, 10.495185852050781, 11.072434425354004, 11.36016845703125, 12.216985702514648, 12.294132232666016, 11.594331741333008, 11.952840805053711, 12.543147087097168, 13.143207550048828, 12.485954284667969, 12.84891128540039, 12.2880859375, 13.119121551513672, 13.39982795715332, 13.645740509033203, 13.274133682250977, 13.769170761108398, 15.11278247833252, 14.507755279541016, 14.86353874206543, 14.83186149597168, 14.664802551269531, 15.118733406066895, 15.146607398986816, 15.529657363891602, 15.091652870178223, 15.566242218017578, 14.920291900634766, 14.451001167297363, 16.38392448425293, 15.564220428466797, 15.714543342590332, 15.113320350646973, 15.721114158630371, 16.1226806640625, 16.33704376220703, 16.35735321044922, 16.594646453857422, 17.082674026489258, 17.004112243652344, 16.934917449951172, 16.333677291870117, 17.198593139648438, 17.85979461669922, 17.592891693115234, 17.351585388183594, 16.456424713134766, 16.644901275634766, 17.894729614257812, 16.791053771972656, 17.512969970703125, 17.249059677124023, 17.237525939941406, 17.281526565551758, 17.06919288635254, 17.1834716796875, 17.008209228515625, 17.271343231201172, 17.384132385253906, 17.344696044921875, 16.360694885253906, 16.936782836914062, 16.97319793701172, 17.286149978637695, 16.76996612548828, 17.114456176757812, 16.665931701660156, 16.962751388549805, 16.461538314819336, 16.951824188232422, 16.95305633544922, 16.556434631347656, 15.80168628692627, 16.86797523498535, 16.574661254882812, 16.96841812133789, 17.130428314208984, 17.41313934326172, 17.288188934326172, 16.87457275390625, 17.57909393310547, 17.434986114501953, 17.355876922607422, 16.76061248779297, 17.322006225585938, 17.441104888916016, 17.056705474853516, 17.57444953918457, 17.204120635986328, 16.830717086791992, 17.151336669921875, 17.06952476501465, 17.55544662475586, 18.14048194885254, 18.44633674621582, 17.80440902709961, 18.216629028320312, 18.247512817382812, 18.22264862060547, 17.511409759521484, 18.38323974609375, 18.248027801513672, 17.720123291015625, 17.646018981933594, 18.069332122802734, 18.298099517822266, 18.195178985595703, 17.580368041992188, 18.138507843017578, 17.608806610107422, 18.223703384399414, 18.527008056640625, 18.365812301635742, 17.708236694335938, 18.249496459960938, 17.994644165039062, 18.13614273071289, 18.422231674194336, 18.518787384033203, 18.60929298400879, 18.78598403930664, 18.690988540649414, 18.338239669799805], "neg_score": [1.7821804285049438, 0.32707491517066956, 1.6507540941238403, 2.870990753173828, 4.690857887268066, 5.264113426208496, 6.085085868835449, 5.267660140991211, 5.0869317054748535, 5.1434760093688965, 4.901890754699707, 4.853267669677734, 5.753711700439453, 4.826722145080566, 4.701939582824707, 5.998618125915527, 5.737671852111816, 5.400503158569336, 5.724355220794678, 5.808374881744385, 5.596965312957764, 5.378036975860596, 4.358488082885742, 5.467698574066162, 5.802718639373779, 5.202661991119385, 6.125704765319824, 5.653682231903076, 5.533979892730713, 6.415857315063477, 7.309830188751221, 7.164895057678223, 6.0062642097473145, 6.624614715576172, 6.955892086029053, 7.139644145965576, 6.6268720626831055, 6.6783576011657715, 6.150725364685059, 6.424642086029053, 6.66448450088501, 7.264915943145752, 7.033246994018555, 6.771761894226074, 8.066329956054688, 7.979775428771973, 7.821394920349121, 9.20348834991455, 7.90623664855957, 8.300943374633789, 8.574600219726562, 8.648726463317871, 8.203680992126465, 8.158730506896973, 8.922658920288086, 7.764045715332031, 9.068901062011719, 8.707290649414062, 8.646323204040527, 8.53794002532959, 8.783427238464355, 8.000950813293457, 8.597688674926758, 9.248629570007324, 9.839910507202148, 9.723161697387695, 9.13046932220459, 9.134852409362793, 9.631958961486816, 8.7982177734375, 9.380606651306152, 9.4651517868042, 8.663254737854004, 8.733579635620117, 9.31767749786377, 9.864729881286621, 9.439933776855469, 9.493597030639648, 9.209080696105957, 9.418571472167969, 9.570314407348633, 9.716031074523926, 8.972919464111328, 9.031281471252441, 9.341135025024414, 9.045547485351562, 9.517186164855957, 9.40479850769043, 9.447955131530762, 8.765313148498535, 9.7430419921875, 9.338056564331055, 8.321916580200195, 8.682271957397461, 8.08485221862793, 9.019194602966309, 8.893745422363281, 8.694132804870605, 8.154989242553711, 9.067791938781738, 9.598311424255371, 8.580648422241211, 8.543740272521973, 9.070775032043457, 8.485321998596191, 9.45482349395752, 8.970427513122559, 9.3455810546875, 8.107006072998047, 8.794595718383789, 9.185273170471191, 9.181468963623047, 8.484095573425293, 9.699468612670898, 8.672666549682617, 9.10954761505127, 9.222293853759766, 9.187909126281738, 9.9864501953125, 9.3018798828125, 8.655999183654785, 9.045870780944824, 9.44626522064209, 9.578320503234863, 9.201518058776855, 9.984368324279785, 9.844408988952637, 8.870661735534668, 9.518460273742676, 9.2312650680542, 9.889984130859375, 9.78105354309082, 8.841341018676758, 9.16788387298584, 9.155972480773926, 9.474628448486328, 8.773834228515625, 9.680858612060547, 8.659777641296387, 8.878618240356445, 9.501413345336914, 9.731688499450684, 9.453641891479492, 9.620328903198242, 9.428257942199707, 9.229528427124023, 9.710297584533691, 8.639447212219238, 9.115727424621582, 9.397415161132812], "train_acc": [0.5031111111111111, 0.5085555555555555, 0.6595555555555556, 0.709, 0.7863333333333333, 0.81, 0.8101111111111111, 0.8063333333333333, 0.8013333333333333, 0.8126666666666666, 0.814, 0.8107777777777778, 0.82], "val_acc": [0.492, 0.508, 0.5, 0.508, 0.502, 0.518, 0.518, 0.51, 0.496, 0.52, 0.518, 0.53, 0.524], "val_same_acc": [0.504, 0.496, 0.514, 0.528, 0.55, 0.516, 0.518, 0.554, 0.52, 0.522, 0.494, 0.526, 0.512], "test_acc": [0.504, 0.496, 0.5225, 0.52525, 0.53825, 0.53225, 0.53075, 0.53675, 0.526, 0.534, 0.52225, 0.53125, 0.52775], "test_same_acc": [0.50325, 0.49675, 0.52025, 0.52275, 0.53975, 0.52725, 0.541, 0.53125, 0.52575, 0.533, 0.539, 0.5335, 0.5395],