{"train_acc": [0.7174444444444444, 0.7462222222222222, 0.7637777777777778], "val_acc": [0.63, 0.628, 0.646], "val_same_acc": [0.68, 0.698, 0.712], "test_acc": [0.6545, 0.6685, 0.676], "test_same_acc": [0.66375, 0.67875, 0.68425], "test_acc_ci": [0.010387057732913348, 0.010274924008082734, 0.01022105197603823], "train_aux_metric": [-2.77786736424764, -2.7765548203786214, -2.6298268847995336], "val_aux_metric": [-3.2103862953186035, -3.268963903427124, -3.1745445652008057], "test_aux_metric": [-3.2500326080322264, -3.3001393985748293, -3.231087760925293], "val_same_aux_metric": [-3.161308233261108, -3.2486236324310305, -3.139286552429199], "test_same_aux_metric": [-3.139402675628662, -3.201973114013672, -3.143355073928833], "best_epoch": 3, "best_val_acc": 0.646, "best_val_same_acc": 0.712, "best_test_acc": 0.676, "best_test_same_acc": 0.68425, "best_test_acc_ci": 0.01022105197603823, "has_same": true}