{"train_acc": [0.7147777777777777, 0.7278888888888889, 0.7632222222222222, 0.7864444444444444, 0.8068888888888889, 0.8254444444444444, 0.8371111111111111, 0.8402222222222222, 0.8572222222222222, 0.8605555555555555], "val_acc": [0.678, 0.62, 0.662, 0.666, 0.592, 0.622, 0.638, 0.642, 0.6, 0.588], "val_same_acc": [0.704, 0.662, 0.686, 0.728, 0.65, 0.66, 0.652, 0.666, 0.658, 0.648], "test_acc": [0.68625, 0.67225, 0.694, 0.7025, 0.6425, 0.65725, 0.66175, 0.67575, 0.66025, 0.65375], "test_same_acc": [0.68, 0.6605, 0.689, 0.7, 0.632, 0.6415, 0.65325, 0.66975, 0.64625, 0.6485], "test_acc_ci": [0.010195420812643043, 0.010332364510211349, 0.010121264029260377, 0.010030012447026174, 0.010535853192195684, 0.010456354523536153, 0.010398944117072654, 0.010282003768113489, 0.0104293927381943, 0.01044427234166531], "train_aux_metric": [-1.826914288467831, -1.8033048039012485, -1.7515538783338336, -1.7641043213738334, -1.770224489318, -1.718958934466044, -1.7009041666454738, -1.7012860780027177, -1.6887841603226132, -1.6962219956715903], "val_aux_metric": [-2.2391488876342773, -2.2839127044677734, -2.274785154342651, -2.3229333324432373, -2.4310939083099363, -2.399189702987671, -2.4247159328460692, -2.4678954944610596, -2.4341822853088377, -2.45526646232605], "test_aux_metric": [-2.2889133682250975, -2.315569411277771, -2.2980397748947143, -2.3457989130020143, -2.438946192741394, -2.404979983329773, -2.4369043922424316, -2.4672976722717284, -2.4569878034591675, -2.482016739845276], "val_same_aux_metric": [-2.255362190246582, -2.2894782342910767, -2.284822052001953, -2.2934230375289917, -2.414774627685547, -2.355232385635376, -2.4059101276397703, -2.433062442779541, -2.4148299961090087, -2.440800870895386], "test_same_aux_metric": [-2.1865690565109253, -2.220161298751831, -2.203902370452881, -2.244453528404236, -2.334409383773804, -2.294554560661316, -2.321862105369568, -2.35256005191803, -2.347633788108826, -2.361921726226807], "best_epoch": 4, "best_val_acc": 0.666, "best_val_same_acc": 0.728, "best_test_acc": 0.7025, "best_test_same_acc": 0.7, "best_test_acc_ci": 0.010030012447026174, "has_same": true}