{"train_acc": [0.49866666666666665, 0.5026666666666667, 0.49766666666666665, 0.5455555555555556, 0.6592222222222223, 0.6963333333333334, 0.7128888888888889, 0.7355555555555555, 0.7201111111111111, 0.7313333333333333, 0.7314444444444445, 0.7402222222222222, 0.7483333333333333, 0.744, 0.7372222222222222, 0.7481111111111111, 0.7481111111111111, 0.7447777777777778, 0.7428888888888889, 0.7436666666666667, 0.7478888888888889, 0.7461111111111111, 0.7422222222222222, 0.752, 0.7461111111111111, 0.7485555555555555, 0.7361111111111112, 0.7458888888888889, 0.7482222222222222, 0.7441111111111111, 0.7448888888888889, 0.748, 0.7531111111111111, 0.7475555555555555, 0.7514444444444445, 0.7422222222222222, 0.7495555555555555, 0.7536666666666667, 0.7467777777777778, 0.752, 0.7474444444444445, 0.7451111111111111, 0.7468888888888889, 0.7507777777777778, 0.7426666666666667, 0.7545555555555555, 0.7494444444444445, 0.7474444444444445, 0.7534444444444445, 0.7576666666666667], "val_acc": [0.508, 0.508, 0.508, 0.53, 0.568, 0.618, 0.648, 0.626, 0.642, 0.626, 0.63, 0.67, 0.662, 0.652, 0.65, 0.658, 0.64, 0.674, 0.672, 0.662, 0.642, 0.666, 0.66, 0.67, 0.668, 0.672, 0.68, 0.654, 0.676, 0.66, 0.684, 0.676, 0.662, 0.652, 0.666, 0.674, 0.658, 0.664, 0.656, 0.67, 0.672, 0.676, 0.684, 0.656, 0.666, 0.686, 0.676, 0.662, 0.658, 0.67], "val_same_acc": [0.496, 0.496, 0.496, 0.52, 0.586, 0.634, 0.644, 0.656, 0.676, 0.676, 0.676, 0.686, 0.708, 0.704, 0.696, 0.678, 0.678, 0.692, 0.694, 0.694, 0.696, 0.708, 0.684, 0.676, 0.702, 0.698, 0.674, 0.684, 0.69, 0.682, 0.688, 0.69, 0.694, 0.698, 0.704, 0.684, 0.696, 0.668, 0.674, 0.686, 0.686, 0.69, 0.706, 0.706, 0.674, 0.696, 0.68, 0.686, 0.698, 0.686], "test_acc": [0.496, 0.496, 0.496, 0.5245, 0.58925, 0.61425, 0.64475, 0.6535, 0.64875, 0.66725, 0.667, 0.6725, 0.6745, 0.681, 0.66925, 0.69225, 0.682, 0.6765, 0.67075, 0.6875, 0.68725, 0.68025, 0.6795, 0.68125, 0.6895, 0.683, 0.68675, 0.6885, 0.684, 0.68025, 0.6875, 0.69375, 0.68775, 0.69025, 0.6895, 0.69, 0.683, 0.68575, 0.68875, 0.68425, 0.68825, 0.68525, 0.692, 0.68075, 0.68925, 0.69325, 0.696, 0.6795, 0.68075, 0.69075], "test_same_acc": [0.49675, 0.49675, 0.49675, 0.528, 0.59775, 0.63025, 0.64725, 0.66075, 0.6585, 0.66875, 0.675, 0.66975, 0.6895, 0.68375, 0.67925, 0.698, 0.6825, 0.691, 0.68725, 0.6925, 0.693, 0.69825, 0.6915, 0.688, 0.702, 0.697, 0.6965, 0.693, 0.7025, 0.69425, 0.70175, 0.70325, 0.69325, 0.6935, 0.6935, 0.6985, 0.695, 0.69675, 0.6925, 0.6925, 0.70175, 0.70225, 0.69475, 0.6915, 0.704, 0.70425, 0.69675, 0.69625, 0.69825, 0.69725], "test_acc_ci": [0.010956445129323426, 0.010956445129323426, 0.010956445129323426, 0.010941622922926013, 0.01076345537223061, 0.010624188486068007, 0.010479220238166578, 0.010401667887741608, 0.010426743133494513, 0.010319730384074962, 0.010296041559745181, 0.010295044232390405, 0.010205089671335574, 0.010201874355816924, 0.01026984213060259, 0.010087962021482584, 0.010202946975629148, 0.010190019489063796, 0.010230538196986511, 0.010134830042975558, 0.010133704307748228, 0.010141566293600805, 0.0101747824522198, 0.01018242187408649, 0.010082145921751974, 0.01013483004297556, 0.010120127888118557, 0.010128062642356632, 0.010105278862431259, 0.010159377810058056, 0.010092599106368734, 0.01005629352942723, 0.010130321907521002, 0.010117852998382365, 0.010121264029260377, 0.010096067719042893, 0.01014380479898938, 0.010123533705554596, 0.010129192708299855, 0.010149385965262872, 0.010089122608036833, 0.010100680283401706, 0.010104130527753242, 0.010169300074089416, 0.010073966459239131, 0.010053922104706202, 0.010076307849201263, 0.01015383538850591, 0.0101393243339978, 0.010098375750584842], "best_epoch": 43, "best_val_acc": 0.684, "best_val_same_acc": 0.706, "best_test_acc": 0.692, "best_test_same_acc": 0.69475, "best_test_acc_ci": 0.010104130527753242, "has_same": true}