{"train_acc": [0.6413333333333333, 0.633, 0.6513333333333333, 0.6906666666666667, 0.6986666666666667, 0.7053333333333334, 0.739, 0.7488888888888889, 0.768, 0.7817777777777778, 0.8061111111111111, 0.7926666666666666, 0.8068888888888889, 0.8151111111111111, 0.8491111111111111, 0.8414444444444444, 0.8434444444444444, 0.8368888888888889, 0.8485555555555555, 0.886], "val_acc": [0.606, 0.608, 0.6, 0.618, 0.58, 0.592, 0.606, 0.616, 0.584, 0.556, 0.602, 0.632, 0.608, 0.61, 0.596, 0.614, 0.636, 0.614, 0.632, 0.598], "val_same_acc": [0.646, 0.586, 0.61, 0.618, 0.63, 0.67, 0.65, 0.646, 0.606, 0.61, 0.638, 0.646, 0.67, 0.634, 0.61, 0.622, 0.638, 0.592, 0.626, 0.572], "test_acc": [0.61475, 0.6085, 0.6055, 0.62475, 0.6085, 0.6155, 0.61525, 0.624, 0.61, 0.6115, 0.61575, 0.63525, 0.6235, 0.62025, 0.60625, 0.6345, 0.63925, 0.63575, 0.63525, 0.6025], "test_same_acc": [0.61325, 0.61375, 0.6085, 0.62925, 0.6085, 0.61825, 0.609, 0.6145, 0.60475, 0.60075, 0.61525, 0.62475, 0.63725, 0.62925, 0.60225, 0.63575, 0.64275, 0.63875, 0.6415, 0.6015], "test_acc_ci": [0.010668145143369582, 0.010682702033983488, 0.010702905689577945, 0.010597398463774022, 0.010695651712261391, 0.010653195790319212, 0.010677683180206978, 0.010640549134678153, 0.01070110212183189, 0.010707088306205145, 0.010660394549452659, 0.010579915878682589, 0.010577699795885446, 0.010610224195911224, 0.010715930029050209, 0.010549035062358783, 0.010512047555067468, 0.010535853192195683, 0.010528784496411491, 0.01072632272496031], "train_aux_metric": [3.954918521033393, 3.9233913870917427, 3.916868931664361, 3.9299985802968345, 3.891107968648275, 3.916509618971083, 3.8824146779378257, 3.9050211118062337, 3.8875118649800617, 3.8501548434363473, 3.8882153102027046, 3.8525547057257756, 3.8568697083791097, 3.861578932762146, 3.821169581307305, 3.858080682542589, 3.8429215193854436, 3.878353886498345, 3.821718462732103, 3.8427665706210665], "val_aux_metric": [4.074986005783081, 3.941802112579346, 3.953299409866333, 3.9176890087127685, 3.956830825805664, 3.8836519603729247, 3.975404317855835, 3.8836374969482423, 3.995860074996948, 4.115146347045899, 3.9983991756439208, 4.016158948898315, 3.9475739402770995, 3.875678815841675, 4.009909515380859, 4.003323070526123, 3.883937261581421, 3.888632228851318, 3.9319414558410646, 3.8438142738342287], "test_aux_metric": [4.039293922424316, 4.065086574554443, 3.99500968170166, 4.054569324493408, 4.022215633392334, 4.006273080825806, 3.994586027145386, 4.004061590194702, 4.012415740966797, 3.986822271347046, 4.0460544719696045, 4.032484777450562, 4.0253616733551025, 4.023212615966797, 4.022658210754394, 4.006184898376465, 4.0399422969818115, 4.017680452346802, 4.00621650314331, 4.015361640930176], "val_same_aux_metric": [4.026993015289307, 4.010652896881104, 3.983901979446411, 4.012954376220703, 3.9794637908935546, 3.9807651691436767, 3.988978136062622, 3.9922722034454345, 3.971037488937378, 3.9702668895721436, 4.0664507732391355, 3.9739340534210204, 4.013286603927613, 4.01162560081482, 3.942535461425781, 4.037102573394775, 3.9858809356689453, 4.016968933105469, 3.9614454040527343, 3.8957006092071533], "test_same_aux_metric": [4.067788457870483, 4.059176963806152, 4.067079006195068, 4.051473276138306, 4.081678783416748, 4.054292688369751, 4.034838460922241, 4.031267984390259, 4.046537424087524, 4.077460275650024, 4.022996549606323, 4.05715281867981, 4.029241666793824, 4.00140683555603, 4.041682872772217, 4.061885643005371, 4.03738122177124, 4.024756820678711, 4.0023035736083985, 4.0514391384124755], "best_epoch": 12, "best_val_acc": 0.632, "best_val_same_acc": 0.646, "best_test_acc": 0.63525, "best_test_same_acc": 0.62475, "best_test_acc_ci": 0.010579915878682589, "has_same": true}