{"train_acc": [0.5053333333333333, 0.5231111111111111, 0.6572222222222223, 0.6895555555555556, 0.711, 0.7162222222222222, 0.7042222222222222, 0.7217777777777777, 0.7008888888888889, 0.733, 0.7368888888888889, 0.7315555555555555, 0.7334444444444445, 0.7398888888888889, 0.7343333333333333, 0.7365555555555555, 0.7411111111111112, 0.7511111111111111, 0.7424444444444445, 0.7241111111111111, 0.7446666666666667, 0.7441111111111111, 0.7435555555555555, 0.7498888888888889, 0.7366666666666667, 0.7505555555555555, 0.7391111111111112, 0.7605555555555555, 0.7522222222222222, 0.7482222222222222, 0.7582222222222222, 0.7527777777777778, 0.7464444444444445, 0.7502222222222222, 0.7341111111111112, 0.7438888888888889, 0.7424444444444445, 0.7612222222222222, 0.7503333333333333, 0.738, 0.7595555555555555, 0.7498888888888889, 0.7425555555555555, 0.7564444444444445, 0.7438888888888889, 0.7557777777777778, 0.7572222222222222, 0.7535555555555555, 0.7497777777777778, 0.7651111111111111], "val_acc": [0.514, 0.524, 0.582, 0.616, 0.62, 0.646, 0.616, 0.668, 0.644, 0.654, 0.664, 0.652, 0.656, 0.646, 0.654, 0.676, 0.654, 0.648, 0.648, 0.658, 0.66, 0.66, 0.68, 0.65, 0.668, 0.674, 0.676, 0.648, 0.65, 0.644, 0.66, 0.66, 0.654, 0.646, 0.67, 0.662, 0.632, 0.654, 0.678, 0.674, 0.662, 0.666, 0.656, 0.682, 0.674, 0.664, 0.694, 0.652, 0.674, 0.69], "val_same_acc": [0.494, 0.502, 0.632, 0.68, 0.694, 0.684, 0.684, 0.684, 0.686, 0.696, 0.69, 0.716, 0.706, 0.704, 0.718, 0.69, 0.68, 0.708, 0.716, 0.678, 0.692, 0.712, 0.702, 0.7, 0.676, 0.72, 0.726, 0.716, 0.714, 0.692, 0.718, 0.716, 0.684, 0.712, 0.674, 0.692, 0.686, 0.71, 0.718, 0.674, 0.716, 0.708, 0.682, 0.696, 0.718, 0.698, 0.724, 0.706, 0.716, 0.712], "test_acc": [0.49425, 0.51025, 0.637, 0.648, 0.662, 0.672, 0.6585, 0.67075, 0.65525, 0.6725, 0.6785, 0.67525, 0.667, 0.68375, 0.67075, 0.676, 0.67075, 0.6785, 0.683, 0.65125, 0.67425, 0.6775, 0.67625, 0.6795, 0.6575, 0.686, 0.685, 0.68125, 0.68475, 0.68425, 0.68775, 0.68575, 0.67275, 0.68475, 0.67575, 0.68675, 0.66975, 0.68175, 0.68125, 0.67, 0.6855, 0.68875, 0.669, 0.68425, 0.683, 0.69125, 0.6875, 0.67875, 0.68825, 0.6905], "test_same_acc": [0.4995, 0.51975, 0.63975, 0.661, 0.667, 0.674, 0.66875, 0.67675, 0.65625, 0.6855, 0.6795, 0.68925, 0.682, 0.6925, 0.682, 0.6785, 0.678, 0.686, 0.68575, 0.6615, 0.68925, 0.685, 0.6825, 0.688, 0.67525, 0.688, 0.69775, 0.69375, 0.69675, 0.69525, 0.6945, 0.69525, 0.677, 0.686, 0.67825, 0.696, 0.6735, 0.69325, 0.69575, 0.68, 0.69675, 0.695, 0.6795, 0.7, 0.6945, 0.687, 0.6995, 0.68675, 0.6965, 0.69875], "test_acc_ci": [0.010956519088965938, 0.010951801449989858, 0.010528784496411491, 0.01042053290144031, 0.01034677089482511, 0.010279985126448383, 0.010353431212495448, 0.01027390929429981, 0.010411593460537154, 0.010230538196986511, 0.010230538196986513, 0.010202946975629148, 0.010267803560158325, 0.010151612398869206, 0.010252408052349215, 0.01024515917336085, 0.010268823261302872, 0.010202946975629148, 0.010184596883130672, 0.010407093824496585, 0.010207228976931005, 0.010211497426308247, 0.01022738370365926, 0.010190019489063796, 0.010332364510211347, 0.010161588763574326, 0.010122399301641629, 0.010157163420463413, 0.010128062642356632, 0.010137078917888525, 0.010124667241291192, 0.010130321907521002, 0.010264739463175623, 0.010175876361369324, 0.010247234465942506, 0.010122399301641629, 0.010291046665518283, 0.010157163420463413, 0.010148271456262882, 0.01026371643217017, 0.010124667241291192, 0.010117852998382365, 0.01026984213060259, 0.010115574630087753, 0.01014603985244982, 0.010142685977928875, 0.010102981319887709, 0.010198651405332961, 0.01011329278088373, 0.010092599106368734], "train_aux_metric": [-4.15206880929735, -4.087060740788778, -3.5433035513559976, -3.375342093785604, -3.2904447441101072, -3.2284644281599255, -3.208420190387302, -3.142653035481771, -3.2986870517730713, -3.141931734297011, -3.084095116297404, -3.0710756409962974, -3.0785910879770917, -3.055601779513889, -3.0561848294999865, -3.040500626458062, -3.0615064120822484, -3.027854426489936, -3.0176279934777153, -3.058032563739353, -2.9819400929345026, -3.001862680223253, -2.9693143138885496, -2.940537689420912, -2.98266487121582, -2.9283770650227865, -2.937396169450548, -2.891184621387058, -2.888348861482408, -2.8838190519544815, -2.8620817570156523, -2.846895222981771, -2.9126644920772975, -2.8266135071648493, -2.846836690266927, -2.824426841523912, -2.834871660868327, -2.780326216167874, -2.767832618289524, -2.8290690144432915, -2.729726819780138, -2.706490190929837, -2.771032145606147, -2.6752006486256916, -2.7147005316416424, -2.712481594933404, -2.634365975909763, -2.6782508782280816, -2.630052172978719, -2.5812767164442274], "val_aux_metric": [-4.144838768005371, -4.128145938873291, -3.589925693511963, -3.4104779739379882, -3.325660461425781, -3.2611174812316897, -3.2438917713165285, -3.1824283599853516, -3.347478271484375, -3.1850386123657226, -3.1370493507385255, -3.134538766860962, -3.1245835342407227, -3.1209539585113526, -3.12285724067688, -3.101991039276123, -3.134160270690918, -3.120380832672119, -3.1046775550842285, -3.1599777908325195, -3.095392274856567, -3.109002220153809, -3.0666635475158692, -3.076220169067383, -3.123150863647461, -3.0737057819366456, -3.066728273391724, -3.032761852264404, -3.0478148574829103, -3.0513435287475588, -3.0445744667053223, -3.03699045753479, -3.1124486770629884, -3.042816032409668, -3.0566530685424804, -3.0472940731048586, -3.058847816467285, -3.040902997970581, -3.013281433105469, -3.100803745269775, -3.0167707614898682, -2.9843293838500977, -3.056017463684082, -3.011893241882324, -3.058023061752319, -3.0276144180297853, -2.981337047576904, -3.0167213191986084, -2.987428977966309, -2.969062454223633], "test_aux_metric": [-4.1490701522827145, -4.105758396148682, -3.6072228374481203, -3.429169765472412, -3.3569562759399414, -3.2928824272155763, -3.27789075088501, -3.219095252990723, -3.352454788208008, -3.232527099609375, -3.166926326751709, -3.164103187561035, -3.174683919906616, -3.155848928451538, -3.1671036148071288, -3.150169588088989, -3.1754529037475585, -3.1527496452331545, -3.1249130764007567, -3.1840978889465332, -3.1146725025177, -3.146875564575195, -3.1161148986816407, -3.1015282936096193, -3.149960132598877, -3.1095139350891112, -3.094286109924316, -3.0728807220458982, -3.0785638351440427, -3.0854331436157225, -3.069741855621338, -3.0645660037994387, -3.1401920642852783, -3.058947292327881, -3.0971580505371095, -3.081650173187256, -3.116868267059326, -3.066452091217041, -3.039488073348999, -3.1235653800964354, -3.0467542476654055, -3.022126049041748, -3.103412359237671, -3.037373435974121, -3.071136745452881, -3.0565883598327637, -3.0060662441253663, -3.058951539993286, -3.033514633178711, -2.9908444957733153], "val_same_aux_metric": [-4.144857120513916, -4.081909126281738, -3.533360605239868, -3.3622733612060545, -3.288115056991577, -3.234311740875244, -3.2137173080444335, -3.16746337890625, -3.295465711593628, -3.1701485767364503, -3.101503131866455, -3.1188963794708253, -3.1124014110565184, -3.0891074028015137, -3.1062748775482176, -3.0915371475219726, -3.116635419845581, -3.0863958492279053, -3.0781221942901613, -3.150115713119507, -3.0823468437194825, -3.1093526306152346, -3.0859534168243408, -3.0785995559692383, -3.1216444282531737, -3.092974182128906, -3.0708153076171874, -3.056747714996338, -3.052129852294922, -3.046241352081299, -3.0381060333251955, -3.038964515686035, -3.128442003250122, -3.0351559925079346, -3.087498523712158, -3.0332157516479494, -3.105059757232666, -3.041281042098999, -3.0278224182128906, -3.0973971004486085, -3.026554147720337, -3.0129353256225584, -3.0707292976379397, -3.022978410720825, -3.0442338066101073, -3.039421642303467, -2.9934247512817382, -3.0234983863830567, -2.9898335666656495, -2.9543643035888674],