{"train_acc": [0.5001111111111111, 0.5015555555555555, 0.5244444444444445, 0.5453333333333333, 0.5971111111111111, 0.609, 0.5918888888888889, 0.6705555555555556, 0.6265555555555555], "val_acc": [0.524, 0.48, 0.524, 0.522, 0.53, 0.554, 0.584, 0.594, 0.59], "val_same_acc": [0.47, 0.468, 0.534, 0.488, 0.552, 0.578, 0.578, 0.61, 0.598], "test_acc": [0.5045, 0.498, 0.5135, 0.52725, 0.5515, 0.569, 0.55175, 0.6055, 0.578], "test_same_acc": [0.49575, 0.515, 0.5055, 0.53525, 0.54725, 0.5585, 0.5525, 0.604, 0.566], "test_acc_ci": [0.010956732747351055, 0.01095580720668267, 0.010954755220907492, 0.010935312281206238, 0.010903179578539233, 0.010867310485465114, 0.010897031205648397, 0.010713588357198534, 0.010842538595734856], "train_aux_metric": [-4.162125861061944, -4.137263964123196, -4.098071811040242, -3.9808844034406876, -3.745879826651679, -3.64422046746148, -3.681820348103841, -3.4544453943040634, -3.5704833931393094], "val_aux_metric": [-4.146192251205444, -4.116085456848144, -4.100505271911621, -3.9629671421051027, -3.7708735694885256, -3.6536125240325927, -3.6769471607208253, -3.4600404777526856, -3.5864182567596434], "test_aux_metric": [-4.161684589385986, -4.138136226654053, -4.104490427017212, -3.999076379776001, -3.7919954414367676, -3.686291177749634, -3.753267753601074, -3.5360574073791504, -3.6531466789245606], "val_same_aux_metric": [-4.141270942687989, -4.121394910812378, -4.093132465362549, -3.959996343612671, -3.7524616947174074, -3.6527559566497803, -3.6744478549957273, -3.4882155361175538, -3.58891392326355], "test_same_aux_metric": [-4.160676712036133, -4.13272679901123, -4.102739658355713, -3.9750071811676024, -3.7485177669525145, -3.6453303146362304, -3.6949021854400637, -3.4710863723754883, -3.5997015647888184], "best_epoch": 8, "best_val_acc": 0.594, "best_val_same_acc": 0.61, "best_test_acc": 0.6055, "best_test_same_acc": 0.604, "best_test_acc_ci": 0.010713588357198534, "has_same": true}