{"train_acc": [0.5402222222222223, 0.6251111111111111, 0.6931111111111111, 0.6435555555555555, 0.7041111111111111, 0.6708888888888889, 0.6932222222222222, 0.7232222222222222, 0.7186666666666667, 0.7278888888888889, 0.7276666666666667, 0.7288888888888889, 0.725, 0.7431111111111111, 0.7486666666666667, 0.7162222222222222, 0.7376666666666667, 0.7417777777777778, 0.739, 0.7328888888888889, 0.7468888888888889, 0.7421111111111112, 0.7431111111111111, 0.746, 0.7522222222222222, 0.7495555555555555, 0.7373333333333333, 0.6998888888888889, 0.7481111111111111, 0.7373333333333333, 0.7044444444444444, 0.7477777777777778, 0.7534444444444445, 0.709, 0.6736666666666666, 0.6082222222222222, 0.7477777777777778, 0.7421111111111112, 0.732, 0.7407777777777778, 0.7313333333333333, 0.7472222222222222, 0.7476666666666667, 0.7438888888888889, 0.7406666666666667, 0.7425555555555555, 0.7262222222222222, 0.723, 0.733, 0.7457777777777778], "val_acc": [0.512, 0.546, 0.532, 0.534, 0.542, 0.54, 0.536, 0.534, 0.542, 0.556, 0.544, 0.542, 0.556, 0.564, 0.562, 0.538, 0.532, 0.522, 0.53, 0.546, 0.546, 0.552, 0.558, 0.54, 0.544, 0.548, 0.538, 0.532, 0.554, 0.558, 0.534, 0.542, 0.558, 0.54, 0.524, 0.516, 0.564, 0.538, 0.54, 0.554, 0.528, 0.554, 0.558, 0.546, 0.544, 0.544, 0.542, 0.542, 0.554, 0.546], "val_same_acc": [0.51, 0.482, 0.542, 0.506, 0.51, 0.53, 0.522, 0.536, 0.518, 0.532, 0.524, 0.522, 0.53, 0.548, 0.53, 0.532, 0.536, 0.532, 0.522, 0.522, 0.53, 0.522, 0.516, 0.532, 0.542, 0.538, 0.538, 0.518, 0.528, 0.536, 0.508, 0.528, 0.524, 0.52, 0.516, 0.496, 0.522, 0.512, 0.522, 0.528, 0.526, 0.52, 0.53, 0.524, 0.522, 0.52, 0.52, 0.516, 0.514, 0.536], "test_acc": [0.515, 0.5355, 0.5455, 0.542, 0.552, 0.5545, 0.547, 0.567, 0.5605, 0.5635, 0.5655, 0.5695, 0.554, 0.556, 0.5625, 0.55, 0.5595, 0.558, 0.558, 0.5585, 0.559, 0.563, 0.5655, 0.5545, 0.5645, 0.5645, 0.564, 0.5545, 0.5635, 0.572, 0.5445, 0.553, 0.5595, 0.5465, 0.536, 0.528, 0.555, 0.5585, 0.551, 0.564, 0.5525, 0.5635, 0.564, 0.561, 0.552, 0.5615, 0.5625, 0.556, 0.557, 0.5625], "test_same_acc": [0.509, 0.532, 0.5185, 0.524, 0.5365, 0.536, 0.5305, 0.528, 0.535, 0.527, 0.53, 0.527, 0.5305, 0.5335, 0.538, 0.535, 0.5315, 0.5365, 0.53, 0.538, 0.533, 0.531, 0.521, 0.528, 0.525, 0.538, 0.5345, 0.5345, 0.5355, 0.532, 0.537, 0.525, 0.5265, 0.5275, 0.53, 0.5145, 0.532, 0.54, 0.541, 0.539, 0.5435, 0.533, 0.5325, 0.5365, 0.5205, 0.5265, 0.5295, 0.531, 0.5295, 0.5285], "test_acc_ci": [0.015490697285790594, 0.015459820321562604, 0.015463393883620766, 0.015461375242843049, 0.015434360264520199, 0.01543157545343313, 0.015448556546648624, 0.015425080145658888, 0.015424338818082283, 0.01543157545343313, 0.015424338818082283, 0.0154228443801719, 0.015439741771642427, 0.015432975700589954, 0.015416709440571294, 0.015439082793352718, 0.015430869447312423, 0.015425817546405768, 0.015435046666596121, 0.0154228443801719, 0.015429445667294725, 0.015426551020886038, 0.015437082359532842, 0.015442338533233882, 0.015432975700589954, 0.015413547592134655, 0.015419808357272148, 0.015433669942693478, 0.01541903952585893, 0.015411134883583363, 0.015443613429991052, 0.015447952343271907, 0.015437753087803936, 0.015452676544857852, 0.015461375242843049, 0.015481160143057757, 0.015436407713584144, 0.015419808357272146, 0.015429445667294725, 0.015412747292419997, 0.015423593563109734, 0.0154228443801719, 0.0154228443801719, 0.015421334228107503, 0.015454383662087593, 0.015435046666596121, 0.015429445667294725, 0.015436407713584144, 0.015437082359532842, 0.015430869447312423], "train_aux_metric": [-4.050377516004774, -3.634299191580878, -3.4326041312747533, -3.463493966208564, -3.264678380118476, -3.424502552032471, -3.339041017108493, -3.0958883101145425, -3.108870323816935, -3.0168432699839274, -3.0079200013478595, -3.001868157280816, -2.969411256790161, -2.8574649147457545, -2.831752102110121, -2.986718646367391, -2.8859443412356907, -2.714328769683838, -2.699663018544515, -2.601748874452379, -2.544342034657796, -2.5128006746504044, -2.5066763348049586, -2.4561412090725367, -2.3309494886398316, -2.3534446834988065, -2.2884271003935073, -2.6241986423068577, -2.1962898093329537, -2.248730043941074, -2.418362492243449, -2.256359547932943, -2.2133482584423487, -2.33298797639211, -2.3998807866838243, -2.5487159088982474, -2.1912704840766057, -2.210956218189663, -2.2054157993528576, -2.1551396883858573, -2.2080023177464803, -2.0578778236177233, -2.1143025615480213, -2.0639256303575304, -2.066384041150411, -2.057556374337938, -2.2397152306238812, -2.171824484931098, -2.2049058972464666, -1.987971879641215], "val_aux_metric": [-4.026841823577881, -3.620719150543213, -3.43641764831543, -3.491972047805786, -3.2791899433135985, -3.423873445510864, -3.321120323181152, -3.1354395351409914, -3.1235100116729737, -3.058953924179077, -3.052464511871338, -3.065920518875122, -3.033265718460083, -2.9231176319122314, -2.8842448291778564, -3.070560718536377, -2.941818759918213, -2.7738268451690673, -2.770313097000122, -2.711057830810547, -2.6591341094970704, -2.608182607650757, -2.572180212020874, -2.588738332748413, -2.4606066284179686, -2.4414585437774656, -2.3847294120788574, -2.775024112701416, -2.320434549331665, -2.4158347492218017, -2.507068048477173, -2.3855418281555174, -2.3551055946350097, -2.4441021232604982, -2.527390188217163, -2.613991529464722, -2.3268236351013183, -2.3318298835754394, -2.3579142093658447, -2.3230826988220215, -2.357954637527466, -2.2065258560180663, -2.259973970413208, -2.241079912185669, -2.229067982673645, -2.212949207305908, -2.3871077461242676, -2.316331647872925, -2.381818479537964, -2.2072509899139403], "test_aux_metric": [-4.037427028656006, -3.6145554313659667, -3.436275566101074, -3.500955005645752, -3.2834833545684816, -3.441178457260132, -3.369366897583008, -3.1370948638916016, -3.171425107955933, -3.0826248035430908, -3.062402677536011, -3.0805484180450438, -3.0270842380523684, -2.9245166368484496, -2.910470657348633, -3.0330082893371584, -2.970326252937317, -2.81762308883667, -2.813405918121338, -2.7317981662750244, -2.6895719022750852, -2.6508746185302736, -2.6591454916000368, -2.602152080535889, -2.472540086746216, -2.5280335044860838, -2.46211771774292, -2.860798460006714, -2.366743438720703, -2.426174814224243, -2.6019126892089846, -2.446625045776367, -2.4207132415771486, -2.5265593280792236, -2.5884384536743164, -2.7176767377853395, -2.4142688732147217, -2.437001940727234, -2.4223890171051026, -2.3888998222351074, -2.4506104049682618, -2.277277612686157, -2.345798675537109, -2.2983737106323243, -2.3051606469154358, -2.3148163442611693, -2.496513314247131, -2.4242054824829102, -2.4852005071640013, -2.249964797973633], "val_same_aux_metric": [-4.0288572597503665, -3.574853157043457, -3.4170269546508787, -3.440254720687866, -3.237207540512085, -3.411927062988281, -3.33858469581604, -3.0787364406585693, -3.1084635009765624, -3.0052100887298585, -3.0169924144744873, -3.012893409729004, -2.9727943496704103, -2.8819860363006593, -2.8493678970336913, -2.9934216537475584, -2.90755136680603, -2.7505464363098144, -2.7156116790771483, -2.6416179313659667, -2.5707105045318603, -2.545623882293701, -2.5430852184295656, -2.515217449188232, -2.375141311645508, -2.4066720676422118, -2.3818636837005616, -2.687331190109253, -2.248746644973755, -2.3146478099823, -2.4687665786743165, -2.3590128383636473, -2.2760710182189943, -2.370104265213013, -2.4797107963562013, -2.6201342926025393, -2.253080101013184, -2.2811597328186037, -2.3074515037536623, -2.2410994415283203, -2.314182283401489, -2.170620538711548, -2.206632595062256, -2.16745378780365, -2.178459690093994, -2.1713819522857665, -2.3948274688720703, -2.2891855926513673, -2.336441371917725, -2.112953391075134],