{"train_acc": [0.6718888888888889, 0.7112222222222222, 0.7334444444444445, 0.7444444444444445, 0.7767777777777778, 0.7956666666666666, 0.809, 0.8181111111111111, 0.8322222222222222, 0.843], "val_acc": [0.626, 0.636, 0.64, 0.656, 0.606, 0.616, 0.614, 0.612, 0.618, 0.616], "val_same_acc": [0.69, 0.682, 0.696, 0.718, 0.678, 0.678, 0.696, 0.682, 0.67, 0.66], "test_acc": [0.65125, 0.6755, 0.68025, 0.68425, 0.66775, 0.67575, 0.67, 0.68, 0.68075, 0.663], "test_same_acc": [0.65875, 0.6755, 0.67625, 0.67725, 0.65975, 0.664, 0.66425, 0.674, 0.671, 0.65425], "test_acc_ci": [0.01041696668901269, 0.0102596159747819, 0.0102368244777128, 0.010215752340748086, 0.010352482175183881, 0.010304980397694846, 0.01032655055412382, 0.010247234465942506, 0.010256531874706721, 0.010390729527895284], "train_aux_metric": [-2.6838806507322523, -2.6743324411180285, -2.6698753379185995, -2.6621882127126058, -2.651061800426907, -2.660311614619361, -2.6521138894822864, -2.64258675649431, -2.6556623610390555, -2.6545422032674155], "val_aux_metric": [-2.7992327270507813, -2.769605531692505, -2.7816642532348634, -2.7733202972412108, -2.781668384552002, -2.784275085449219, -2.7675089893341065, -2.788004259109497, -2.7782290859222414, -2.801206275939941], "test_aux_metric": [-2.8504275245666504, -2.8457864112854003, -2.844618268966675, -2.824543077468872, -2.8358516864776613, -2.8355319786071775, -2.838566495895386, -2.8357833118438722, -2.840146686553955, -2.8386147766113283], "val_same_aux_metric": [-2.736462682723999, -2.748247610092163, -2.7377717456817625, -2.7305280780792236, -2.7395921630859377, -2.7507701396942137, -2.7327221508026125, -2.7387024459838867, -2.7516330738067625, -2.737327419281006], "test_same_aux_metric": [-2.728794536590576, -2.7224167861938477, -2.726748659133911, -2.705388897895813, -2.708070461273193, -2.724348154067993, -2.7195322303771974, -2.7116950664520263, -2.730105257034302, -2.7145952014923096], "best_epoch": 4, "best_val_acc": 0.656, "best_val_same_acc": 0.718, "best_test_acc": 0.68425, "best_test_same_acc": 0.67725, "best_test_acc_ci": 0.010215752340748086, "has_same": true}