{"train_acc": [0.5067777777777778, 0.5066666666666667, 0.5097777777777778, 0.5036666666666667, 0.49733333333333335, 0.49566666666666664, 0.5031111111111111, 0.49533333333333335, 0.49966666666666665, 0.501, 0.5026666666666667, 0.5022222222222222, 0.5001111111111111, 0.49733333333333335, 0.4978888888888889, 0.5002222222222222, 0.49322222222222223, 0.49966666666666665, 0.5023333333333333, 0.5003333333333333, 0.49766666666666665, 0.505, 0.49566666666666664, 0.4912222222222222, 0.5071111111111111, 0.497, 0.5016666666666667, 0.49755555555555553, 0.4915555555555556, 0.5005555555555555, 0.498, 0.5004444444444445, 0.4951111111111111, 0.5052222222222222, 0.49777777777777776, 0.493, 0.49633333333333335, 0.49177777777777776, 0.5006666666666667, 0.5022222222222222, 0.49755555555555553, 0.49366666666666664, 0.5015555555555555, 0.49944444444444447, 0.49922222222222223, 0.5025555555555555, 0.5012222222222222, 0.5077777777777778, 0.503, 0.5101111111111111], "val_acc": [0.476, 0.476, 0.476, 0.476, 0.476, 0.476, 0.476, 0.476, 0.476, 0.476, 0.476, 0.476, 0.476, 0.476, 0.476, 0.476, 0.476, 0.476, 0.476, 0.476, 0.476, 0.476, 0.476, 0.476, 0.476, 0.476, 0.476, 0.476, 0.476, 0.476, 0.476, 0.476, 0.476, 0.476, 0.476, 0.476, 0.476, 0.476, 0.476, 0.476, 0.476, 0.476, 0.476, 0.476, 0.476, 0.476, 0.476, 0.476, 0.476, 0.476], "val_same_acc": [0.486, 0.486, 0.486, 0.486, 0.486, 0.486, 0.486, 0.486, 0.486, 0.486, 0.486, 0.486, 0.486, 0.486, 0.486, 0.486, 0.486, 0.486, 0.486, 0.486, 0.486, 0.486, 0.486, 0.486, 0.486, 0.486, 0.486, 0.486, 0.486, 0.486, 0.486, 0.486, 0.486, 0.486, 0.486, 0.486, 0.486, 0.486, 0.486, 0.486, 0.486, 0.486, 0.486, 0.486, 0.486, 0.486, 0.486, 0.486, 0.486, 0.486], "test_acc": [0.491, 0.491, 0.491, 0.491, 0.491, 0.491, 0.491, 0.491, 0.491, 0.491, 0.491, 0.491, 0.491, 0.491, 0.491, 0.491, 0.491, 0.491, 0.491, 0.491, 0.491, 0.491, 0.491, 0.491, 0.491, 0.491, 0.491, 0.491, 0.491, 0.491, 0.491, 0.491, 0.491, 0.491, 0.491, 0.491, 0.491, 0.491, 0.491, 0.491, 0.491, 0.491, 0.491, 0.491, 0.491, 0.491, 0.491, 0.491, 0.491, 0.491], "test_same_acc": [0.474, 0.474, 0.474, 0.474, 0.474, 0.474, 0.474, 0.474, 0.474, 0.474, 0.474, 0.474, 0.474, 0.474, 0.474, 0.474, 0.474, 0.474, 0.474, 0.474, 0.474, 0.474, 0.474, 0.474, 0.474, 0.474, 0.474, 0.474, 0.474, 0.474, 0.474, 0.474, 0.474, 0.474, 0.474, 0.474, 0.474, 0.474, 0.474, 0.474, 0.474, 0.474, 0.474, 0.474, 0.474, 0.474, 0.474, 0.474, 0.474, 0.474], "test_acc_ci": [0.01548566684066269, 0.01548566684066269, 0.01548566684066269, 0.01548566684066269, 0.01548566684066269, 0.01548566684066269, 0.01548566684066269, 0.01548566684066269, 0.01548566684066269, 0.01548566684066269, 0.01548566684066269, 0.01548566684066269, 0.01548566684066269, 0.01548566684066269, 0.01548566684066269, 0.01548566684066269, 0.01548566684066269, 0.01548566684066269, 0.01548566684066269, 0.01548566684066269, 0.01548566684066269, 0.01548566684066269, 0.01548566684066269, 0.01548566684066269, 0.01548566684066269, 0.01548566684066269, 0.01548566684066269, 0.01548566684066269, 0.01548566684066269, 0.01548566684066269, 0.01548566684066269, 0.01548566684066269, 0.01548566684066269, 0.01548566684066269, 0.01548566684066269, 0.01548566684066269, 0.01548566684066269, 0.01548566684066269, 0.01548566684066269, 0.01548566684066269, 0.01548566684066269, 0.01548566684066269, 0.01548566684066269, 0.01548566684066269, 0.01548566684066269, 0.01548566684066269, 0.01548566684066269, 0.01548566684066269, 0.01548566684066269, 0.01548566684066269], "best_epoch": 1, "best_val_acc": 0.476, "best_val_same_acc": 0.486, "best_test_acc": 0.491, "best_test_same_acc": 0.474, "best_test_acc_ci": 0.01548566684066269, "has_same": true}