{"train_acc": [0.7171111111111111, 0.7271111111111112, 0.7514444444444445, 0.7654444444444445, 0.7987777777777778, 0.811, 0.8268888888888889, 0.823, 0.8425555555555555, 0.8544444444444445], "val_acc": [0.662, 0.636, 0.626, 0.656, 0.598, 0.638, 0.6, 0.636, 0.594, 0.618], "val_same_acc": [0.708, 0.692, 0.694, 0.706, 0.664, 0.684, 0.638, 0.692, 0.654, 0.648], "test_acc": [0.66, 0.6625, 0.666, 0.6795, 0.63975, 0.67275, 0.65425, 0.656, 0.64825, 0.64275], "test_same_acc": [0.67775, 0.6675, 0.67525, 0.69775, 0.649, 0.6775, 0.6595, 0.661, 0.647, 0.6505], "test_acc_ci": [0.010312870053815038, 0.010342947113854929, 0.010299028591176694, 0.010147156085419943, 0.01049002591378472, 0.01026269256807759, 0.010403479732612304, 0.01039164546883697, 0.010468282278954603, 0.010475029008163892], "train_aux_metric": [-2.066799221833547, -1.995622028986613, -1.9167039863268533, -1.854083823521932, -1.8056730937957763, -1.7407473544014824, -1.7116690493689644, -1.6612068926493326, -1.645882438553704, -1.6128889430893791], "val_aux_metric": [-2.7112506694793703, -2.7295597591400145, -2.7123584594726564, -2.691013093948364, -2.711354677200317, -2.6885735321044923, -2.7164859828948975, -2.695388553619385, -2.7253451232910155, -2.7068406562805176], "test_aux_metric": [-2.7551010665893556, -2.762954393386841, -2.749592535018921, -2.744957986831665, -2.753752082824707, -2.737396329879761, -2.751805135726929, -2.7438283252716062, -2.753181760787964, -2.742875400543213], "val_same_aux_metric": [-2.703250141143799, -2.7265648708343506, -2.7127782802581786, -2.6916701908111573, -2.7043629150390625, -2.7032054042816163, -2.7211038875579834, -2.692506010055542, -2.723511989593506, -2.69112858581543], "test_same_aux_metric": [-2.6025445461273193, -2.6211767311096192, -2.5992225036621095, -2.5958966178894043, -2.6117430686950684, -2.5887267723083496, -2.6111954116821288, -2.6003742370605467, -2.6087754402160646, -2.602073745727539], "best_epoch": 1, "best_val_acc": 0.662, "best_val_same_acc": 0.708, "best_test_acc": 0.66, "best_test_same_acc": 0.67775, "best_test_acc_ci": 0.010312870053815038, "has_same": true}