{"train_acc": [0.7398888888888889, 0.7636666666666667, 0.7784444444444445, 0.7926666666666666, 0.8223333333333334, 0.8222222222222222, 0.8427777777777777, 0.8494444444444444, 0.8622222222222222, 0.8802222222222222, 0.8972222222222223, 0.9037777777777778, 0.9082222222222223, 0.9126666666666666, 0.919, 0.932, 0.9231111111111111, 0.9432222222222222, 0.9444444444444444, 0.9483333333333334], "val_acc": [0.682, 0.676, 0.722, 0.676, 0.672, 0.672, 0.688, 0.666, 0.672, 0.68, 0.62, 0.608, 0.594, 0.648, 0.65, 0.614, 0.674, 0.606, 0.632, 0.624], "val_same_acc": [0.726, 0.714, 0.714, 0.722, 0.72, 0.7, 0.71, 0.694, 0.7, 0.628, 0.656, 0.632, 0.644, 0.688, 0.668, 0.64, 0.694, 0.642, 0.672, 0.64], "test_acc": [0.6985, 0.72375, 0.72025, 0.71975, 0.7265, 0.7265, 0.71475, 0.7, 0.70225, 0.67825, 0.66075, 0.6335, 0.63225, 0.67475, 0.6615, 0.642, 0.6885, 0.62875, 0.669, 0.63975], "test_same_acc": [0.722, 0.733, 0.72325, 0.735, 0.725, 0.71575, 0.70975, 0.6995, 0.708, 0.6815, 0.6645, 0.63425, 0.634, 0.67525, 0.6715, 0.64175, 0.69025, 0.63, 0.6645, 0.64275], "test_acc_ci": [0.00994096217614271, 0.00974705604128113, 0.0098202390697732, 0.009758276109122707, 0.009776376495793316, 0.009827004286499269, 0.009920532243156109, 0.010044400927257934, 0.009992245856006296, 0.010223165923375938, 0.01036099431144883, 0.010556685464523177, 0.010561238944691811, 0.01026371643217017, 0.010331397560349712, 0.010506392663368098, 0.010140445745719219, 0.01058359414007713, 0.010329461209932488, 0.010510435751551883], "train_aux_metric": [1.1224937420421177, 1.1198612002001869, 1.1124302418496874, 1.1087531960805257, 1.1013036229080624, 1.1063201999929215, 1.1004133830865224, 1.1012273939583037, 1.0969325730403265, 1.0938388902346292, 1.0841978638966878, 1.0960519224272833, 1.0861694888008966, 1.0848990079429415, 1.0859079353279537, 1.0775365755028194, 1.0803109289540185, 1.0820692023171319, 1.079677315817939, 1.0778730194171269], "val_aux_metric": [1.2749763188362122, 1.2680553965568542, 1.2222461776733398, 1.2618373613357543, 1.2676057238578797, 1.2738736739158631, 1.2577747168540954, 1.25352805185318, 1.2669738850593566, 1.2787494597434999, 1.288368133544922, 1.2816529006958008, 1.2570757560729982, 1.273440230846405, 1.2627122359275817, 1.274085343837738, 1.2546809010505677, 1.2579078068733216, 1.2551378054618836, 1.280519817352295], "test_aux_metric": [1.2743834838867187, 1.282800805091858, 1.2887946410179139, 1.288789957046509, 1.2911612348556518, 1.282879083633423, 1.290213510990143, 1.2818864154815675, 1.2915466628074646, 1.287024046421051, 1.2815258417129516, 1.2880685777664185, 1.290647786140442, 1.2916153993606567, 1.2873094878196716, 1.2853701615333557, 1.2916890287399292, 1.3001748666763306, 1.289263418197632, 1.2862967867851258], "val_same_aux_metric": [1.2173329124450682, 1.2386572227478028, 1.211209108352661, 1.257793164253235, 1.213830663204193, 1.2229658970832824, 1.2174267706871034, 1.236751735687256, 1.243201325893402, 1.2477715225219728, 1.2155426669120788, 1.2250633158683777, 1.238990550994873, 1.2326105308532715, 1.251790252685547, 1.2248829092979432, 1.2214411964416505, 1.2373205103874207, 1.2240262308120728, 1.2273860507011414], "test_same_aux_metric": [1.1881672897338866, 1.1906993594169617, 1.1931619958877564, 1.187225459575653, 1.1848025288581847, 1.1922942323684693, 1.1949940428733825, 1.1967489190101623, 1.1978903875350952, 1.1977730312347412, 1.1923925414085388, 1.1986239848136901, 1.192584334373474, 1.192280966281891, 1.1950486669540406, 1.1970381636619567, 1.1990718445777893, 1.2010442161560058, 1.1973480925559998, 1.2047684655189514], "best_epoch": 3, "best_val_acc": 0.722, "best_val_same_acc": 0.714, "best_test_acc": 0.72025, "best_test_same_acc": 0.72325, "best_test_acc_ci": 0.0098202390697732, "has_same": true}