{"train_acc": [0.734, 0.749, 0.765, 0.7843333333333333, 0.8136666666666666, 0.8278888888888889, 0.839, 0.8442222222222222, 0.8627777777777778, 0.8633333333333333], "val_acc": [0.666, 0.684, 0.678, 0.67, 0.692, 0.666, 0.66, 0.694, 0.666, 0.676], "val_same_acc": [0.722, 0.73, 0.724, 0.726, 0.718, 0.722, 0.69, 0.72, 0.684, 0.708], "test_acc": [0.70825, 0.70475, 0.71825, 0.7075, 0.7005, 0.705, 0.6775, 0.687, 0.67925, 0.687], "test_same_acc": [0.709, 0.70775, 0.71975, 0.71025, 0.70175, 0.70125, 0.673, 0.684, 0.6765, 0.69], "test_acc_ci": [0.009957388594499815, 0.00998111928530563, 0.0098498288208476, 0.009954871508305619, 0.010031216389196029, 0.010011846010944982, 0.010261667870648512, 0.010174782452219798, 0.01023995627905095, 0.010148271456262882], "train_aux_metric": [-1.4716350195407868, -1.4164193748500613, -1.3746186992592282, -1.3393966347641415, -1.3196926976972156, -1.288185636334949, -1.2739721352126863, -1.2360204616785049, -1.224761475145817, -1.215204717212253], "val_aux_metric": [-1.88195024394989, -1.8873685283660888, -1.8662261991500855, -1.8544647293090821, -1.869235502243042, -1.8779125137329102, -1.867307647705078, -1.865422064781189, -1.8603789081573487, -1.8785118942260741], "test_aux_metric": [-1.943490412712097, -1.9423193359375, -1.938958173751831, -1.9237185945510864, -1.9439580726623535, -1.935135227203369, -1.9513128232955932, -1.937359510421753, -1.9363156385421754, -1.951750883102417], "val_same_aux_metric": [-1.8277654895782471, -1.843523904800415, -1.8343404684066773, -1.8171313934326172, -1.8469518127441407, -1.854564871788025, -1.8517509231567382, -1.8158581838607788, -1.8424870920181275, -1.8566686506271362], "test_same_aux_metric": [-1.7804221982955932, -1.7764312524795531, -1.7750344867706298, -1.7665367231369018, -1.7847714128494263, -1.766122576713562, -1.7818766288757324, -1.7689364137649537, -1.7720771255493164, -1.7762518482208252], "best_epoch": 2, "best_val_acc": 0.684, "best_val_same_acc": 0.73, "best_test_acc": 0.70475, "best_test_same_acc": 0.70775, "best_test_acc_ci": 0.00998111928530563, "has_same": true}