{"train_acc": [0.7113333333333334, 0.7381111111111112, 0.7605555555555555, 0.7816666666666666, 0.8116666666666666, 0.8291111111111111, 0.8295555555555556, 0.8426666666666667, 0.8506666666666667, 0.8618888888888889], "val_acc": [0.674, 0.652, 0.642, 0.66, 0.612, 0.618, 0.618, 0.598, 0.596, 0.584], "val_same_acc": [0.692, 0.704, 0.69, 0.702, 0.702, 0.69, 0.684, 0.666, 0.676, 0.644], "test_acc": [0.68275, 0.6925, 0.6845, 0.69075, 0.6695, 0.66675, 0.67325, 0.658, 0.66875, 0.63475], "test_same_acc": [0.69175, 0.698, 0.6935, 0.70375, 0.66625, 0.6715, 0.66875, 0.645, 0.6595, 0.63725], "test_acc_ci": [0.010159377810058054, 0.010086800557535577, 0.010143804798989381, 0.01006809756048778, 0.010320707151008355, 0.010310902571883556, 0.010296041559745181, 0.010441663160148386, 0.010349630191309977, 0.010543634136292857], "train_aux_metric": [-1.950595268567403, -1.8765718545913697, -1.8090175128512913, -1.753780149406857, -1.70200331764751, -1.6555710888438755, -1.6164707360267638, -1.5843570999304453, -1.560210553487142, -1.5322631600168015], "val_aux_metric": [-2.7243802604675293, -2.72737473487854, -2.7268513622283934, -2.712282054901123, -2.7302375183105467, -2.7209392280578615, -2.7264345588684082, -2.7252664012908934, -2.7231644382476805, -2.723139377593994], "test_aux_metric": [-2.773314161300659, -2.773271188735962, -2.775801036834717, -2.7724059200286866, -2.775318342208862, -2.771019968032837, -2.771565559387207, -2.772086259841919, -2.769681215286255, -2.7720310211181642], "val_same_aux_metric": [-2.7520523433685304, -2.747899662017822, -2.7452668170928956, -2.7391163711547852, -2.753918363571167, -2.7422373085021974, -2.743291036605835, -2.7435675048828125, -2.7426242847442626, -2.738791784286499], "test_same_aux_metric": [-2.6814159603118894, -2.6720817394256593, -2.6768305225372315, -2.672218173980713, -2.6744401454925537, -2.672212068557739, -2.674987316131592, -2.6758808116912842, -2.678816349029541, -2.6803546257019044], "best_epoch": 1, "best_val_acc": 0.674, "best_val_same_acc": 0.692, "best_test_acc": 0.68275, "best_test_same_acc": 0.69175, "best_test_acc_ci": 0.010159377810058054, "has_same": true}