{"train_acc": [0.7298888888888889, 0.7605555555555555, 0.7612222222222222, 0.7915555555555556, 0.8183333333333334, 0.821, 0.8368888888888889, 0.8446666666666667, 0.859, 0.8628888888888889], "val_acc": [0.676, 0.682, 0.69, 0.696, 0.66, 0.646, 0.664, 0.646, 0.632, 0.672], "val_same_acc": [0.724, 0.754, 0.748, 0.76, 0.72, 0.726, 0.72, 0.732, 0.716, 0.7], "test_acc": [0.7105, 0.70925, 0.724, 0.716, 0.6935, 0.68975, 0.69075, 0.707, 0.6835, 0.6905], "test_same_acc": [0.70275, 0.71825, 0.71675, 0.7305, 0.7, 0.701, 0.69875, 0.69725, 0.681, 0.682], "test_acc_ci": [0.00997739413483676, 0.00990505488059001, 0.009835091228446993, 0.00980390544056296, 0.010072794442829654, 0.010085638215892685, 0.01009144115017771, 0.010021559838511915, 0.010202946975629148, 0.010168201030049513], "train_aux_metric": [-0.9887600397136477, -0.9636196838021278, -0.9647900014950169, -0.9520175875822703, -0.9452471203737789, -0.9419949497116936, -0.9332761483192444, -0.9250003070367707, -0.9297606531514062, -0.9153316903644138], "val_aux_metric": [-1.1672946825027466, -1.1649050707817077, -1.1994762773513794, -1.199342758655548, -1.1864912343025207, -1.1745545082092286, -1.1945284113883972, -1.1788483533859253, -1.1459753155708312, -1.1711671948432922], "test_aux_metric": [-1.1891412215232848, -1.171799409866333, -1.1765411772727967, -1.1820801644325256, -1.176243022441864, -1.1820721468925477, -1.1831445508003235, -1.1845208959579467, -1.1823151397705078, -1.1782430663108825], "val_same_aux_metric": [-1.134715980529785, -1.1281679644584657, -1.1390313849449158, -1.1428695030212401, -1.1486286435127258, -1.1573017954826355, -1.1537625365257262, -1.1311564264297485, -1.165713185787201, -1.120341582775116], "test_same_aux_metric": [-1.0975169472694397, -1.1012937598228454, -1.1045298228263856, -1.0871846566200256, -1.1033206214904785, -1.093426468372345, -1.0915930824279785, -1.0977301154136658, -1.08220827293396, -1.0867869901657103], "best_epoch": 4, "best_val_acc": 0.696, "best_val_same_acc": 0.76, "best_test_acc": 0.716, "best_test_same_acc": 0.7305, "best_test_acc_ci": 0.00980390544056296, "has_same": true}