{"train_acc": [0.49944444444444447, 0.6242222222222222, 0.5936666666666667, 0.6893333333333334, 0.648, 0.7034444444444444, 0.7216666666666667, 0.736, 0.7171111111111111, 0.7454444444444445, 0.74, 0.7336666666666667, 0.7267777777777777, 0.7293333333333333, 0.7301111111111112, 0.7472222222222222, 0.7462222222222222, 0.7525555555555555, 0.7332222222222222, 0.7495555555555555, 0.7516666666666667, 0.7526666666666667, 0.7564444444444445, 0.7575555555555555, 0.7652222222222222, 0.7535555555555555, 0.7518888888888889, 0.7647777777777778, 0.7632222222222222, 0.7637777777777778, 0.7597777777777778, 0.7612222222222222, 0.77, 0.7653333333333333, 0.7643333333333333, 0.761, 0.7725555555555556, 0.7726666666666666, 0.7685555555555555, 0.7737777777777778, 0.7714444444444445, 0.7631111111111111, 0.7722222222222223, 0.781, 0.7615555555555555, 0.7703333333333333, 0.7636666666666667, 0.7747777777777778, 0.7734444444444445, 0.7784444444444445], "val_acc": [0.508, 0.574, 0.558, 0.584, 0.57, 0.644, 0.664, 0.68, 0.692, 0.678, 0.642, 0.67, 0.668, 0.652, 0.63, 0.686, 0.666, 0.674, 0.648, 0.682, 0.664, 0.662, 0.688, 0.682, 0.676, 0.668, 0.692, 0.668, 0.644, 0.676, 0.674, 0.694, 0.694, 0.688, 0.686, 0.678, 0.688, 0.7, 0.684, 0.69, 0.688, 0.692, 0.67, 0.676, 0.668, 0.698, 0.69, 0.68, 0.704, 0.684], "val_same_acc": [0.496, 0.584, 0.568, 0.634, 0.612, 0.692, 0.704, 0.706, 0.7, 0.7, 0.708, 0.672, 0.682, 0.7, 0.674, 0.7, 0.704, 0.686, 0.662, 0.694, 0.674, 0.69, 0.682, 0.7, 0.702, 0.69, 0.686, 0.69, 0.714, 0.698, 0.712, 0.696, 0.708, 0.704, 0.686, 0.698, 0.688, 0.694, 0.682, 0.692, 0.706, 0.702, 0.712, 0.688, 0.698, 0.7, 0.686, 0.682, 0.686, 0.7], "test_acc": [0.498, 0.6085, 0.5645, 0.64725, 0.60575, 0.65225, 0.67025, 0.6815, 0.66225, 0.678, 0.678, 0.67225, 0.66125, 0.668, 0.665, 0.68375, 0.67775, 0.68375, 0.66725, 0.68075, 0.67025, 0.681, 0.679, 0.6835, 0.68525, 0.682, 0.68125, 0.685, 0.688, 0.6905, 0.689, 0.68675, 0.68875, 0.68875, 0.68225, 0.69, 0.6825, 0.68575, 0.6795, 0.68325, 0.68275, 0.68975, 0.6925, 0.69075, 0.6815, 0.69075, 0.68975, 0.69225, 0.68825, 0.68725], "test_same_acc": [0.49775, 0.6015, 0.57675, 0.65225, 0.61575, 0.668, 0.6865, 0.69175, 0.66625, 0.68875, 0.68825, 0.685, 0.6725, 0.68525, 0.67525, 0.6865, 0.69325, 0.6945, 0.67325, 0.6925, 0.68525, 0.69825, 0.69575, 0.7, 0.69925, 0.69275, 0.69825, 0.69425, 0.69275, 0.7005, 0.692, 0.69525, 0.7035, 0.697, 0.6985, 0.7005, 0.69725, 0.70175, 0.697, 0.703, 0.69725, 0.6985, 0.70025, 0.702, 0.7015, 0.7, 0.7, 0.69775, 0.69375, 0.6945], "test_acc_ci": [0.010956634136306414, 0.010712413126835614, 0.010846880423507718, 0.010453778502890714, 0.010684571909416867, 0.01037967554872863, 0.010235778864936217, 0.010164898756105491, 0.010348677905293023, 0.010193262834925575, 0.010195420812643043, 0.010233685119343618, 0.010328491808917458, 0.010250341127097917, 0.01030299975720057, 0.010178061615399808, 0.0101747824522198, 0.010142685977928874, 0.010302008201680875, 0.010164898756105491, 0.01024099853468889, 0.010138202058149906, 0.01015827104491089, 0.01011899087792355, 0.010114434140746578, 0.01015827104491089, 0.010137078917888525, 0.010138202058149906, 0.010131450240309871, 0.010084474996250425, 0.010130321907521002, 0.010125799909142981, 0.010078645717400478, 0.010108718630314872, 0.010131450240309873, 0.010086800557535577, 0.01013595491292631, 0.010100680283401706, 0.0101504996127038, 0.010106426324219406, 0.010134830042975558, 0.01009722217230437, 0.010076307849201263, 0.010076307849201263, 0.010121264029260377, 0.010085638215892687, 0.010090282317501082, 0.010089122608036833, 0.010125799909142981, 0.010126931709401172], "train_aux_metric": [-4.160509820302328, -3.7248925308651395, -3.6252442014482287, -3.3256741778055825, -3.467036496480306, -3.2272668404049343, -3.1735085962083605, -3.1681251458062065, -3.225726593653361, -3.1038998974694145, -3.124128129747179, -3.125859142727322, -3.199191510306464, -3.1288183937072755, -3.093752859963311, -3.014266669591268, -3.029975470225016, -2.976900940789117, -3.074078057607015, -2.9388084581163194, -2.9719760030110676, -2.9163629173702663, -2.917490178849962, -2.9123779549068876, -2.8524449971516925, -2.849692629708184, -2.873399505191379, -2.840887374030219, -2.7993073999616835, -2.7980391106075713, -2.7828552413516574, -2.7739218601650664, -2.712955199983385, -2.7250323774549696, -2.693067370732625, -2.675356491088867, -2.630073720720079, -2.6298692102432253, -2.5689523825115628, -2.5825267539554173, -2.545786749839783, -2.4937418399386937, -2.4358235363430447, -2.4218692528406778, -2.3935677712758383, -2.3644107989205256, -2.352947118229336, -2.2894488206439547, -2.3501637660132513, -2.261809556749132], "val_aux_metric": [-4.153126731872558, -3.7450216426849363, -3.6892472286224365, -3.366919692993164, -3.5236041202545167, -3.257473482131958, -3.2224195976257324, -3.2149849758148195, -3.273481700897217, -3.168442060470581, -3.204027223587036, -3.195611074447632, -3.2686030807495117, -3.2351744918823244, -3.1963587970733642, -3.1262659397125243, -3.122373790740967, -3.096237100601196, -3.1715293083190916, -3.0707257442474365, -3.111041370391846, -3.0610927906036376, -3.0611466579437256, -3.0796270904541014, -3.036833103179932, -3.0671487617492676, -3.0619936389923095, -3.0411646881103516, -3.0300235061645506, -3.0152728633880614, -3.045115484237671, -3.0006957454681396, -2.975649383544922, -2.992888645172119, -2.9802139205932616, -2.961672855377197, -2.925298683166504, -2.927999282836914, -2.88808203125, -2.909642650604248, -2.905870729446411, -2.822457071304321, -2.794016143798828, -2.787702976226807, -2.816759906768799, -2.7244843292236327, -2.7223098506927492, -2.701856964111328, -2.708986759185791, -2.641632001876831], "test_aux_metric": [-4.156655872344971, -3.7648034133911135, -3.6805235652923582, -3.394285076141357, -3.5440325813293456, -3.304268169403076, -3.2567299919128416, -3.2617043743133545, -3.3084561614990236, -3.20931219291687, -3.239675453186035, -3.2353812828063964, -3.2996689624786377, -3.261736125946045, -3.231454381942749, -3.167904136657715, -3.1846324882507324, -3.148579933166504, -3.2284683876037596, -3.1130680503845216, -3.1417972259521485, -3.11991548538208, -3.106565010070801, -3.105480794906616, -3.0600056762695313, -3.0791560916900633, -3.0780553092956544, -3.0864229946136477, -3.049325874328613, -3.059983642578125, -3.0626000385284424, -3.031981616973877, -3.00250394821167, -3.0175138816833496, -3.007219455718994, -2.9875597896575927, -2.9525362224578857, -2.9597826957702638, -2.909223434448242, -2.9126196250915526, -2.9094227485656736, -2.8539244575500486, -2.816049076080322, -2.8199259567260744, -2.791011707305908, -2.7550848960876464, -2.7463295974731445, -2.704264175415039, -2.748229148864746, -2.667491319656372], "val_same_aux_metric": [-4.139065319061279, -3.708454584121704, -3.622639142990112, -3.3498040523529053, -3.4843833866119387, -3.2446115131378175, -3.1993704299926757, -3.193844066619873, -3.2391756744384765, -3.130503335952759, -3.1872878017425537, -3.162129638671875, -3.2538306808471678, -3.1818637619018553, -3.1602330760955812, -3.0870259475708006, -3.125091468811035, -3.079193187713623, -3.212344472885132, -3.081005039215088, -3.115343385696411, -3.097472827911377, -3.0750511016845703, -3.0705916175842285, -3.0327940139770506, -3.054560865402222, -3.06306343460083, -3.057017063140869, -3.014830841064453, -3.0005426692962645, -3.019074150085449, -3.0039091701507568, -2.9817269706726073, -2.9771288032531737, -2.9872549648284914, -2.953428337097168, -2.9525668144226076, -2.9540576782226564, -2.8963460884094236, -2.902083068847656, -2.8958627796173095, -2.852939498901367, -2.7941217975616457, -2.8021443061828615, -2.783275806427002, -2.734738809585571, -2.7667514057159424, -2.688090322494507, -2.760571165084839, -2.6604584770202635],