{"train_acc": [0.6896666666666667, 0.7323333333333333, 0.7527777777777778, 0.781, 0.804, 0.8283333333333334, 0.8443333333333334, 0.8517777777777777, 0.8622222222222222, 0.8784444444444445], "val_acc": [0.642, 0.652, 0.67, 0.638, 0.648, 0.634, 0.648, 0.636, 0.654, 0.624], "val_same_acc": [0.712, 0.72, 0.726, 0.716, 0.698, 0.726, 0.708, 0.684, 0.708, 0.68], "test_acc": [0.68375, 0.6955, 0.69925, 0.679, 0.7055, 0.69075, 0.69225, 0.67875, 0.68925, 0.672], "test_same_acc": [0.67125, 0.686, 0.69525, 0.6775, 0.69275, 0.67175, 0.68425, 0.66325, 0.6745, 0.6565], "test_acc_ci": [0.010243080530289703, 0.01012806264235663, 0.01006809756048778, 0.0102368244777128, 0.010050358319327473, 0.010211497426308247, 0.0101504996127038, 0.010296041559745181, 0.010206159747763847, 0.010348677905293023], "train_aux_metric": [-2.057707977612813, -1.9607226387659709, -1.890935164451599, -1.794476462152269, -1.759168332417806, -1.7054433569378322, -1.6682735730277167, -1.653074831644694, -1.6220523448520237, -1.5908825115627712], "val_aux_metric": [-2.440316053390503, -2.4501541500091553, -2.460809700012207, -2.4231084022521974, -2.461368427276611, -2.4318305435180663, -2.459260675430298, -2.4730314140319822, -2.4438031578063963, -2.441138162612915], "test_aux_metric": [-2.4839951152801514, -2.484725242614746, -2.4882118072509765, -2.4654774227142333, -2.4787278385162352, -2.482300910949707, -2.4761181869506834, -2.4890024585723878, -2.49200506401062, -2.483932447433472], "val_same_aux_metric": [-2.4533602294921875, -2.4442729110717774, -2.451763599395752, -2.4346327590942383, -2.435914556503296, -2.4293304023742675, -2.4335210304260255, -2.4513227367401123, -2.439593820571899, -2.4115768032073976], "test_same_aux_metric": [-2.3981228523254394, -2.3996709785461428, -2.4099220733642577, -2.3807217502593994, -2.3999303779602053, -2.38878120136261, -2.385144926071167, -2.4045241975784304, -2.4037840023040773, -2.392009599685669], "best_epoch": 3, "best_val_acc": 0.67, "best_val_same_acc": 0.726, "best_test_acc": 0.69925, "best_test_same_acc": 0.69525, "best_test_acc_ci": 0.01006809756048778, "has_same": true}