{"train_acc": [0.5608888888888889, 0.6001111111111112, 0.5534444444444444, 0.5591111111111111, 0.7072222222222222, 0.7291111111111112, 0.6844444444444444, 0.7147777777777777, 0.7098888888888889, 0.7435555555555555, 0.7344444444444445, 0.7254444444444444, 0.714, 0.7388888888888889, 0.7461111111111111, 0.735, 0.7345555555555555, 0.7466666666666667, 0.7418888888888889, 0.7413333333333333, 0.7488888888888889, 0.7413333333333333, 0.7398888888888889, 0.7511111111111111, 0.7493333333333333, 0.7421111111111112, 0.7215555555555555, 0.7476666666666667, 0.75, 0.7467777777777778, 0.75, 0.7406666666666667, 0.7507777777777778, 0.7447777777777778, 0.7533333333333333, 0.7442222222222222, 0.7533333333333333, 0.7547777777777778, 0.7494444444444445, 0.7504444444444445, 0.7545555555555555, 0.7448888888888889, 0.7544444444444445, 0.7563333333333333, 0.7464444444444445, 0.7565555555555555, 0.7525555555555555, 0.7533333333333333, 0.7492222222222222, 0.7605555555555555], "val_acc": [0.522, 0.52, 0.544, 0.544, 0.576, 0.642, 0.592, 0.632, 0.624, 0.652, 0.648, 0.64, 0.634, 0.662, 0.658, 0.656, 0.644, 0.666, 0.676, 0.656, 0.662, 0.662, 0.668, 0.676, 0.672, 0.66, 0.656, 0.664, 0.672, 0.67, 0.686, 0.658, 0.656, 0.664, 0.686, 0.67, 0.686, 0.666, 0.678, 0.678, 0.68, 0.684, 0.682, 0.67, 0.698, 0.676, 0.67, 0.664, 0.682, 0.688], "val_same_acc": [0.532, 0.53, 0.536, 0.534, 0.628, 0.664, 0.646, 0.646, 0.66, 0.688, 0.682, 0.67, 0.654, 0.69, 0.682, 0.682, 0.666, 0.684, 0.696, 0.682, 0.672, 0.68, 0.676, 0.682, 0.686, 0.682, 0.674, 0.696, 0.694, 0.69, 0.682, 0.668, 0.674, 0.678, 0.702, 0.694, 0.682, 0.702, 0.696, 0.706, 0.684, 0.69, 0.7, 0.688, 0.696, 0.686, 0.69, 0.684, 0.69, 0.706], "test_acc": [0.53675, 0.56, 0.52775, 0.5325, 0.63575, 0.665, 0.62775, 0.6515, 0.6435, 0.67475, 0.6755, 0.66925, 0.64425, 0.674, 0.6755, 0.668, 0.6685, 0.6835, 0.67825, 0.682, 0.68325, 0.682, 0.68125, 0.676, 0.6835, 0.68175, 0.65875, 0.68225, 0.68825, 0.677, 0.687, 0.68775, 0.67775, 0.68575, 0.69225, 0.684, 0.69175, 0.6845, 0.68675, 0.68375, 0.69125, 0.68775, 0.6945, 0.687, 0.694, 0.687, 0.68825, 0.69175, 0.6975, 0.6865], "test_same_acc": [0.5285, 0.57075, 0.52725, 0.5385, 0.6405, 0.67, 0.62, 0.669, 0.64475, 0.68925, 0.68, 0.68025, 0.658, 0.6845, 0.69425, 0.674, 0.673, 0.6985, 0.70125, 0.69325, 0.694, 0.693, 0.686, 0.7005, 0.69625, 0.6945, 0.6765, 0.6945, 0.704, 0.69675, 0.7005, 0.6975, 0.696, 0.69775, 0.7015, 0.6945, 0.698, 0.70225, 0.7, 0.7065, 0.70275, 0.69575, 0.70125, 0.695, 0.70225, 0.69875, 0.6985, 0.707, 0.6975, 0.698], "test_acc_ci": [0.01093338372242898, 0.010862673599159416, 0.010940148479339756, 0.0109290817523706, 0.010530360715420671, 0.010323632536563862, 0.010615145947978057, 0.010378749153318044, 0.010491676610383823, 0.010205089671335574, 0.01024099853468889, 0.010265761661343012, 0.01044427234166531, 0.010228436043085959, 0.010180243452239982, 0.010296041559745181, 0.010298033738898899, 0.010125799909142981, 0.010137078917888525, 0.010156054936434473, 0.010147156085419945, 0.010157163420463413, 0.010191101455283184, 0.0101504996127038, 0.01013595491292631, 0.010151612398869206, 0.010322658227020547, 0.010149385965262872, 0.010078645717400478, 0.010162692952504025, 0.010100680283401706, 0.010111007448413584, 0.010162692952504025, 0.01011899087792355, 0.010071621545057925, 0.010141566293600805, 0.01009028231750108, 0.010104130527753242, 0.010104130527753242, 0.010087962021482584, 0.010070447765615985, 0.01011899087792355, 0.01006220659680942, 0.010125799909142981, 0.010059844024480447, 0.010108718630314872, 0.010104130527753242, 0.010047978026542207, 0.01006574382497389, 0.010114434140746578], "best_epoch": 45, "best_val_acc": 0.698, "best_val_same_acc": 0.696, "best_test_acc": 0.694, "best_test_same_acc": 0.70225, "best_test_acc_ci": 0.010059844024480447, "has_same": true}