{"train_acc": [0.711, 0.736, 0.7523333333333333, 0.7826666666666666, 0.8053333333333333, 0.8187777777777778, 0.8273333333333334, 0.8312222222222222, 0.8558888888888889, 0.8532222222222222], "val_acc": [0.668, 0.654, 0.698, 0.672, 0.648, 0.662, 0.638, 0.632, 0.604, 0.652], "val_same_acc": [0.726, 0.712, 0.734, 0.76, 0.698, 0.716, 0.684, 0.702, 0.698, 0.696], "test_acc": [0.68725, 0.6905, 0.70925, 0.7125, 0.674, 0.7005, 0.667, 0.69825, 0.66325, 0.682], "test_same_acc": [0.683, 0.688, 0.7075, 0.70675, 0.66925, 0.689, 0.65775, 0.70275, 0.6605, 0.67975], "test_acc_ci": [0.01017806161539981, 0.010141566293600805, 0.009959902031238812, 0.009947298325267771, 0.010291046665518283, 0.01009144115017771, 0.010362876983341788, 0.010037222720952244, 0.010366632616084887, 0.01021468988011261], "train_aux_metric": [-1.163106302579244, -1.158747567600674, -1.1496369744936625, -1.1348242324193318, -1.1347780100372102, -1.1157452399200862, -1.1155604247517057, -1.102297566069497, -1.117324118230078, -1.104053300274743], "val_aux_metric": [-1.3054695773124694, -1.3186232490539551, -1.2928832235336303, -1.2857139477729798, -1.313555184364319, -1.2874495425224304, -1.2927797284126281, -1.2897925696372985, -1.3176784224510192, -1.2951574125289917], "test_aux_metric": [-1.3335334787368773, -1.3352196516990662, -1.3351241698265075, -1.3375964765548707, -1.3358309059143065, -1.3292230815887451, -1.343492739200592, -1.3369255042076111, -1.343888099193573, -1.3374175176620484], "val_same_aux_metric": [-1.2992863931655885, -1.3299923439025878, -1.3014477100372315, -1.310308648109436, -1.3309666690826416, -1.280009425163269, -1.3177528886795045, -1.3148734521865846, -1.328292839050293, -1.3098651428222656], "test_same_aux_metric": [-1.248586256980896, -1.2443493537902832, -1.2562807731628418, -1.2423353924751281, -1.2451539492607118, -1.2334993481636047, -1.2554526119232177, -1.2373498010635375, -1.2565305128097535, -1.2455293173789979], "best_epoch": 3, "best_val_acc": 0.698, "best_val_same_acc": 0.734, "best_test_acc": 0.70925, "best_test_same_acc": 0.7075, "best_test_acc_ci": 0.009959902031238812, "has_same": true}