{"train_acc": [0.7385555555555555, 0.7556666666666667, 0.7745555555555556, 0.7924444444444444, 0.8083333333333333, 0.8273333333333334, 0.8287777777777777, 0.8297777777777777, 0.8501111111111112, 0.8474444444444444], "val_acc": [0.68, 0.694, 0.662, 0.644, 0.618, 0.614, 0.626, 0.624, 0.576, 0.588], "val_same_acc": [0.718, 0.728, 0.73, 0.72, 0.696, 0.682, 0.682, 0.652, 0.636, 0.668], "test_acc": [0.69625, 0.70925, 0.70275, 0.6925, 0.6745, 0.66675, 0.67, 0.649, 0.62275, 0.648], "test_same_acc": [0.7085, 0.71225, 0.70775, 0.69775, 0.68025, 0.6735, 0.6695, 0.6555, 0.627, 0.64225], "test_acc_ci": [0.010019136757818759, 0.009935876754846548, 0.009991013186233914, 0.010087962021482584, 0.010244120270763858, 0.01030299975720057, 0.010305969483144222, 0.010436423428909923, 0.010609518073262093, 0.010485055090311876], "train_aux_metric": [-2.290239570405748, -2.1612429511811997, -2.0559151096343995, -1.9620120368533664, -1.8753101247151693, -1.8113209869596694, -1.7457468698819478, -1.6874809600512186, -1.6502895764774745, -1.612620715353224], "val_aux_metric": [-3.3883380470275877, -3.395200025558472, -3.3894505443572998, -3.3917805309295654, -3.406469123840332, -3.382335216522217, -3.405633991241455, -3.3909473724365236, -3.400415132522583, -3.3914530296325682], "test_aux_metric": [-3.4396048488616944, -3.438076198577881, -3.441154214859009, -3.434494546890259, -3.4419249897003175, -3.4421938247680663, -3.449463920593262, -3.4399869003295898, -3.4414733200073244, -3.4441234378814696], "val_same_aux_metric": [-3.548956747055054, -3.5537661056518557, -3.5558758754730224, -3.541963300704956, -3.5544464778900147, -3.5597673530578615, -3.5583123207092284, -3.549555238723755, -3.551036394119263, -3.5489916439056395], "test_same_aux_metric": [-3.370118614196777, -3.3718753414154055, -3.3740969829559324, -3.368759883880615, -3.374712350845337, -3.381667345046997, -3.3804819431304933, -3.376520000457764, -3.373088529586792, -3.370302921295166], "best_epoch": 2, "best_val_acc": 0.694, "best_val_same_acc": 0.728, "best_test_acc": 0.70925, "best_test_same_acc": 0.71225, "best_test_acc_ci": 0.009935876754846548, "has_same": true}