{"train_acc": [0.49955555555555553, 0.6305555555555555, 0.49755555555555553, 0.635, 0.5711111111111111, 0.558, 0.7278888888888889, 0.7035555555555556, 0.7311111111111112, 0.6897777777777778, 0.697, 0.693, 0.7356666666666667, 0.7152222222222222, 0.5958888888888889, 0.6854444444444444, 0.5914444444444444, 0.5304444444444445, 0.605, 0.7236666666666667, 0.7493333333333333, 0.7082222222222222, 0.5964444444444444, 0.7436666666666667, 0.7517777777777778, 0.7245555555555555, 0.749, 0.6903333333333334, 0.7343333333333333, 0.7605555555555555, 0.7223333333333334, 0.7811111111111111, 0.6051111111111112, 0.7711111111111111, 0.7781111111111111, 0.6167777777777778, 0.7678888888888888, 0.7257777777777777, 0.733, 0.6926666666666667, 0.6878888888888889, 0.7272222222222222, 0.761, 0.6604444444444444, 0.7116666666666667, 0.6564444444444445, 0.7737777777777778, 0.7124444444444444, 0.7875555555555556, 0.7923333333333333], "val_acc": [0.508, 0.52, 0.51, 0.528, 0.508, 0.51, 0.57, 0.57, 0.584, 0.572, 0.594, 0.56, 0.61, 0.592, 0.536, 0.578, 0.54, 0.522, 0.548, 0.586, 0.606, 0.574, 0.524, 0.584, 0.574, 0.59, 0.602, 0.562, 0.57, 0.598, 0.582, 0.614, 0.518, 0.602, 0.604, 0.526, 0.6, 0.582, 0.58, 0.578, 0.562, 0.574, 0.578, 0.55, 0.574, 0.532, 0.572, 0.558, 0.596, 0.584], "val_same_acc": [0.494, 0.514, 0.496, 0.558, 0.526, 0.514, 0.558, 0.584, 0.598, 0.584, 0.614, 0.59, 0.632, 0.59, 0.54, 0.588, 0.546, 0.504, 0.554, 0.612, 0.65, 0.628, 0.532, 0.632, 0.618, 0.604, 0.598, 0.606, 0.602, 0.606, 0.62, 0.612, 0.54, 0.588, 0.592, 0.516, 0.622, 0.578, 0.608, 0.556, 0.59, 0.6, 0.6, 0.552, 0.58, 0.548, 0.61, 0.57, 0.616, 0.622], "test_acc": [0.49625, 0.548, 0.49625, 0.5565, 0.52275, 0.5255, 0.60875, 0.598, 0.62025, 0.59575, 0.61975, 0.59525, 0.62725, 0.61525, 0.5335, 0.5875, 0.53075, 0.508, 0.54625, 0.63275, 0.645, 0.6175, 0.53425, 0.63225, 0.636, 0.62275, 0.64275, 0.5875, 0.621, 0.64425, 0.609, 0.64, 0.52425, 0.6325, 0.62725, 0.53275, 0.62325, 0.6035, 0.60075, 0.571, 0.586, 0.597, 0.60225, 0.5555, 0.587, 0.55125, 0.6235, 0.5775, 0.62725, 0.62825], "test_same_acc": [0.49675, 0.555, 0.4965, 0.5705, 0.535, 0.5345, 0.6175, 0.592, 0.617, 0.60075, 0.6155, 0.60125, 0.62725, 0.61325, 0.53625, 0.59775, 0.53725, 0.5105, 0.54725, 0.63075, 0.64075, 0.61025, 0.5355, 0.62975, 0.6305, 0.6315, 0.63575, 0.58875, 0.6055, 0.64075, 0.60875, 0.6475, 0.5275, 0.63825, 0.636, 0.526, 0.6255, 0.6025, 0.59625, 0.576, 0.581, 0.5985, 0.61175, 0.55925, 0.5875, 0.55025, 0.62525, 0.58075, 0.62625, 0.62975], "test_acc_ci": [0.0109564646464998, 0.010898458127184778, 0.010956445129323426, 0.01086801332121009, 0.010938447135991243, 0.010936993188257912, 0.010672616972742674, 0.010757146229367713, 0.010643903331103445, 0.010743118699311667, 0.010649231210367956, 0.010743118699311667, 0.010595958261879855, 0.010666860802855728, 0.010930047998379286, 0.010767087657387906, 0.01093137177119139, 0.010954857958344326, 0.010908734706073843, 0.010569515522837362, 0.01049988332539343, 0.010668786200729443, 0.010930047998379284, 0.010573991100809569, 0.01056048194390294, 0.010596678741326217, 0.010523243411016394, 0.010785210211065658, 0.010671980363901537, 0.01050233015811253, 0.010693821662384079, 0.010494146806077187, 0.010942051845831977, 0.010547495779656657, 0.01057026335868104, 0.010937807820668409, 0.010612338039841879, 0.010721732984923656, 0.010742019342283833, 0.010837704533248727, 0.01080286654319121, 0.01074530869670574, 0.010702905689577947, 0.010884357313221344, 0.010788625838701608, 0.010900147470906068, 0.010612338039841879, 0.01081866814108257, 0.010598835638290652, 0.01058579197792966], "best_epoch": 21, "best_val_acc": 0.606, "best_val_same_acc": 0.65, "best_test_acc": 0.645, "best_test_same_acc": 0.64075, "best_test_acc_ci": 0.01049988332539343, "has_same": true}