{"train_acc": [0.751, 0.7606666666666667, 0.7391111111111112, 0.7917777777777778, 0.8271111111111111, 0.7954444444444444, 0.8333333333333334, 0.8523333333333334, 0.8448888888888889, 0.8716666666666667, 0.8952222222222223, 0.9072222222222223, 0.9152222222222223, 0.9122222222222223, 0.9112222222222223, 0.934, 0.9153333333333333, 0.9372222222222222, 0.9396666666666667, 0.9466666666666667], "val_acc": [0.698, 0.686, 0.7, 0.702, 0.654, 0.688, 0.686, 0.666, 0.706, 0.68, 0.622, 0.614, 0.6, 0.638, 0.646, 0.62, 0.682, 0.61, 0.654, 0.628], "val_same_acc": [0.74, 0.724, 0.738, 0.74, 0.716, 0.706, 0.694, 0.7, 0.738, 0.72, 0.67, 0.674, 0.644, 0.68, 0.732, 0.646, 0.74, 0.674, 0.704, 0.672], "test_acc": [0.72725, 0.71375, 0.7, 0.72625, 0.6935, 0.711, 0.7135, 0.7025, 0.72075, 0.7125, 0.662, 0.6705, 0.62325, 0.666, 0.69875, 0.6475, 0.70875, 0.64975, 0.69375, 0.65875], "test_same_acc": [0.73, 0.7275, 0.7115, 0.744, 0.7, 0.72825, 0.71525, 0.71275, 0.73025, 0.7195, 0.6655, 0.655, 0.62325, 0.68025, 0.71825, 0.63975, 0.71875, 0.64725, 0.68375, 0.6735], "test_acc_ci": [0.00974424130560584, 0.00983239937257814, 0.009986073471965843, 0.009669681263975301, 0.010072794442829656, 0.009843144084685286, 0.009898566622086, 0.009967420472312532, 0.009779146688234102, 0.00988158837434549, 0.010352482175183881, 0.010360051760850425, 0.01061863889053112, 0.010278974562030736, 0.009958645768878416, 0.010494968645587988, 0.00990505488059001, 0.010462337671381093, 0.01014603985244982, 0.01033429596038719], "train_aux_metric": [0.9191463875108296, 0.9151954867574904, 0.8998902033170064, 0.8841425969335768, 0.8819831488132477, 0.8759172353347142, 0.867645973417494, 0.8655186561743419, 0.8600539957947201, 0.8552592995166779, 0.8544391053385205, 0.8441676894956165, 0.844202590280109, 0.8483837808635499, 0.8379673570526971, 0.8488986696799596, 0.8410732658108075, 0.8358133533000947, 0.842616712782118, 0.8348037663168377], "val_aux_metric": [1.0445246901512146, 1.0854694795608522, 1.0470787177085876, 1.0559985251426698, 1.0617151522636414, 1.0696173906326294, 1.0737645115852357, 1.0930554723739625, 1.075835611820221, 1.0711437697410584, 1.0677912716865539, 1.0531383094787599, 1.0653085098266601, 1.0857648539543152, 1.0883257651329041, 1.066938931465149, 1.075186047077179, 1.0987486758232117, 1.109906129360199, 1.0747705011367799], "test_aux_metric": [1.1047391004562377, 1.1106524267196656, 1.1133923082351684, 1.1023477449417114, 1.1029795017242432, 1.1119908843040467, 1.1094742403030395, 1.112334557056427, 1.119041160106659, 1.112441756248474, 1.1134071068763733, 1.1089540586471558, 1.115121485233307, 1.118516119003296, 1.1136898155212402, 1.1081366147994995, 1.1085897245407104, 1.1136768774986268, 1.1105980172157288, 1.1042761216163635], "val_same_aux_metric": [1.0240491838455201, 1.040723756313324, 1.0121932826042175, 1.0232831931114197, 1.011915946483612, 1.0218770895004272, 1.03601712846756, 1.0301766047477723, 1.0258692574501038, 1.0311062474250794, 1.02056574010849, 1.0164216475486756, 1.043855182170868, 1.0245623393058776, 1.0230455775260925, 1.032381515979767, 1.0507056159973145, 1.022607837677002, 1.0292439107894897, 1.0183587021827698], "test_same_aux_metric": [1.003610484600067, 1.002275327205658, 1.0124982118606567, 1.015574942111969, 1.0182506041526795, 1.0166283359527588, 1.0112075448036193, 1.0030464601516724, 1.0089974036216736, 1.0112723183631898, 1.0131621661186219, 1.009990982055664, 1.0115455846786499, 1.0135598645210266, 1.0117120928764343, 1.0136612243652343, 1.0084394631385802, 1.0083317456245422, 1.026168881893158, 1.0104689750671387], "best_epoch": 9, "best_val_acc": 0.706, "best_val_same_acc": 0.738, "best_test_acc": 0.72075, "best_test_same_acc": 0.73025, "best_test_acc_ci": 0.009779146688234102, "has_same": true}