{"train_acc": [0.5204444444444445, 0.5474444444444444, 0.561, 0.5823333333333334, 0.6112222222222222, 0.6265555555555555, 0.5015555555555555, 0.641, 0.6451111111111111, 0.662, 0.5561111111111111, 0.6322222222222222, 0.5901111111111111, 0.6388888888888888, 0.6653333333333333, 0.7033333333333334, 0.5657777777777778, 0.5033333333333333, 0.6791111111111111, 0.7053333333333334, 0.6912222222222222, 0.7228888888888889, 0.7134444444444444, 0.5058888888888889, 0.7057777777777777, 0.7004444444444444, 0.7213333333333334, 0.6331111111111111, 0.6733333333333333, 0.7371111111111112, 0.7147777777777777, 0.7172222222222222, 0.6926666666666667, 0.7446666666666667, 0.6772222222222222, 0.5227777777777778, 0.5967777777777777, 0.7386666666666667, 0.7138888888888889, 0.7246666666666667, 0.7372222222222222, 0.49833333333333335, 0.7367777777777778, 0.7252222222222222, 0.729, 0.6928888888888889, 0.7325555555555555, 0.7553333333333333, 0.7278888888888889, 0.7146666666666667], "val_acc": [0.54, 0.506, 0.526, 0.518, 0.558, 0.544, 0.51, 0.554, 0.542, 0.56, 0.524, 0.53, 0.532, 0.56, 0.56, 0.574, 0.546, 0.51, 0.572, 0.572, 0.568, 0.584, 0.596, 0.508, 0.594, 0.594, 0.612, 0.532, 0.57, 0.6, 0.584, 0.61, 0.574, 0.632, 0.59, 0.51, 0.52, 0.616, 0.628, 0.642, 0.638, 0.51, 0.626, 0.608, 0.61, 0.614, 0.648, 0.638, 0.64, 0.624], "val_same_acc": [0.486, 0.52, 0.528, 0.5, 0.538, 0.566, 0.494, 0.538, 0.55, 0.564, 0.5, 0.53, 0.53, 0.57, 0.552, 0.548, 0.52, 0.498, 0.588, 0.592, 0.596, 0.646, 0.6, 0.496, 0.62, 0.624, 0.63, 0.544, 0.606, 0.628, 0.652, 0.636, 0.592, 0.682, 0.596, 0.512, 0.546, 0.678, 0.652, 0.636, 0.652, 0.498, 0.658, 0.64, 0.672, 0.636, 0.674, 0.67, 0.644, 0.65], "test_acc": [0.5035, 0.5095, 0.51075, 0.528, 0.5505, 0.54975, 0.497, 0.54125, 0.553, 0.55725, 0.517, 0.546, 0.54, 0.55325, 0.56, 0.58325, 0.52925, 0.49875, 0.5925, 0.60375, 0.60125, 0.61725, 0.607, 0.4965, 0.615, 0.60525, 0.6295, 0.5565, 0.59525, 0.639, 0.62575, 0.632, 0.6085, 0.6615, 0.60925, 0.50225, 0.54475, 0.6425, 0.64475, 0.64275, 0.6595, 0.49725, 0.65775, 0.64825, 0.66625, 0.61625, 0.66225, 0.66625, 0.64225, 0.6305], "test_same_acc": [0.50375, 0.50175, 0.50725, 0.535, 0.5445, 0.55525, 0.4965, 0.553, 0.55175, 0.57, 0.52225, 0.55675, 0.53025, 0.54725, 0.57125, 0.598, 0.52725, 0.49925, 0.59375, 0.61025, 0.60475, 0.62775, 0.63, 0.497, 0.614, 0.60575, 0.62, 0.56175, 0.59075, 0.6395, 0.6375, 0.642, 0.6105, 0.65475, 0.60725, 0.50225, 0.53875, 0.6395, 0.63625, 0.64325, 0.656, 0.4995, 0.64725, 0.64925, 0.6685, 0.6145, 0.66425, 0.681, 0.64725, 0.636], "test_acc_ci": [0.010956445129323426, 0.010956039712043533, 0.01095495795519088, 0.010934967834886391, 0.010907178771341378, 0.01089616669980778, 0.010956501626317589, 0.010907959861810776, 0.010896455564626277, 0.010867662254223538, 0.010948290070685695, 0.010898741423755083, 0.010929663569702179, 0.010901259789010626, 0.010861949694777408, 0.010775257301887274, 0.010939230795055929, 0.010956711176260875, 0.010765016397891597, 0.010702905689577947, 0.010721732984923656, 0.010622805596922124, 0.010644571928922271, 0.010956501626317589, 0.010665573493722687, 0.010710053872413526, 0.010610224195911224, 0.010879859068337005, 0.01076553529556241, 0.010523243411016394, 0.01057026335868104, 0.010537415537028041, 0.010690756846453856, 0.010394388476330629, 0.010696868064414928, 0.010956622152264811, 0.010918469736529017, 0.010512047555067468, 0.010515261858365679, 0.010499066158473331, 0.010397124265271625, 0.010956675224349538, 0.010434670514683247, 0.010460632136133075, 0.010324606027441192, 0.010661044518332854, 0.010356273455616165, 0.010274924008082734, 0.010487544015998215, 0.01056048194390294], "best_epoch": 47, "best_val_acc": 0.648, "best_val_same_acc": 0.674, "best_test_acc": 0.66225, "best_test_same_acc": 0.66425, "best_test_acc_ci": 0.010356273455616165, "has_same": true}